TP,FP,TN,FN,precision,recall,F1,balanced_acc,Rule / Comparison,τ (threshold),n (blocks)
298,610,238,13,0.32819383259911894,0.9581993569131833,0.4889253486464315,0.6194298671358369,WRI (p_informal),0.1,1159
272,516,332,39,0.34517766497461927,0.8745980707395499,0.49499545040946313,0.633053752350907,WRI (p_informal),0.2,1159
242,443,405,69,0.3532846715328467,0.7781350482315113,0.4859437751004016,0.6278646939270764,WRI (p_informal),0.3,1159
299,591,257,12,0.3359550561797753,0.9614147909967846,0.4979184013322232,0.6322404143663168,WRI (m_informal),0.1,1159
206,368,480,105,0.3588850174216028,0.662379421221865,0.4655367231638418,0.6142085785354607,WRI (m_informal),0.2,1159
76,118,730,235,0.3917525773195876,0.24437299035369775,0.30099009900990104,0.5526110234787356,WRI (m_informal),0.3,1159
