Region,Country,City,CitySizeClass,TotalPop,DeprivedPop,PctDeprived
Asia,afghanistan,Bagram,Small,98120.04371858899,0.0,0.0
Asia,afghanistan,Chaman,Small,175884.146438385,0.0,0.0
Asia,afghanistan,Charikar,Small,182398.35578497598,17887.717446683004,9.80695103840207
Asia,afghanistan,Farah,Small,135327.62085285198,0.0,0.0
Asia,afghanistan,Guzarah,Small,164797.329927824,0.0,0.0
Asia,afghanistan,Herat,Large,1333792.33589888,151072.083842748,11.32650711633729
Asia,afghanistan,Injerak,Small,117529.575202353,0.0,0.0
Asia,afghanistan,Jalalabad,Small,483710.41592180997,2300.571645996,0.4756092840406974
Asia,afghanistan,Kabul,Very large,6003884.040119753,446600.87431055,7.4385326453047576
Asia,afghanistan,Kandahar,Medium,735208.1559675911,110129.78003748399,14.979401295207973
Asia,afghanistan,Khanabad,Small,86595.19128613599,0.0,0.0
Asia,afghanistan,Kunduz,Small,251980.48075592902,0.0,0.0
Asia,afghanistan,Lashkar Gah,Small,170033.619357708,0.0,0.0
Asia,afghanistan,Maymana,Small,117099.407992388,0.0,0.0
Asia,afghanistan,Mazar i sharif,Medium,720381.470391002,62387.875843229,8.660394306001052
Asia,afghanistan,Pul-i-Alam,Small,52538.374222971004,0.0,0.0
Asia,afghanistan,Puli Khumri,Small,198291.908582029,13357.034425590002,6.736046125686713
Asia,afghanistan,Sheberghan,Small,155221.40576137303,0.0,0.0
Asia,afghanistan,Taloqan,Small,296041.749417691,0.0,0.0
Asia,afghanistan,Zaranj,Small,38938.463229944,0.0,0.0
Africa,algeria,Adrar,Small,100289.65217801301,5021.8627247350005,5.007358800907246
Africa,algeria,Aflou,Small,186728.056779715,12126.334037302,6.494114621247069
Africa,algeria,Ain Beida,Small,167489.98198127904,0.0,0.0
Africa,algeria,Ain Defla,Small,77054.89868118001,5952.778809314,7.725373611798562
Africa,algeria,Ain Fakroun,Small,60835.867766378,5736.5324550899995,9.429523512542701
Africa,algeria,Ain Mlila,Small,99104.41769358798,0.0,0.0
Africa,algeria,Ain Oussara,Small,119894.489654192,39851.050288959996,33.23843356262757
Africa,algeria,Ain Sefra,Small,73819.964357338,2469.020862216,3.3446519294757273
Africa,algeria,Ain Temouchent,Small,93424.83420114701,949.2154365829999,1.0160204668271662
Africa,algeria,Ain Turk,Small,86902.55057429303,15148.948219000999,17.4321100116045
Africa,algeria,Algiers,Large,4098005.835226121,600692.116625658,14.658156693242308
Africa,algeria,Ali Mendjeli,Small,153561.84527565597,2116.4544187779998,1.3782423719764454
Africa,algeria,Annaba,Small,472239.196746657,29091.352282778,6.160300221411881
Africa,algeria,Arzew,Small,70926.698607264,3543.2880912090004,4.995704242247238
Africa,algeria,Ash Shalif,Small,216275.80118634598,49906.434517625996,23.075366843573025
Africa,algeria,Aïn Oulmane,Small,70867.84923664501,2471.166372056,3.487006306349405
Africa,algeria,Aïn Touta,Small,62077.12142313501,7761.952918231001,12.503725592112044
Africa,algeria,Barika,Small,123151.24940061901,32652.082538070998,26.513805338548902
Africa,algeria,Bashar,Small,203249.809653248,4360.78893463,2.145531620457443
Africa,algeria,Batna,Small,379889.85206629604,15790.882511451002,4.156700271292131
Africa,algeria,Bejaia,Small,204653.12670827797,20498.076399161,10.016009395439095
Africa,algeria,Berrouaghia,Small,54394.60813607901,0.0,0.0
Africa,algeria,Bir El Ater,Small,96959.273041335,0.0,0.0
Africa,algeria,Biskra,Small,298648.579536088,6517.450645937,2.18231429597322
Africa,algeria,Blida,Medium,647758.6330995059,114851.60353692199,17.730617187973312
Africa,algeria,Bordj Bou Arreridjj,Small,210933.94508151803,18801.455397093,8.91343277623094
Africa,algeria,Bordj Menaiel,Small,73421.824385225,10492.790215648001,14.291105272180504
Africa,algeria,Bou Saada,Small,168525.298848424,16030.952515877,9.512490187182907
Africa,algeria,Boufarik,Small,83583.33769933801,15241.34110275,18.23490365696501
Africa,algeria,Bougara,Small,115247.98631339999,13955.731257298,12.109305944268248
Africa,algeria,Bouira,Small,96486.74268339301,2718.319471595,2.817298414264811
Africa,algeria,Chelghoum Laid,Small,69996.204125824,0.0,0.0
Africa,algeria,Cheria,Small,83586.564611694,23639.544564014996,28.281512314609174
Africa,algeria,Chettia,Small,96537.228577763,40595.194054147,42.0513356890566
Africa,algeria,Constantine,Medium,567466.483476187,48699.232712112,8.581869437255603
Africa,algeria,Djelfa,Medium,603011.686845926,206963.23966440302,34.321596774837246
Africa,algeria,El Abiodh Sidi Cheikh,Small,147807.821482806,24141.461821683002,16.333006994823545
Africa,algeria,El Eulma,Small,194948.87162602,3301.231204776,1.6933830789792486
Africa,algeria,El Khroub,Small,119583.977327542,10825.136159067,9.052329919933017
Africa,algeria,El Menia,Small,67766.38712092601,5647.5910011040005,8.33391190093421
Africa,algeria,El Oued,Small,262499.47776794,10317.104101391,3.9303331911813286
Africa,algeria,Frenda,Small,58481.297626695,655.411019275,1.1207190091073218
Africa,algeria,Ghardaia,Small,126174.665282178,43466.186614688995,34.4492188804154
Africa,algeria,Guelma,Small,157340.03762139298,18190.289278562002,11.561131898502056
Africa,algeria,Guerrara,Small,67100.599861026,9245.87416353,13.779122962655174
Africa,algeria,Hassi Bahbah,Small,130853.830737478,38572.981637382,29.477915487830092
Africa,algeria,Hassi Bounif,Small,70962.251974144,19422.604129761,27.370332239227512
Africa,algeria,Jijel,Small,169517.45087800798,16439.21874835,9.69765570636168
Africa,algeria,Khemis El Khechna,Small,77899.08826631101,2190.9459249789998,2.812543732846893
Africa,algeria,Khemis Miliana,Small,103977.010588977,20528.641584348,19.743442774574554
Africa,algeria,Khenchela,Small,162113.388437231,2073.032504811,1.278754657338904
Africa,algeria,Kolea القليعة,Small,229488.73319625598,27515.381665449,11.98986167304265
Africa,algeria,Ksar Chellala,Small,67846.59616415901,9208.10707384,13.571951423414696
Africa,algeria,Ksar El Boukhari,Small,72243.570273488,6126.12439906,8.479819554693533
Africa,algeria,Laghouat,Small,228793.686571102,6018.066448105,2.630346378126466
Africa,algeria,Larbaa,Small,107222.77327304299,16514.177940889,15.401744831609248
Africa,algeria,M'Daourouch,Small,55996.31462415201,0.0,0.0
Africa,algeria,M'Sila,Small,195290.85004262102,4005.985597899,2.05129200729308
Africa,algeria,Maghnia,Small,112310.17266448098,2407.777026839,2.143863703274743
Africa,algeria,Mascara,Small,147492.70719912302,1436.059124699,0.9736475463564742
Africa,algeria,Mecheria,Small,108445.174772944,408.173552397,0.37638701145681147
Africa,algeria,Medea,Small,157996.258719002,986.672449531,0.6244910211993103
Africa,algeria,Meftah,Small,115744.237272907,4181.364086513,3.6125894342834455
Africa,algeria,Messaad,Small,149726.569921008,38780.026011825,25.900563962885396
Africa,algeria,Mila,Small,78440.88666364699,5055.913989893999,6.445508464958665
Africa,algeria,Mohammadia,Small,86427.14277243301,11497.056614328,13.302599444482762
Africa,algeria,Mostaganem,Small,233172.027722613,3081.552102471,1.3215788071015482
Africa,algeria,Oran,Large,1247369.06445124,196927.44017193,15.78742376928877
Africa,algeria,Ouargla,Small,237338.529517974,6472.541643923,2.7271348049001984
Africa,algeria,Oued Rhiou,Small,63820.005220703,21334.216831275,33.42872937333175
Africa,algeria,Ouled Djellal,Small,86395.93254204503,605.225973037,0.7005260030528215
Africa,algeria,Oum El Bouaghi,Small,95331.082707659,0.0,0.0
Africa,algeria,Ras El Oued,Small,57990.091178913004,3483.140821391,6.006441360205307
Africa,algeria,Relizane,Small,139962.556866805,6268.598330895,4.478768087139544
Africa,algeria,Saida,Small,196193.058564965,0.0,0.0
Africa,algeria,Sedrata,Small,60695.37883871899,1552.555223304,2.5579463428830085
Africa,algeria,Setif,Small,357997.26997853594,694.533170114,0.194005158239235
Africa,algeria,Sidi Aissa,Small,91372.62482881201,24993.392852898,27.353261329335233
Africa,algeria,Sidi Bel Abbes,Small,269861.32146963,19901.566013607,7.374738219328964
Africa,algeria,Sig,Small,79793.086364852,14767.649379100001,18.50742971837845
Africa,algeria,Skikda,Small,269216.92811716103,11476.850071931,4.263049189438922
Africa,algeria,Sougueur,Small,91766.34156867,0.0,0.0
Africa,algeria,Souk Ahras,Small,219773.389744744,8802.853930532001,4.005423013566876
Africa,algeria,Tadjenanet,Small,52118.222126966,3656.4537436990004,7.0156916227715085
Africa,algeria,Tebessa,Small,258156.611565005,37528.42441513,14.537076617028719
Africa,algeria,Tiaret,Small,250578.142881158,0.0,0.0
Africa,algeria,Tinduf,Small,29630.343070114002,0.0,0.0
Africa,algeria,Tissemsilt,Small,77696.803373632,6487.35324238,8.349575478907816
Africa,algeria,Tizi Ouzou,Small,116689.04846988499,849.091994447,0.7276535421112231
Africa,algeria,Tlemcen,Small,290957.327114734,17762.591950891,6.104878721231389
Africa,algeria,Touggourt,Small,165933.396380129,19018.129609259,11.461303163885864
Africa,algeria,Tulqa,Small,68577.392613073,8931.8065831,13.02441846031533
Africa,angola,Andulo,Small,55744.73383639999,11094.775064751,19.902821847373097
Africa,angola,Bailundo,Small,59390.222297353,20419.54800477,34.382002987855614
Africa,angola,Balombo,Small,44755.839847821,24077.412267027998,53.79725271360367
Africa,angola,Benguela,Small,372756.678670212,200412.931135422,53.76508124559528
Africa,angola,Cabinda,Large,1086967.583967624,691323.133607422,63.601081007767526
Africa,angola,Caconda,Small,70824.77290729,17345.751614808,24.49107974905007
Africa,angola,Cafunfo,Small,149603.814797725,87668.416330151,58.60038826462075
Africa,angola,Calilongue,Small,77781.58008260399,29130.153030657,37.45122302699533
Africa,angola,Calulo,Small,67214.758790822,50524.607775093,75.16891927311656
Africa,angola,Camacupa,Small,57191.97705670199,16651.55205346,29.115188721227646
Africa,angola,Caxito,Small,53145.42094989901,37875.527130597,71.26771498583638
Africa,angola,Cazombo,Small,181356.585263711,46056.62502666,25.395617677565426
Africa,angola,Chitembo,Small,25594.366530307998,10450.885409407,40.83275668116813
Africa,angola,Cubal,Small,106816.83648339398,50697.929975137,47.462489663807474
Africa,angola,Dundo,Small,209521.838417589,113686.99098266299,54.26021069750176
Africa,angola,Gabela,Small,150021.97977691502,107282.251264213,71.51102220070909
Africa,angola,Ganda,Small,95482.40543508499,37436.628625882004,39.2078817613511
Africa,angola,Huambo,Medium,534007.383636265,300833.091349693,56.33500595089209
Africa,angola,Kuito,Medium,709989.682092573,442305.625114942,62.29747224090947
Africa,angola,Lobito,Small,497843.622734794,338945.114610306,68.08264666490771
Africa,angola,Luanda,Megacity,10729532.902254956,7037484.142618522,65.58984633095723
Africa,angola,Luau,Small,172564.13897604,88492.778300637,51.28109398959418
Africa,angola,Lubango,Large,1048557.11967693,559606.2419566041,53.36917097363507
Africa,angola,Lucapa,Small,72729.282077211,27250.690902013,37.46866478495288
Africa,angola,Luena,Medium,703227.4211263519,331561.277957321,47.14851383728223
Africa,angola,M'banza Congo,Small,296541.432794063,158851.243851695,53.567976102014484
Africa,angola,Malanje,Medium,886331.767861251,670834.5021967,75.68661380776712
Africa,angola,Matala,Small,240268.5986186,86753.023579957,36.1066839689975
Africa,angola,Menongue,Small,209411.802520347,103665.78975963201,49.50331763156452
Africa,angola,N'dalatando,Small,104826.642261684,85621.441949296,81.67908472691026
Africa,angola,N/A,Small,19305.151191683995,3962.1876379749997,20.52399175035612
Africa,angola,Namibe,Small,318529.441478724,142442.21985479997,44.718698275906256
Africa,angola,Negage,Small,48713.566606519,5883.586963366999,12.077922790772702
Africa,angola,Panguila,Small,52474.788587071,6094.462984470001,11.61407820511274
Africa,angola,Porto Amboim,Small,32008.314293378004,13015.619988810002,40.663247272296125
Africa,angola,Saurimo,Small,412517.658527856,250665.84949258697,60.764877408432284
Africa,angola,Soyo,Small,114378.74970171698,78948.709486304,69.02393118668518
Africa,angola,Sumbe,Small,163559.452122301,114865.74065609301,70.22873894820982
Africa,angola,Uíge,Small,243142.766208355,136412.668851655,56.10393884174191
Africa,angola,Vila Nova do Seles,Small,74720.57755302198,33549.860278793,44.900429543636626
Africa,angola,Waku Kungo,Small,101475.99020369,49299.098272979994,48.582032236416964
Latin America and the Caribbean,argentina,Bahía Blanca,Small,251106.362166751,52697.34145855,20.986063835194877
Latin America and the Caribbean,argentina,Belén de Escobar,Small,72258.67520871901,4070.125624678,5.632715536122759
Latin America and the Caribbean,argentina,Buenos Aires,Megacity,13734029.29001883,984528.852180596,7.168536133064022
Latin America and the Caribbean,argentina,Campana,Small,62126.340727186005,3344.30982668,5.383078719163247
Latin America and the Caribbean,argentina,Cipolletti,Small,69428.31876444601,0.0,0.0
Latin America and the Caribbean,argentina,Comodoro Rivadavia,Small,148145.594864091,4674.291080139999,3.155200857931822
Latin America and the Caribbean,argentina,Concepción,Small,56730.34778774201,0.0,0.0
Latin America and the Caribbean,argentina,Concepción del Uruguay,Small,52306.386273088996,0.0,0.0
Latin America and the Caribbean,argentina,Concordia,Small,225800.369503411,15758.380657853,6.9788994112407545
Latin America and the Caribbean,argentina,Cordoba,Large,1428021.399177368,78278.72193671101,5.481621072471643
Latin America and the Caribbean,argentina,Corrientes,Small,389103.25685924,86679.21766058101,22.276662076857825
Latin America and the Caribbean,argentina,Eldorado,Small,63367.59956420601,0.0,0.0
Latin America and the Caribbean,argentina,Formosa,Small,174002.09363306197,18160.287396363005,10.436821199783761
Latin America and the Caribbean,argentina,General Pico,Small,49352.354637875,718.742974317,1.4563499139824372
Latin America and the Caribbean,argentina,General Roca,Small,80896.389422408,6511.147840972,8.048749625862087
Latin America and the Caribbean,argentina,General Rodríguez,Small,39809.193460545,8677.490370968,21.797704541711663
Latin America and the Caribbean,argentina,Goya,Small,74028.242739268,8051.03993037,10.875632910436973
Latin America and the Caribbean,argentina,Gualeguaychu,Small,61190.495402135,0.0,0.0
Latin America and the Caribbean,argentina,Junín,Small,81125.27043732902,0.0,0.0
Latin America and the Caribbean,argentina,La Plata,Medium,749678.544996018,57049.68781116901,7.609886689697386
Latin America and the Caribbean,argentina,La Rioja,Small,207839.44880498498,1689.95356998,0.813105298198552
Latin America and the Caribbean,argentina,Libertador Gral. San Martín,Small,48926.94657100899,1674.34898048,3.4221407584672634
Latin America and the Caribbean,argentina,Luján,Small,64487.974781737,7968.0345678369995,12.35584555850178
Latin America and the Caribbean,argentina,Mar del Plata,Medium,635167.242395018,6789.065355008001,1.0688626399259111
Latin America and the Caribbean,argentina,Mendoza,Large,1027446.128946508,26278.450812506002,2.5576475566121033
Latin America and the Caribbean,argentina,Necochea,Small,75821.60292884901,1775.496667049,2.341676512319485
Latin America and the Caribbean,argentina,Neuquén,Small,220640.189322948,10495.142531601,4.756677631489613
Latin America and the Caribbean,argentina,Oberá,Small,78621.219770856,7535.128512351,9.584090064123105
Latin America and the Caribbean,argentina,Olavarría,Small,71087.104005815,1353.237431996,1.9036328050236844
Latin America and the Caribbean,argentina,Paraná,Small,211554.521722157,14019.195616514004,6.626753000782452
Latin America and the Caribbean,argentina,Pergamino,Small,88666.95124023201,1061.15671295,1.1967894442145965
Latin America and the Caribbean,argentina,Pilar,Small,103005.438905953,20695.983037292997,20.09212645187507
Latin America and the Caribbean,argentina,Posadas,Small,377392.94657256396,58622.886414698005,15.533646547213934
Latin America and the Caribbean,argentina,Presidencia Roque Sáenz Peña,Small,90496.253887816,4273.544144662001,4.722343700502471
Latin America and the Caribbean,argentina,Puerto Madryn,Small,100458.22395852699,716.694963686,0.7134258753985928
Latin America and the Caribbean,argentina,Rafaela,Small,78866.374270853,0.0,0.0
Latin America and the Caribbean,argentina,Reconquista,Small,100683.46601868002,1255.95690425,1.2474311363267725
Latin America and the Caribbean,argentina,Resistencia,Small,416199.394534081,155476.041489841,37.35614312074874
Latin America and the Caribbean,argentina,Rosario,Large,1303938.794563945,36003.419050682,2.7611279916494884
Latin America and the Caribbean,argentina,Río Cuarto,Small,133546.498436199,0.0,0.0
Latin America and the Caribbean,argentina,Río Gallegos,Small,134824.973186975,12547.241363838999,9.30631845662488
Latin America and the Caribbean,argentina,Salta,Medium,525431.117730786,37541.480627203,7.14489099719405
Latin America and the Caribbean,argentina,San Carlos de Bariloche,Small,102861.017434542,37784.975347056,36.73400894668512
Latin America and the Caribbean,argentina,San Fernando del Valle de Catamarca,Small,177693.60515196197,832.963096364,0.46876368772621696
Latin America and the Caribbean,argentina,San Francisco,Small,56929.367070205015,0.0,0.0
Latin America and the Caribbean,argentina,San Juan,Small,445470.62181596196,0.0,0.0
Latin America and the Caribbean,argentina,San Luis,Small,189285.889490411,0.0,0.0
Latin America and the Caribbean,argentina,San Martín,Small,81636.27593964101,0.0,0.0
Latin America and the Caribbean,argentina,San Miguel de Tucumán,Medium,976608.357180053,91245.799719379,9.343131158825054
Latin America and the Caribbean,argentina,San Nicolás de los Arroyos,Small,132244.933666142,13221.412763428,9.99767053217027
Latin America and the Caribbean,argentina,San Pedro,Small,51931.771172429995,1133.503021468,2.182677378178398
Latin America and the Caribbean,argentina,San Rafael,Small,121172.95202017401,0.0,0.0
Latin America and the Caribbean,argentina,San Ramón de la Nueva Orán,Small,90448.42341703901,10572.511212415002,11.688994471100214
Latin America and the Caribbean,argentina,San Salvador de Jujuy,Small,199397.18830587802,7469.8361229209995,3.746209355501126
Latin America and the Caribbean,argentina,Santa Fe,Small,369831.208033158,3282.5528163,0.8875813465708648
Latin America and the Caribbean,argentina,Santa Rosa,Small,115680.353673085,1050.82963336,0.9083907508872816
Latin America and the Caribbean,argentina,Santiago del Estero,Small,359913.12703331903,44078.057487734004,12.246860194030509
Latin America and the Caribbean,argentina,Santo Tomé,Small,61616.128356964,0.0,0.0
Latin America and the Caribbean,argentina,Tandil,Small,106805.41503068598,4111.766887194,3.849773802210927
Latin America and the Caribbean,argentina,Tartagal,Small,47839.248766669996,1106.71827735,2.3134106531393943
Latin America and the Caribbean,argentina,Trelew,Small,115997.891703782,2124.385203005,1.8313998399470364
Latin America and the Caribbean,argentina,Tristán Suárez,Small,73767.89822975402,49293.551060264,66.822496293356
Latin America and the Caribbean,argentina,Venado Tuerto,Small,60252.100044235995,0.0,0.0
Latin America and the Caribbean,argentina,Viedma,Small,71177.19233398302,8380.373321169001,11.773958829179405
Latin America and the Caribbean,argentina,Villa Carlos Paz,Small,57946.602783275,2666.164844311,4.60107187695312
Latin America and the Caribbean,argentina,Villa María,Small,86774.150461331,0.0,0.0
Latin America and the Caribbean,argentina,Villa Mercedes,Small,91777.691697076,793.521030504,0.8646121032582924
Latin America and the Caribbean,argentina,Yacuiba,Small,107317.967346367,2892.5879747,2.6953436094854637
Latin America and the Caribbean,argentina,Zárate,Small,83341.84635297599,4361.783339863,5.2336053624125745
Asia,bangladesh,Alamdanga,Small,96517.924599109,5880.25937338,6.092401383270403
Asia,bangladesh,Alampur,Small,53648.315663971,0.0,0.0
Asia,bangladesh,Bagerhat,Small,142865.368864099,2557.676715745,1.7902706135718556
Asia,bangladesh,Baneshwar,Small,76101.608087384,0.0,0.0
Asia,bangladesh,Barisal,Small,443259.58881971,81546.025627477,18.39690052608084
Asia,bangladesh,Barkhada,Small,471493.036005598,59176.941806703995,12.550968368067558
Asia,bangladesh,Beanibazar,Small,146623.299798009,0.0,0.0
Asia,bangladesh,Benapole,Small,71945.048472002,0.0,0.0
Asia,bangladesh,Bhaluka,Small,118572.406546644,2834.42261318,2.3904571862299138
Asia,bangladesh,Bhola,Small,230861.877776234,18651.132235049998,8.078913857370535
Asia,bangladesh,Bholarhat,Small,76357.26007674,0.0,0.0
Asia,bangladesh,Bodorganj,Small,56375.942791221,2365.13674722,4.195294358054274
Asia,bangladesh,Bogra,Small,218433.58667434403,1827.86529444,0.8368059703039663
Asia,bangladesh,Bogura,Large,1271776.432157376,101889.66745651099,8.011602108687498
Asia,bangladesh,Brahmanbaria,Large,2059668.501029281,179965.20827733702,8.737581226658696
Asia,bangladesh,Burimari,Small,60694.03345039401,0.0,0.0
Asia,bangladesh,Chakaria,Small,154991.79192709798,14944.5601745,9.642162329169878
Asia,bangladesh,Chapainawabganj,Medium,582422.194105692,22931.715289993997,3.9373010716402383
Asia,bangladesh,Chattogram,Very large,5720349.9873252455,1433988.869995458,25.068201651521164
Asia,bangladesh,Chuadanga,Small,130640.561036895,25092.291582930997,19.207121726800093
Asia,bangladesh,Comilla,Very large,6140056.085092329,324009.41041888896,5.27697802639887
Asia,bangladesh,Dhaka,Megacity,30900264.22872728,9376843.464627342,30.345512242933836
Asia,bangladesh,Dinajpur,Small,408192.823120901,68609.340445694,16.808071225047698
Asia,bangladesh,Faridpur,Small,375554.514884399,26634.498839461998,7.092045970386077
Asia,bangladesh,Feni,Small,434456.11780217005,34567.907199779,7.956593493182096
Asia,bangladesh,Gafargaon,Small,223838.716991327,13825.34304746,6.1764752913570735
Asia,bangladesh,Gaibandha,Small,249219.258429631,33090.459815742,13.277649578226855
Asia,bangladesh,Gazaria,Small,56592.473610391,1923.5840610599998,3.399010395450904
Asia,bangladesh,Godagari,Small,85886.38225588099,0.0,0.0
Asia,bangladesh,Gopalganj,Small,176939.909866481,5017.51735792,2.8357182739079176
Asia,bangladesh,Habiganj,Small,222606.550866281,31361.611655145996,14.088359723961947
Asia,bangladesh,Homna,Medium,544791.368932914,1680.09587817,0.3083925285859087
Asia,bangladesh,Ishurdi,Small,118222.05391376001,0.0,0.0
Asia,bangladesh,Jaigir,Small,72932.35835749199,0.0,0.0
Asia,bangladesh,Jamalpur,Medium,736950.8495091059,221677.222551127,30.080326618632647
Asia,bangladesh,Jessore,Medium,550940.2879813199,100072.425148346,18.163933067051186
Asia,bangladesh,Jhenaidah,Small,210933.45507099497,17404.388375118,8.25112752704881
Asia,bangladesh,Joypurhat,Small,124339.294732163,0.0,0.0
Asia,bangladesh,Khagrachhari,Small,72366.69830731,0.0,0.0
Asia,bangladesh,Khulna,Large,1111422.934769247,166548.871739814,14.985192992656101
Asia,bangladesh,Kishoreganj,Medium,821332.226366923,109487.424896355,13.33046742615484
Asia,bangladesh,Kotchadpur,Small,46113.605361235,0.0,0.0
Asia,bangladesh,Lakshmipur,Medium,946334.985345757,0.0,0.0
Asia,bangladesh,Madaripur,Small,232549.196392117,27102.7727189,11.654640454314952
Asia,bangladesh,Magura,Small,173047.10659928498,50468.84356126,29.164800587003015
Asia,bangladesh,Manikgonj,Small,280654.745509251,0.0,0.0
Asia,bangladesh,Meherpur,Small,104294.466123815,600.424133165,0.5757008549736435
Asia,bangladesh,Moulvibazar,Small,339563.6610087609,18607.43129954,5.479806421058677
Asia,bangladesh,Muktagacha,Small,286496.561591881,14263.328869849,4.978534049622328
Asia,bangladesh,Mymensingh,Medium,731212.9984854469,315510.762437269,43.14895428428964
Asia,bangladesh,N/A,Small,348888.988670903,570.458098745,0.16350705160348206
Asia,bangladesh,Nabinagar,Small,158318.50222467503,647.936773294,0.40926156083417936
Asia,bangladesh,Naogaon,Small,443625.66455299396,24401.603347849,5.500494064615612
Asia,bangladesh,Netrokona,Small,229257.789897018,75287.321166418,32.839591274188265
Asia,bangladesh,Nilphamari,Small,150729.82875132302,52497.96428560001,34.82918060778279
Asia,bangladesh,Pabna,Medium,504752.7290978161,65354.597702186,12.947844347270665
Asia,bangladesh,Rajshahi,Medium,888386.443859221,42011.706855149,4.728990085963809
Asia,bangladesh,Rampur,Small,40586.917344241,0.0,0.0
Asia,bangladesh,Raujan,Small,111721.54577045,0.0,0.0
Asia,bangladesh,Saidpur,Small,259136.67565488,51590.169917597996,19.908478715805607
Asia,bangladesh,Shahbazpur Town,Small,58833.363899749995,0.0,0.0
Asia,bangladesh,Shariatpur,Small,116012.91294844,0.0,0.0
Asia,bangladesh,Shibpur,Small,67984.282179698,0.0,0.0
Asia,bangladesh,Sirajganj,Large,1864003.275392458,217306.967068493,11.658078606258881
Asia,bangladesh,Sreemangal,Small,261619.46499807,29289.81023738,11.195577606427745
Asia,bangladesh,Sunamganj District,Small,244196.46967490102,63808.002837609994,26.12978104169878
Asia,bangladesh,Sylhet,Large,1413280.962805013,249838.84367343102,17.67793172403333
Asia,bangladesh,Tangail,Medium,990822.0182642319,88891.61163563801,8.971501439921822
Asia,bangladesh,Tarail,Small,86579.22614407098,2806.18850527,3.2411799345496575
Asia,bangladesh,Thakurgaon,Small,259226.796670848,41882.36153148,16.156648181962424
Asia,bangladesh,Trishal,Small,190877.16780102902,13387.174658462001,7.0135023547797175
Asia,bangladesh,Ulipur,Small,183555.27451820302,0.0,0.0
Asia,bangladesh,কালীগঞ্জ,Small,72106.069095661,6471.74544732,8.975313074873247
Asia,bangladesh,নাটোর,Small,234237.358791455,22878.485220972,9.767223016436526
Asia,bangladesh,রামু Ramu,Small,402275.819360042,67002.15879272901,16.655775855312154
Latin America and the Caribbean,belize,Belize City,Small,73861.04662429,34496.475332636,46.704557962886305
Africa,benin,Allada,Small,54249.95177623499,15669.848145526,28.884538386613666
Africa,benin,Banikoara,Small,47089.721577716,6199.487326238001,13.165266471169259
Africa,benin,Bohicon,Small,258299.21316331398,25909.354492132,10.030752387832626
Africa,benin,Cotonou,Large,2217952.1882473826,736806.316550452,33.220117207876946
Africa,benin,Dassa-Zoumé,Small,51312.28523347701,3122.06288409,6.084435471708661
Africa,benin,Djougou,Small,129815.570860275,33747.220045496,25.996280586262877
Africa,benin,Kandi,Small,89293.66108112302,34077.24988441899,38.163123195788685
Africa,benin,Kétou,Small,90464.46979029801,11219.990518625,12.402648846153193
Africa,benin,Lokossa,Small,88004.490071986,13799.714689332002,15.680693880555523
Africa,benin,Malanville,Small,94471.687103113,50900.739879481,53.879359457108436
Africa,benin,Natitingou,Small,57510.440614855004,10782.752970686,18.74920945728384
Africa,benin,Nikki,Small,54746.003160985005,16218.520107303,29.625030451284534
Africa,benin,Ouèssè,Small,57613.010397633996,23773.89682799,41.2648057511786
Africa,benin,Parakou,Small,349648.77594998,75812.306464755,21.682417236776068
Africa,benin,Pobè,Small,102303.88877953301,41947.775827516,41.00310978198915
Africa,benin,Porto-Novo,Medium,679439.814441659,238155.839266823,35.05179328687583
Africa,benin,Savalou,Small,57977.974386033,8572.779148415999,14.78626881880371
Africa,benin,Tindji,Small,61452.027565834,8015.132621083,13.042909955243267
Africa,benin,Whydah,Small,131640.572710733,40990.40288451699,31.13812257151851
Latin America and the Caribbean,bolivia,Cobija,Small,96116.78452183999,16369.478755703001,17.03082228264042
Latin America and the Caribbean,bolivia,Cochabamba,Large,1206558.98108127,164229.521932231,13.61139608650172
Latin America and the Caribbean,bolivia,El Alto [La Paz],Large,1986589.910099077,376724.424198101,18.963371468010358
Latin America and the Caribbean,bolivia,Montero,Small,95255.14983450198,2114.0646005460003,2.219370400675464
Latin America and the Caribbean,bolivia,Oruro,Small,299952.77299470897,55689.283961371,18.56601737846022
Latin America and the Caribbean,bolivia,Potosí,Small,226840.277437028,58104.64015847,25.614780944094086
Latin America and the Caribbean,bolivia,Riberalta,Small,76790.68525425601,0.0,0.0
Latin America and the Caribbean,bolivia,Santa Cruz de la Sierra,Large,1971734.290250827,177577.415433981,9.006153431119317
Latin America and the Caribbean,bolivia,Sucre,Small,205245.583103705,49701.292109779,24.215523354120755
Latin America and the Caribbean,bolivia,Tarija,Small,198228.23904820398,27280.520777194997,13.762176826159001
Latin America and the Caribbean,bolivia,Trinidad,Small,116796.02023034498,10591.333739310001,9.068231707229222
Latin America and the Caribbean,bolivia,Villazón,Small,57317.157650397,415.0227626,0.7240811994401565
Africa,botswana,Francistown,Small,91804.932750774,7557.9567188539995,8.23262595199742
Africa,botswana,Gaborone,Small,159575.71790490698,11680.110615201002,7.319478657875325
Africa,botswana,Kanye,Small,51951.190729047,11312.153900398001,21.774580604700443
Africa,botswana,Lobatse,Small,84975.40255441,11564.286564603,13.6089812074716
Africa,botswana,Maun,Small,30497.502422430996,3116.55410197,10.219046985558286
Africa,botswana,Mmopane,Small,107702.143781495,13483.621051115,12.519361804413503
Africa,botswana,Palapye,Small,22947.112248995,0.0,0.0
Latin America and the Caribbean,brazil,Abaetetuba,Small,100208.336607707,14049.568636094002,14.02035909556596
Latin America and the Caribbean,brazil,Alagoinhas,Small,132126.73109533198,17937.375754781002,13.575887033668335
Latin America and the Caribbean,brazil,Alfenas,Small,70999.768452613,623.117215115,0.8776327426065957
Latin America and the Caribbean,brazil,Altamira,Small,102598.94064007999,2662.4680772439997,2.5950249199784756
Latin America and the Caribbean,brazil,Americana,Small,431497.062799619,7311.188321359001,1.6943773090650704
Latin America and the Caribbean,brazil,Angra dos Reis,Small,100893.052386851,23422.896841602,23.21556964278604
Latin America and the Caribbean,brazil,Anápolis,Small,365346.689573759,7565.492106129001,2.0707706740015834
Latin America and the Caribbean,brazil,Apucarana,Small,108165.674904149,0.0,0.0
Latin America and the Caribbean,brazil,Aracaju,Medium,917810.2321267859,106060.649089656,11.555836422076936
Latin America and the Caribbean,brazil,Araguari,Small,93682.373934363,0.0,0.0
Latin America and the Caribbean,brazil,Araguaína,Small,155883.18075126,6811.580572106001,4.3696699921559325
Latin America and the Caribbean,brazil,Arapiraca,Small,174023.227118719,2070.530255872,1.189801091586171
Latin America and the Caribbean,brazil,Arapongas,Small,104750.569942758,0.0,0.0
Latin America and the Caribbean,brazil,Araraquara,Small,216008.49242926697,4561.057117574,2.1115174992795893
Latin America and the Caribbean,brazil,Araras,Small,80203.035201507,900.175035429,1.1223702858219087
Latin America and the Caribbean,brazil,Araruama,Small,80398.42628967701,8244.607597671002,10.254687782028878
Latin America and the Caribbean,brazil,Araucária,Small,107645.65218562502,2019.857394269,1.8763947760620576
Latin America and the Caribbean,brazil,Araxá,Small,93929.69011759401,4628.698049356,4.927832768915946
Latin America and the Caribbean,brazil,Araçatuba,Small,184083.85358058696,593.607472397,0.3224658006939944
Latin America and the Caribbean,brazil,Arcoverde,Small,66188.861643778,5843.945617438,8.8291979531081
Latin America and the Caribbean,brazil,Ariquemes,Small,74329.97826179,0.0,0.0
Latin America and the Caribbean,brazil,Arujá,Small,58639.200805002,3195.621103724,5.449632771003607
Latin America and the Caribbean,brazil,Assis,Small,91098.36665125798,1841.3876955179999,2.0213180139301343
Latin America and the Caribbean,brazil,Atibaia,Small,89127.612616988,0.0,0.0
Latin America and the Caribbean,brazil,Avaré,Small,71536.33415101499,3285.24115992,4.592409156701787
Latin America and the Caribbean,brazil,Açailândia,Small,89347.30247919599,7240.730553165,8.10402816005661
Latin America and the Caribbean,brazil,Bacabal,Small,84099.838502808,0.0,0.0
Latin America and the Caribbean,brazil,Bagé,Small,99392.68386226601,3648.60887821,3.6709028637017997
Latin America and the Caribbean,brazil,Balneário Camboriú,Small,192567.26112697698,17443.802490928,9.058550445615845
Latin America and the Caribbean,brazil,Balsas,Small,82629.24642920101,7049.392066756,8.53135224075426
Latin America and the Caribbean,brazil,Barbacena,Small,101345.105059854,10717.505425442,10.57525710700313
Latin America and the Caribbean,brazil,Barra do Garças,Small,64964.795662155,1471.585663849,2.2652047910715845
Latin America and the Caribbean,brazil,Barreiras,Small,146997.005030111,8129.707349555,5.530525841590925
Latin America and the Caribbean,brazil,Barretos,Small,112195.685445764,470.104398011,0.41900398945220674
Latin America and the Caribbean,brazil,Batatais,Small,50707.559745613,492.060621528,0.9703890780714822
Latin America and the Caribbean,brazil,Bauru,Small,338827.062599124,7942.045318281,2.3439819881440407
Latin America and the Caribbean,brazil,Bebedouro,Small,69458.99543872601,0.0,0.0
Latin America and the Caribbean,brazil,Belo Horizonte,Large,4365553.724911086,811236.313464205,18.58266704713908
Latin America and the Caribbean,brazil,Belo Jardim,Small,52468.586561070995,2659.158318141,5.06809596451748
Latin America and the Caribbean,brazil,Belvedere,Small,59088.223323633,16706.156297356,28.27324187064224
Latin America and the Caribbean,brazil,Belém,Large,2193998.683150673,695880.868821549,31.717469758105565
Latin America and the Caribbean,brazil,Bento Gonçalves,Small,92385.87772373698,1046.84722117,1.133124723131824
Latin America and the Caribbean,brazil,Birigui,Small,115884.42150156299,0.0,0.0
Latin America and the Caribbean,brazil,Blumenau,Small,231352.22391738198,0.0,0.0
Latin America and the Caribbean,brazil,Boa Vista,Small,344280.45523360604,3702.6893727239994,1.075486370613632
Latin America and the Caribbean,brazil,Botucatu,Small,120566.01630182703,808.133250451,0.6702827838550337
Latin America and the Caribbean,brazil,Bragança,Small,82155.67962651803,5119.522479207,6.231489414341759
Latin America and the Caribbean,brazil,Bragança Paulista,Small,118784.993678017,4857.5446729489995,4.089358868104198
Latin America and the Caribbean,brazil,Brasília,Small,291202.942296171,2441.577036478,0.8384451809538273
Latin America and the Caribbean,brazil,Breves,Small,56173.534507903,8476.082955131,15.089103844691326
Latin America and the Caribbean,brazil,Cabo Frio,Small,210797.788401726,55953.326331546,26.543602167643925
Latin America and the Caribbean,brazil,Cabo de Santo Agostinho,Small,106135.45453660902,58882.079645640006,55.47823759998123
Latin America and the Caribbean,brazil,Cabrita,Small,93079.297886794,9914.325279777,10.651482665710606
Latin America and the Caribbean,brazil,Cachoeira do Sul,Small,61889.771389526,2554.22865285,4.127061056299633
Latin America and the Caribbean,brazil,Cachoeiro de Itapemirim,Small,168448.29874937498,17764.449969045003,10.545936112703492
Latin America and the Caribbean,brazil,Cacoal,Small,58332.582577153,0.0,0.0
Latin America and the Caribbean,brazil,Cafubá,Small,61963.80933832301,0.0,0.0
Latin America and the Caribbean,brazil,Caicó,Small,56017.585227332995,0.0,0.0
Latin America and the Caribbean,brazil,Caldas Novas,Small,68898.80351269401,846.771743669,1.2290079079718554
Latin America and the Caribbean,brazil,Camaçari,Small,191006.991107983,37808.371449815,19.794234352626702
Latin America and the Caribbean,brazil,Campina Grande,Small,383487.722397982,32827.71615285899,8.560304342361844
Latin America and the Caribbean,brazil,Campinas,Large,1534965.345188635,50777.336816849005,3.308044509018468
Latin America and the Caribbean,brazil,Campo Grande,Medium,854871.1217193741,30138.815653688,3.5255391003348895
Latin America and the Caribbean,brazil,Campo Largo,Small,64335.88428787599,0.0,0.0
Latin America and the Caribbean,brazil,Campo Mourão,Small,77129.28929188101,0.0,0.0
Latin America and the Caribbean,brazil,Campos dos Goytacazes,Small,319594.594892661,33555.612013587,10.499430387693815
Latin America and the Caribbean,brazil,Candeias,Small,56451.040267139,8930.487114761001,15.819880506187186
Latin America and the Caribbean,brazil,Canoas,Small,341980.16240036,21848.518430546,6.388826263251988
Latin America and the Caribbean,brazil,Caratinga,Small,63253.48055781399,17459.224811014,27.601998588925365
Latin America and the Caribbean,brazil,Carazinho,Small,51079.88929695,0.0,0.0
Latin America and the Caribbean,brazil,Carpina,Small,75347.64448608,5600.01337457,7.432234163079335
Latin America and the Caribbean,brazil,Caruaru,Small,307763.127761491,23422.294688078997,7.610494102539376
Latin America and the Caribbean,brazil,Cascavel,Small,312097.926872265,1147.174577924,0.36756879144330684
Latin America and the Caribbean,brazil,Castanhal,Small,175907.189686981,3389.461942119,1.9268467355714092
Latin America and the Caribbean,brazil,Cataguases,Small,53384.467753319004,3438.079621202,6.440224593207167
Latin America and the Caribbean,brazil,Catalão,Small,86261.10013610499,0.0,0.0
Latin America and the Caribbean,brazil,Catanduva,Small,105200.662244391,739.357184293,0.7028065874484745
Latin America and the Caribbean,brazil,Caxias,Small,125424.41181034298,0.0,0.0
Latin America and the Caribbean,brazil,Caxias do Sul,Small,403627.640190028,12117.69342524,3.0021961378896123
Latin America and the Caribbean,brazil,Caçador,Small,60684.993322122,0.0,0.0
Latin America and the Caribbean,brazil,Caçapava,Small,53449.79564959299,0.0,0.0
Latin America and the Caribbean,brazil,Ceilândia,Large,1364062.422374121,22911.212813814,1.6796308173300114
Latin America and the Caribbean,brazil,Chapecó,Small,202116.30914283404,546.346146338,0.2703127464849467
Latin America and the Caribbean,brazil,Cianorte,Small,57484.586848297,406.122436856,0.70648926803243
Latin America and the Caribbean,brazil,Coari,Small,58916.889025046,39802.849725359,67.55762292275568
Latin America and the Caribbean,brazil,Codó,Small,87251.53395855501,0.0,0.0
Latin America and the Caribbean,brazil,Colatina,Small,88269.62766388599,22038.943591665,24.96775411309666
Latin America and the Caribbean,brazil,Colina de Laranjeiras,Small,381051.459940066,49901.225357797004,13.09566570500629
Latin America and the Caribbean,brazil,Conselheiro Lafaiete,Small,116632.64966311799,12900.011145606,11.060377332476303
Latin America and the Caribbean,brazil,Coronel Fabriciano,Small,151253.11484513903,5151.253115486999,3.4057170463967807
Latin America and the Caribbean,brazil,Corumbá,Small,125396.869168908,19359.336406313003,15.438452757728921
Latin America and the Caribbean,brazil,Cosmópolis,Small,60904.865029378,563.042168661,0.924461729599781
Latin America and the Caribbean,brazil,Crato,Small,97829.126358718,3418.051445265,3.4938995905286463
Latin America and the Caribbean,brazil,Criciúma,Small,157748.008332931,2910.2252937469993,1.8448570758528362
Latin America and the Caribbean,brazil,Cruzeiro,Small,83506.614708751,785.145943401,0.9402200605776937
Latin America and the Caribbean,brazil,Cruzeiro do Sul,Small,63745.986845609994,16179.014883414,25.380444611515497
Latin America and the Caribbean,brazil,Cubatão,Small,66253.517178438,7057.948987436,10.652942346331745
Latin America and the Caribbean,brazil,Cuiabá,Medium,777276.510360322,54617.223238718,7.026743058708811
Latin America and the Caribbean,brazil,Curitiba,Large,2320890.485646269,70964.05677667599,3.0576219436271908
Latin America and the Caribbean,brazil,Curvelo,Small,51856.20110191001,1414.853986351,2.728418118347059
Latin America and the Caribbean,brazil,Cáceres,Small,73080.60075472601,1234.63795251,1.6894195446664526
Latin America and the Caribbean,brazil,Dias d'Ávila,Small,70659.364990414,23361.853418445,33.06264275317841
Latin America and the Caribbean,brazil,Divinópolis,Small,205906.67984789802,3608.166753137,1.7523310830917822
Latin America and the Caribbean,brazil,Dourados,Small,174730.208878353,3948.66134047,2.25986185549578
Latin America and the Caribbean,brazil,Erechim,Small,81981.918674659,0.0,0.0
Latin America and the Caribbean,brazil,Eunápolis,Small,90063.91267818201,36750.836353791,40.80528511470487
Latin America and the Caribbean,brazil,Fazenda Rio Grande,Small,75273.33651786101,1883.1078413,2.5016930674425097
Latin America and the Caribbean,brazil,Feira de Santana,Medium,566432.832528231,69178.925945256,12.213085466193935
Latin America and the Caribbean,brazil,Fernandópolis,Small,57958.946949245,0.0,0.0
Latin America and the Caribbean,brazil,Floriano,Small,58927.074974047,0.0,0.0
Latin America and the Caribbean,brazil,Florianópolis,Medium,659036.1769166109,20374.703185640996,3.091591008094089
Latin America and the Caribbean,brazil,Formiga,Small,55611.678185562,2001.0979220059999,3.5983411889295014
Latin America and the Caribbean,brazil,Formosa,Small,101629.739983663,4833.585015753,4.756073386126935
Latin America and the Caribbean,brazil,Fortaleza,Large,3317998.555164193,30679.451963882,0.9246372912408882
Latin America and the Caribbean,brazil,Franca,Small,346690.222536016,5426.029503604001,1.5650944707678673
Latin America and the Caribbean,brazil,Francisco Beltrão,Small,66039.916463209,0.0,0.0
Latin America and the Caribbean,brazil,Francisco Morato,Small,349348.517102436,33989.16053484,9.729298643301151
Latin America and the Caribbean,brazil,Gama,Medium,555019.44939441,19387.716524841995,3.4931598425958263
Latin America and the Caribbean,brazil,Garanhuns,Small,110572.42838186501,4624.210633039999,4.1820648245782905
Latin America and the Caribbean,brazil,Goiana,Small,52544.521267221,10427.927980106,19.845890168213
Latin America and the Caribbean,brazil,Goianésia,Small,62965.931234344,0.0,0.0
Latin America and the Caribbean,brazil,Goiânia,Large,2325030.646255124,65979.791695101,2.8378030974074773
Latin America and the Caribbean,brazil,Governador Valadares,Small,245631.6565702,32419.865614121998,13.198569788115483
Latin America and the Caribbean,brazil,Gravataí,Small,341436.16469395097,2612.674748078,0.7652015276178761
Latin America and the Caribbean,brazil,Gravatá,Small,61002.64714807,2728.632065718,4.472973212285146
Latin America and the Caribbean,brazil,Guanambi,Small,53530.509413112006,1902.194477468,3.5534772568446136
Latin America and the Caribbean,brazil,Guarapari,Small,72033.53894751101,4676.752657252,6.49246548980445
Latin America and the Caribbean,brazil,Guarapuava,Small,141598.797177017,0.0,0.0
Latin America and the Caribbean,brazil,Guaratinguetá,Small,88851.850961266,0.0,0.0
Latin America and the Caribbean,brazil,Guará,Small,294572.43959045695,653.617192013,0.2218867430102157
Latin America and the Caribbean,brazil,Guaíba,Small,64982.85548212499,2294.953811345,3.5316296803489635
Latin America and the Caribbean,brazil,Gurupi,Small,74649.67076091601,2257.765503091,3.0244815282870454
Latin America and the Caribbean,brazil,Ibitinga,Small,52038.260105443005,1032.93208825,1.9849473947764817
Latin America and the Caribbean,brazil,Icaivera,Small,56396.109457414,18156.933239441998,32.19536491812918
Latin America and the Caribbean,brazil,Iguatu,Small,65879.90739852299,0.0,0.0
Latin America and the Caribbean,brazil,Ijuí,Small,61832.086595671,641.597311441,1.0376446061678268
Latin America and the Caribbean,brazil,Ilhéus,Small,93281.97391078401,3885.697590803,4.165539629896047
Latin America and the Caribbean,brazil,Imperatriz,Small,233574.582043743,0.0,0.0
Latin America and the Caribbean,brazil,Indaiatuba,Small,199431.03621987702,697.612939563,0.34980159196177807
Latin America and the Caribbean,brazil,Ipatinga,Small,245342.003597338,21565.462441793,8.789959373278302
Latin America and the Caribbean,brazil,Irecê,Small,59396.829576518,4806.459949453,8.092115326224736
Latin America and the Caribbean,brazil,Itabaiana,Small,67854.498488714,0.0,0.0
Latin America and the Caribbean,brazil,Itabira,Small,97287.12386841098,9625.441387417,9.893849262556285
Latin America and the Caribbean,brazil,Itabuna,Small,217451.717200457,42663.040631013995,19.61954643553596
Latin America and the Caribbean,brazil,Itacoatiara,Small,69998.544365067,8057.922707453001,11.511557533865423
Latin America and the Caribbean,brazil,Itaguaí,Small,94997.09333667702,9515.022650713001,10.016119774308281
Latin America and the Caribbean,brazil,Itaituba,Small,74605.813330729,0.0,0.0
Latin America and the Caribbean,brazil,Itajaí,Small,257920.65611323598,5342.175603492,2.071247679032967
Latin America and the Caribbean,brazil,Itajubá,Small,68050.49816076,679.412143758,0.9983940781050296
Latin America and the Caribbean,brazil,Itapecerica da Serra,Small,74372.672093022,2398.142010084,3.2244935439249938
Latin America and the Caribbean,brazil,Itapema,Small,61426.49090759199,0.0,0.0
Latin America and the Caribbean,brazil,Itaperuna,Small,81033.153938406,10607.471113979,13.090285393607942
Latin America and the Caribbean,brazil,Itapetinga,Small,61163.26433203101,8596.750106995,14.055414145861583
Latin America and the Caribbean,brazil,Itapetininga,Small,123933.659880819,2306.541382909,1.8611097139607502
Latin America and the Caribbean,brazil,Itapeva,Small,67322.79574336999,609.882573099,0.9059079712373082
Latin America and the Caribbean,brazil,Itapipoca,Small,62415.65450070999,1802.468711051,2.887847168262085
Latin America and the Caribbean,brazil,Itapira,Small,61867.633943219,645.921283956,1.0440374761200906
Latin America and the Caribbean,brazil,Itapoã,Small,116380.24401437401,34326.466415796,29.495097476816056
Latin America and the Caribbean,brazil,Itatiba,Small,91366.07971759001,3229.320760133,3.534485413092846
Latin America and the Caribbean,brazil,Itaúna,Small,84453.44176915,4059.68382324,4.807008143418214
Latin America and the Caribbean,brazil,Itu,Small,104341.672646167,1421.635564101,1.3624810950864354
Latin America and the Caribbean,brazil,Ituiutaba,Small,95333.58859741801,2865.355686415,3.0056098050761983
Latin America and the Caribbean,brazil,Itumbiara,Small,87405.11794311201,1171.92644013,1.340798419713538
Latin America and the Caribbean,brazil,Jaboticabal,Small,68920.684269569,0.0,0.0
Latin America and the Caribbean,brazil,Janaúba,Small,54779.46504489601,802.916371369,1.4657251046737092
Latin America and the Caribbean,brazil,Jaraguá do Sul,Small,100416.83209149202,0.0,0.0
Latin America and the Caribbean,brazil,Jardim Alice,Small,53259.723836994,1349.1790407170001,2.5332069780276734
Latin America and the Caribbean,brazil,Jardim Britânia,Small,66748.72049067101,4464.417645574,6.688394343376154
Latin America and the Caribbean,brazil,Jataí,Small,79336.542496798,2628.600763812,3.313228281807326
Latin America and the Caribbean,brazil,Jaú,Small,129056.12458914501,2291.614639856,1.7756729075442492
Latin America and the Caribbean,brazil,Jequié,Small,137040.878751325,12756.324892787,9.308408563210314
Latin America and the Caribbean,brazil,Ji-Paraná,Small,103706.720232365,0.0,0.0
Latin America and the Caribbean,brazil,Joinville,Medium,550775.596282578,10676.888570989999,1.9385188165657528
Latin America and the Caribbean,brazil,João Pessoa,Large,1013222.2230814782,84223.002457219,8.312391945083327
Latin America and the Caribbean,brazil,Juazeiro do Norte,Small,245299.53132181102,2990.277384844,1.2190310224934853
Latin America and the Caribbean,brazil,Juiz de Fora,Medium,534792.5527060861,73722.24328979902,13.785203798512066
Latin America and the Caribbean,brazil,Jundiaí,Small,478974.548822124,10495.513261015,2.1912465467789817
Latin America and the Caribbean,brazil,Km 32,Small,89857.30523420102,10696.753740675998,11.90415594235365
Latin America and the Caribbean,brazil,Lages,Small,133014.382351067,39321.239566216995,29.56164504259082
Latin America and the Caribbean,brazil,Lajeado,Small,70589.83189409702,1805.3186306310001,2.5574768804371772
Latin America and the Caribbean,brazil,Lavras,Small,85667.04555382798,1912.058354878,2.231964861770071
Latin America and the Caribbean,brazil,Leme,Small,89936.020489777,1934.138121425,2.150571162579795
Latin America and the Caribbean,brazil,Lençóis Paulista,Small,56706.542847321005,3528.418738855,6.222242728418584
Latin America and the Caribbean,brazil,Leticia,Small,94195.66361061601,1684.600432725,1.7884055041947202
Latin America and the Caribbean,brazil,Limeira,Small,295376.57395976403,11737.470330275,3.9737309472192166
Latin America and the Caribbean,brazil,Linhares,Small,122753.27800897897,8228.781234301001,6.703512417565823
Latin America and the Caribbean,brazil,Lins,Small,68850.08191027901,0.0,0.0
Latin America and the Caribbean,brazil,Londrina,Medium,636563.075596269,19797.420794655998,3.110048564490132
Latin America and the Caribbean,brazil,Lorena,Small,83556.273164795,3522.29813381,4.215480179283606
Latin America and the Caribbean,brazil,Luziânia,Small,92566.75252158802,654.49391721,0.707050749195681
Latin America and the Caribbean,brazil,Macapá,Small,467658.094948596,49634.466893164,10.613409118603991
Latin America and the Caribbean,brazil,Macaé,Small,205919.902044743,29548.893767962,14.349702711854201
Latin America and the Caribbean,brazil,Maceió,Large,1045124.660804858,42479.79055656501,4.0645668550057
Latin America and the Caribbean,brazil,Manacapuru,Small,72402.30726923399,7854.386496616001,10.848254417374866
Latin America and the Caribbean,brazil,Manaus,Large,2364010.143879774,841339.296366464,35.589496032604664
Latin America and the Caribbean,brazil,Manhuaçu,Small,53996.517561944,1822.49213166,3.3752030944759808
Latin America and the Caribbean,brazil,Maraba,Small,101403.084154507,12144.304510378,11.976267400184623
Latin America and the Caribbean,brazil,Marabá,Small,98638.330094874,12010.271416925,12.176069288047632
Latin America and the Caribbean,brazil,Maranguape,Small,67988.039575405,515.656229205,0.7584513870753543
Latin America and the Caribbean,brazil,Maringá,Medium,502777.951502251,1685.747873501,0.33528675401619173
Latin America and the Caribbean,brazil,Marília,Small,219978.561777993,8268.223741385,3.7586497859411714
Latin America and the Caribbean,brazil,Matão,Small,74655.32874453001,0.0,0.0
Latin America and the Caribbean,brazil,Mineiros,Small,56704.692191774004,2160.567564782,3.8102094928493897
Latin America and the Caribbean,brazil,Mogi Guaçu,Small,138236.675961343,1165.143943793,0.8428616614875962
Latin America and the Caribbean,brazil,Mogi Mirim,Small,68225.09559082301,0.0,0.0
Latin America and the Caribbean,brazil,Montes Claros,Small,375003.730063421,46931.669072598,12.51498726816954
Latin America and the Caribbean,brazil,Mossoró,Small,273058.151735413,1128.950239235,0.4134468178517983
Latin America and the Caribbean,brazil,Muriaé,Small,84669.395183692,14380.830803697001,16.984685874391204
Latin America and the Caribbean,brazil,Natal,Medium,695251.5157693799,61163.252638223006,8.797284328181359
Latin America and the Caribbean,brazil,Nova Friburgo,Small,130193.793077498,12605.580971558,9.682167385702108
Latin America and the Caribbean,brazil,Nova Serrana,Small,84730.08579302601,1626.998418253,1.9202133492787228
Latin America and the Caribbean,brazil,Novo Hamburgo,Medium,555217.348252989,17250.892749897,3.107052184910566
Latin America and the Caribbean,brazil,Ourinhos,Small,105973.663467471,4089.495478666,3.8589733947635825
Latin America and the Caribbean,brazil,Pacajus,Small,54998.696885961,412.039224266,0.7491799762462689
Latin America and the Caribbean,brazil,Palmas,Small,85065.28200118699,0.0,0.0
Latin America and the Caribbean,brazil,Paracatu,Small,71896.947931976,4339.311721548,6.035460261336214
Latin America and the Caribbean,brazil,Paragominas,Small,90164.302697756,6309.289771607,6.997547347265212
Latin America and the Caribbean,brazil,Paranaguá,Small,146678.419426446,6127.31773555,4.177381894016544
Latin America and the Caribbean,brazil,Paranavaí,Small,68293.891999602,893.807877295,1.3087669352629794
Latin America and the Caribbean,brazil,Parauapebas,Small,187094.154056049,60226.312734608,32.19037657187601
Latin America and the Caribbean,brazil,Parintins,Small,80684.09566884,30149.642086446,37.36751566280456
Latin America and the Caribbean,brazil,Parnamirim,Small,154650.670515157,1393.791088595,0.9012512418809058
Latin America and the Caribbean,brazil,Parnaíba,Small,130449.926222651,0.0,0.0
Latin America and the Caribbean,brazil,Parque Santa Rita,Small,76554.97965358399,710.397653358,0.927957471313549
Latin America and the Caribbean,brazil,Parque dos Buritis,Small,92186.071106324,1771.8363899730002,1.9220218073177557
Latin America and the Caribbean,brazil,Pará de Minas,Small,71747.948907342,2839.626633111,3.9577809210660515
Latin America and the Caribbean,brazil,Passo Fundo,Small,183864.171809483,3152.037911426,1.7143295947250066
Latin America and the Caribbean,brazil,Passos,Small,104792.588065096,3307.420666344,3.156158968313166
Latin America and the Caribbean,brazil,Pato Branco,Small,63609.24697071901,0.0,0.0
Latin America and the Caribbean,brazil,Patos,Small,97701.94197482898,1240.998975668,1.2701886478241338
Latin America and the Caribbean,brazil,Patos de Minas,Small,128173.28048043499,3069.2824099830004,2.394635136495169
Latin America and the Caribbean,brazil,Patrocínio,Small,53273.56565883601,0.0,0.0
Latin America and the Caribbean,brazil,Paulo Afonso,Small,49646.989688341,3914.850675726,7.885373716113459
Latin America and the Caribbean,brazil,Pedro Juan Caballero,Small,179266.177130148,4549.428342061,2.537806302835418
Latin America and the Caribbean,brazil,Pelotas,Small,293152.88369443803,3810.808431845,1.2999389205453353
Latin America and the Caribbean,brazil,Penápolis,Small,53234.31471536499,0.0,0.0
Latin America and the Caribbean,brazil,Perus,Small,80151.695712571,13157.637256604,16.415918764573757
Latin America and the Caribbean,brazil,Petrolina,Small,436690.905584138,4312.735421894,0.987594512902687
Latin America and the Caribbean,brazil,Petrópolis,Small,214312.71099564902,32983.290054201,15.390263088441184
Latin America and the Caribbean,brazil,Pindamonhangaba,Small,77367.25725681902,1732.641504782,2.239502298796159
Latin America and the Caribbean,brazil,Piracicaba,Small,366673.123653051,3313.973073181,0.9037949223452515
Latin America and the Caribbean,brazil,Pirapora,Small,68450.04300808301,2607.561326438,3.809437089951986
Latin America and the Caribbean,brazil,Pirassununga,Small,57615.255680434006,0.0,0.0
Latin America and the Caribbean,brazil,Planaltina,Small,210979.717294158,6564.138271899999,3.1112650808740843
Latin America and the Caribbean,brazil,Polvilho,Small,79033.49277433901,0.0,0.0
Latin America and the Caribbean,brazil,Ponta Grossa,Small,306757.53944091103,2049.12985583,0.667996574612215
Latin America and the Caribbean,brazil,Porto Alegre,Large,1825393.219233639,172836.272915076,9.468440612901938
Latin America and the Caribbean,brazil,Porto Seguro,Small,71128.391304846,10495.235141711999,14.755338830497289
Latin America and the Caribbean,brazil,Porto Velho,Small,418560.774611827,0.0,0.0
Latin America and the Caribbean,brazil,Potengi,Small,417360.723840925,31111.429793149997,7.454326201764966
Latin America and the Caribbean,brazil,Pouso Alegre,Small,111794.129028071,4235.248256872999,3.7884353084494693
Latin America and the Caribbean,brazil,Poços de Caldas,Small,125580.22410074402,11818.086954139,9.410786641579964
Latin America and the Caribbean,brazil,Praia Grande,Medium,502558.72719137,12743.401127119,2.535703876507635
Latin America and the Caribbean,brazil,Presidente Prudente,Small,215077.780046748,5108.565048503,2.375217489873958
Latin America and the Caribbean,brazil,Recanto das Emas,Small,187975.07186835798,465.217926622,0.24748916013065803
Latin America and the Caribbean,brazil,Recife,Large,3828260.5079761827,1442191.8616179521,37.6722498015259
Latin America and the Caribbean,brazil,Redenção,Small,74268.75334681,1919.6517869610002,2.5847367842528266
Latin America and the Caribbean,brazil,Resende,Small,103952.044574592,7644.5075943189995,7.353879017582568
Latin America and the Caribbean,brazil,Ribeirao Preto,Medium,654949.900651932,5889.578318898,0.8992410431752964
Latin America and the Caribbean,brazil,Ribeirão Pires,Small,107868.976856523,1238.6306968489998,1.1482733339507873
Latin America and the Caribbean,brazil,Ribeirão das Neves,Small,65988.59510221201,14650.630057412996,22.201760826579395
Latin America and the Caribbean,brazil,Rio Branco,Small,330257.069982341,71077.926843053,21.522000073110796
Latin America and the Caribbean,brazil,Rio Claro,Small,196010.320590153,533.41330708,0.2721353168924908
Latin America and the Caribbean,brazil,Rio Grande,Small,171212.156721937,15742.865384432998,9.194946016596672
Latin America and the Caribbean,brazil,Rio Verde,Small,214789.888685684,13604.383730426001,6.333810131227444
Latin America and the Caribbean,brazil,Rio das Ostras,Small,196102.942792324,31298.757278851,15.960371034307661
Latin America and the Caribbean,brazil,Rio de Janeiro,Megacity,10275094.542583006,2544401.838773011,24.76280707908101
Latin America and the Caribbean,brazil,Rivera,Small,130690.661529801,15058.812914180997,11.522485798074548
Latin America and the Caribbean,brazil,Rondonópolis,Small,194400.643263402,8456.07075404,4.349816241390981
Latin America and the Caribbean,brazil,Salto,Small,114187.1318665,2019.277681355,1.768393380539416
Latin America and the Caribbean,brazil,Salvador,Large,3294899.4628367773,1732354.539173462,52.57685579522884
Latin America and the Caribbean,brazil,Santa Cruz do Capibaribe,Small,113917.64361986902,483.774274526,0.4246701908093385
Latin America and the Caribbean,brazil,Santa Cruz do Sul,Small,81474.66765918498,0.0,0.0
Latin America and the Caribbean,brazil,Santa Inês,Small,78881.52878825,0.0,0.0
Latin America and the Caribbean,brazil,Santa Maria,Small,220324.453643473,79987.532036188,36.30442772622193
Latin America and the Caribbean,brazil,Santa Rita,Small,99207.591427187,17162.690313612,17.29977521549698
Latin America and the Caribbean,brazil,Santana,Small,140239.984875302,16540.949755139998,11.79474582077844
Latin America and the Caribbean,brazil,Santarém,Small,185032.836399781,1280.529268343,0.6920551472152192
Latin America and the Caribbean,brazil,Santo Antônio de Jesus,Small,81533.085826267,2055.10790614,2.520581534861911
Latin America and the Caribbean,brazil,Santo Antônio do Descoberto,Small,67300.849594933,439.766462176,0.6534337453729699
Latin America and the Caribbean,brazil,Santo Ângelo,Small,61069.719657539,1837.919885414,3.0095436751969933
Latin America and the Caribbean,brazil,Santos,Large,1058905.222216847,59827.23028054101,5.649913611275906
Latin America and the Caribbean,brazil,Sao Goncalo,Large,1724886.237964556,292991.52255577303,16.986136019121837
Latin America and the Caribbean,brazil,Sao Jose dos Campos,Medium,817572.895103848,21161.319139657997,2.5883097723011095
Latin America and the Caribbean,brazil,Sapiranga,Small,71643.015260471,3154.585940647,4.403200966874354
Latin America and the Caribbean,brazil,Sapucaia do Sul,Small,211808.631310626,4020.427677017,1.8981415687073104
Latin America and the Caribbean,brazil,Senador Canedo,Small,65420.945272442,2525.733239722,3.8607409740163794
Latin America and the Caribbean,brazil,Serra,Small,76943.89626341002,17485.082490841996,22.724456831486023
Latin America and the Caribbean,brazil,Serra Talhada,Small,60250.492572381,3601.863828294,5.978148351180625
Latin America and the Caribbean,brazil,Sertãozinho,Small,112680.621176077,3176.19972247,2.8187630573200395
Latin America and the Caribbean,brazil,Sete Lagoas,Small,201604.803117676,8247.555559759001,4.090951917918807
Latin America and the Caribbean,brazil,Simões Filho,Small,106245.473237851,25080.077586026993,23.60578462470622
Latin America and the Caribbean,brazil,Sinop,Small,116279.357650739,410.240208816,0.35280570610667866
Latin America and the Caribbean,brazil,Sobradinho,Small,143533.660028866,3006.612467868,2.0947089813381345
Latin America and the Caribbean,brazil,Sobral,Small,137530.143380736,17544.117862057,12.756561893117624
Latin America and the Caribbean,brazil,Sorocaba,Medium,704159.388567792,8382.660780582,1.190449338129498
Latin America and the Caribbean,brazil,Sorriso,Small,72844.165614816,3305.376888813,4.5376000410123565
Latin America and the Caribbean,brazil,Sumaré,Small,282194.6516352539,2006.349472835,0.7109806869863268
Latin America and the Caribbean,brazil,São Borja,Small,47494.25748573,0.0,0.0
Latin America and the Caribbean,brazil,São Carlos,Small,228674.691638897,2850.5357994819997,1.2465462526930247
Latin America and the Caribbean,brazil,São Félix do Xingu,Small,48987.92939165301,6648.311623465001,13.571326051183943
Latin America and the Caribbean,brazil,São José do Rio Preto,Small,432608.67176560103,2623.323409928,0.6063963995963045
Latin America and the Caribbean,brazil,São José dos Pinhais,Small,176587.89468219603,5011.583594748,2.8380108408718
Latin America and the Caribbean,brazil,São João da Boa Vista,Small,78497.004991362,994.637916557,1.2671030145245061
Latin America and the Caribbean,brazil,São João del-Rei,Small,75661.21145339,10887.549272088001,14.389869079475575
Latin America and the Caribbean,brazil,São Luís,Large,1267159.3890674692,102533.125694355,8.091572897535125
Latin America and the Caribbean,brazil,São Mateus,Small,63237.33488128001,5235.826479133,8.279644436253667
Latin America and the Caribbean,brazil,São Paulo,Megacity,19229681.266238384,2020247.544759473,10.505881594129324
Latin America and the Caribbean,brazil,São Roque,Small,55415.471465473995,1356.88648279,2.4485697710528243
Latin America and the Caribbean,brazil,São Sebastião,Small,95023.714557244,10554.233240593,11.106946607770146
Latin America and the Caribbean,brazil,São Sebastião do Paraíso,Small,57054.522006228,1401.913840767,2.4571476396103518
Latin America and the Caribbean,brazil,Tailândia,Small,86467.557736022,16016.889073392,18.523582130410322
Latin America and the Caribbean,brazil,Tangará da Serra,Small,65113.82964776,1016.66211829,1.561361271161194
Latin America and the Caribbean,brazil,Taquaralto,Small,103491.02522308701,975.809310259,0.942892688670857
Latin America and the Caribbean,brazil,Tatuí,Small,97072.639086336,707.684683146,0.7290259024652541
Latin America and the Caribbean,brazil,Taubaté,Small,292070.41837126296,3210.497141753,1.0992202358788703
Latin America and the Caribbean,brazil,Teixeira de Freitas,Small,159870.471973266,3113.1043501639997,1.9472666288772713
Latin America and the Caribbean,brazil,Telêmaco Borba,Small,69072.902097957,2274.86552978,3.2934268876582857
Latin America and the Caribbean,brazil,Teresina,Medium,966800.013393023,11460.460128125,1.1854013207865046
Latin America and the Caribbean,brazil,Teresópolis,Small,107008.603961716,6761.915318729,6.319038907514559
Latin America and the Caribbean,brazil,Teófilo Otoni,Small,107285.620764844,22455.880134275,20.9309318193678
Latin America and the Caribbean,brazil,Toledo,Small,102126.08500095001,460.765706326,0.45117337683287645
Latin America and the Caribbean,brazil,Tramandaí,Small,53371.752491754996,795.031373728,1.4896107708863755
Latin America and the Caribbean,brazil,Trindade,Small,65100.979661531,0.0,0.0
Latin America and the Caribbean,brazil,Três Corações,Small,64844.631421989994,28238.45615789,43.547870561746805
Latin America and the Caribbean,brazil,Três Lagoas,Small,104584.560878027,2748.633655105,2.6281447586806115
Latin America and the Caribbean,brazil,Três Rios,Small,62536.49236686399,7274.807606427001,11.63289997742451
Latin America and the Caribbean,brazil,Tubarão,Small,74773.46859192399,0.0,0.0
Latin America and the Caribbean,brazil,Tucuruí,Small,103981.352796426,21051.299411511,20.245264026065417
Latin America and the Caribbean,brazil,Tupã,Small,55040.524619546995,0.0,0.0
Latin America and the Caribbean,brazil,Uberaba,Small,325216.870026154,12387.545615135003,3.8090107730693044
Latin America and the Caribbean,brazil,Uberlândia,Medium,650744.75181155,7909.829891104999,1.215504215606124
Latin America and the Caribbean,brazil,Ubá,Small,89672.382314847,6580.278005395999,7.338132249338608
Latin America and the Caribbean,brazil,Umuarama,Small,87856.04204299499,4872.516893191,5.5460236767853575
Latin America and the Caribbean,brazil,Unaí,Small,60236.211501144004,761.570250337,1.2643063555259217
Latin America and the Caribbean,brazil,União da Vitória,Small,60911.530704867,0.0,0.0
Latin America and the Caribbean,brazil,Uruguaiana,Small,117049.198170447,25491.493491532005,21.778443500664824
Latin America and the Caribbean,brazil,Varginha,Small,124243.70814645299,4906.539031862,3.9491247525213824
Latin America and the Caribbean,brazil,Vila Velha,Large,1288786.2568323407,230189.14241542594,17.860924664202983
Latin America and the Caribbean,brazil,Vilhena,Small,74502.30792897899,0.0,0.0
Latin America and the Caribbean,brazil,Vitória da Conquista,Small,283251.412715849,9805.744189928002,3.4618518212881386
Latin America and the Caribbean,brazil,Vitória de Santo Antão,Small,110954.932889279,20417.412091535996,18.401536155143603
Latin America and the Caribbean,brazil,Viçosa,Small,61080.88916742901,5279.645845741999,8.643695135592978
Latin America and the Caribbean,brazil,Volta Redonda,Small,397760.163810095,83574.99036249201,21.011402841837555
Latin America and the Caribbean,brazil,Votuporanga,Small,80812.77547501198,642.184949048,0.7946577076127886
Latin America and the Caribbean,brazil,Águas Lindas de Goiás,Small,191818.336547249,7013.380821652,3.656261934022378
Africa,burkina_faso,Banfora,Small,151847.46459176502,96404.34641588,63.48762336931914
Africa,burkina_faso,Bobo-Dioulasso,Large,1077438.0724110228,626921.211023951,58.18628718224763
Africa,burkina_faso,Dori,Small,44743.891499629004,21382.206361021,47.787989923045224
Africa,burkina_faso,Dédougou,Small,64724.040245911,39274.207814718,60.67947499182761
Africa,burkina_faso,Fada N'Gourma,Small,98290.71951948,43898.438867018005,44.66183489308762
Africa,burkina_faso,Houndé,Small,67619.53211589999,50634.522986462,74.88150450327628
Africa,burkina_faso,Kaya,Small,90018.52111365901,57319.494657054,63.67522366278532
Africa,burkina_faso,Koudougou,Small,129587.067292632,47348.43371745801,36.53793137438347
Africa,burkina_faso,Koupéla,Small,29495.573068478,17928.2350695,60.7827996014085
Africa,burkina_faso,Leo,Small,33069.871607632,15936.107202989002,48.189201917890735
Africa,burkina_faso,Niangoloko,Small,64658.042085782,42620.458979634,65.91671755709726
Africa,burkina_faso,Nouna,Small,38364.41132616199,20058.174897892008,52.28328600526096
Africa,burkina_faso,Ouagadougou,Large,3033207.328460698,1849923.921229969,60.98903638640404
Africa,burkina_faso,Ouahigouya,Small,73144.16077539201,42469.712861556,58.06302568973373
Africa,burkina_faso,Pouytenga,Small,76886.278791441,70097.696229161,91.17061890757586
Africa,burkina_faso,Ziniaré,Small,30405.94531618,8323.515260833,27.374630764739898
Africa,burundi,Bujumbura,Large,1276238.060035303,798040.4757723289,62.53069084542532
Africa,burundi,Gatumba,Small,26345.015098628002,14341.444160903,54.43703147336543
Africa,burundi,Gitega,Small,153371.59716179303,67305.535639318,43.88396344879737
Africa,burundi,Ngozi,Small,126534.535397851,40033.894872498,31.638710132868532
Africa,burundi,Nyanza Lac,Small,47040.101769775996,24951.141850719996,53.04227863459151
Africa,burundi,Rumonge,Small,84509.042959442,42916.059608259995,50.78280158592789
Asia,cambodia,Battambang,Small,146288.427952177,0.0,0.0
Asia,cambodia,Kampong Cham,Small,45014.81850274801,0.0,0.0
Asia,cambodia,Kampong Chhnang,Small,38483.266409389995,0.0,0.0
Asia,cambodia,Phnom Penh,Large,2225133.147101338,177854.53950784597,7.992984138478884
Asia,cambodia,Poipet,Small,133179.11899976403,4405.061195266,3.3076215163082776
Asia,cambodia,Siem Reap,Small,313888.29100628,0.0,0.0
Asia,cambodia,Sihanoukville,Small,87641.756230602,0.0,0.0
Asia,cambodia,Sisophon,Small,49331.773165402,0.0,0.0
Africa,cameroon,Bafia,Small,83105.722279871,23970.707792244,28.843630901274214
Africa,cameroon,Bafoussam,Small,298074.312104886,156543.927343903,52.518422751175734
Africa,cameroon,Bamenda,Small,358673.02810962,16526.272452934,4.607615058214842
Africa,cameroon,Banki,Small,107255.084731395,62511.038177457995,58.282587099723926
Africa,cameroon,Banyo,Small,102060.63394969101,54631.202588295,53.5281826832709
Africa,cameroon,Batouri,Small,80406.386298346,30252.888290741,37.62498189943318
Africa,cameroon,Bertoua,Small,160470.86669574498,13921.398802586,8.67534343724906
Africa,cameroon,Douala,Large,4147310.892037418,2644804.862609965,63.77156020996225
Africa,cameroon,Dschang,Small,59532.89781144,10359.410055179,17.401152028565132
Africa,cameroon,Ebolowa,Small,143338.75918663,26712.640135801998,18.636020213501077
Africa,cameroon,Edéa,Small,85627.18123325202,5612.016410937999,6.55401279139463
Africa,cameroon,Foumban,Small,159973.041037019,83348.63338211899,52.10167465831413
Africa,cameroon,Foumbot,Small,50542.96631060099,22455.773024474005,44.42907621700882
Africa,cameroon,Gamboru,Small,302355.120047638,216117.24838980898,71.47795226876208
Africa,cameroon,Garoua,Medium,681990.024843117,408790.697910051,59.94086174560809
Africa,cameroon,Garoua-Boulaï,Small,60079.350968942,27571.236137205,45.891368153191166
Africa,cameroon,Guider,Small,156430.437206521,102051.38344919602,65.23754920819329
Africa,cameroon,Kaele,Small,94094.361517495,40005.142937225,42.51598320244389
Africa,cameroon,Kribi,Small,119206.793871248,50280.150420358,42.17893023334241
Africa,cameroon,Kumba,Small,284030.188686572,84854.97860204903,29.875337897862224
Africa,cameroon,Kumbo,Small,115798.24577206599,35454.563603756,30.617530833363197
Africa,cameroon,Limbé,Small,171878.14727304797,98666.520756145,57.40492454773906
Africa,cameroon,Mamfe,Small,81677.75434028401,11693.338725172001,14.316430244219838
Africa,cameroon,Maroua,Small,491480.11374531896,293312.288793169,59.67938083150218
Africa,cameroon,Mbalmayo,Small,83369.880613168,31405.042899148004,37.66953085235399
Africa,cameroon,Mbouda,Small,64452.70839375099,16926.061366957998,26.261210411134662
Africa,cameroon,Meiganga,Small,97314.37762721899,45623.084530317,46.88216237181806
Africa,cameroon,Mokolo,Small,143837.173113633,89236.86918936,62.04019952398665
Africa,cameroon,Mora,Small,95791.05410817,47086.529784524,49.15545634496572
Africa,cameroon,Muyuka,Small,38242.352486526,10978.418382105,28.707487035409358
Africa,cameroon,Ndop,Small,59417.03374054101,8628.678090786001,14.522229649607269
Africa,cameroon,Ngaoundal,Small,70593.96546825,36601.219828839,51.847519240579544
Africa,cameroon,Ngaoundéré,Small,318399.674600093,204971.72716919798,64.3756082435199
Africa,cameroon,Nkambe,Small,47242.738465088005,10044.552364869001,21.261579432555212
Africa,cameroon,Nkongsamba,Small,159523.32131788897,91375.330075753,57.28023295958429
Africa,cameroon,Tiko,Small,87366.97134597099,19128.094428079,21.893965343415914
Africa,cameroon,Wum,Small,67374.849936632,21527.794298429,31.95227049659704
Africa,cameroon,Yagoua,Small,104781.895275473,61093.68960486299,58.30557792855996
Africa,cameroon,Yaounde,Very large,5312352.5617554,3148447.074226515,59.26653093194082
Africa,cameroon,Yokadouma,Small,53168.142710452,11320.561063908,21.292000221934707
Africa,central_african_republic,Badokwa,Small,65389.03913698001,46633.97510796599,71.31772499405437
Africa,central_african_republic,Bambari,Small,62648.071165601,30680.884143163,48.97338987829741
Africa,central_african_republic,Bangui,Large,1261603.532323089,969245.370243004,76.82646294262167
Africa,central_african_republic,Bouar,Small,71079.57450045699,22643.376035339003,31.856375329305635
Africa,central_african_republic,Bria,Small,54011.616828936996,28470.792645952,52.7123502636911
Africa,central_african_republic,Carnot,Small,87109.479742022,60983.882462026006,70.00831900572942
Africa,chad,Abéché,Small,304865.061001944,124193.28809157599,40.737133892422015
Africa,chad,Bongor,Small,111977.05919852,91622.788564083,81.82282087052165
Africa,chad,Doba,Small,141421.12380334298,8151.175256434999,5.763760771530737
Africa,chad,Faya-Largeau,Small,168874.282616037,104629.72496911699,61.95716917241306
Africa,chad,Gore,Small,55071.10767056,12816.840112409001,23.273256439802186
Africa,chad,Koumra,Small,152999.15890294098,21856.502419212,14.285374230767664
Africa,chad,Laï,Small,64365.00980872599,17707.553363327,27.51114839560916
Africa,chad,Mao,Small,56101.65549808001,16857.414441799,30.04798038869979
Africa,chad,Moundou,Small,236648.359753852,108668.743784196,45.9199226638321
Africa,chad,N'Djamena,Large,1929517.452655574,851990.175460899,44.15560866206803
Africa,chad,Pala,Small,109474.27532500999,33561.358044388,30.656844217283187
Africa,chad,Sarh,Small,241194.759250341,58298.76408381699,24.170825379877968
Africa,chad,كيلو Kelo,Small,89168.847241457,39499.612685542,44.29754775070992
Latin America and the Caribbean,colombia,Aguachica,Small,68779.92605498902,0.0,0.0
Latin America and the Caribbean,colombia,Apartadó,Small,223694.11578356603,29482.539351303,13.179845722821188
Latin America and the Caribbean,colombia,Arauca,Small,130386.995608627,4226.738950941,3.2416875097176794
Latin America and the Caribbean,colombia,Arjona,Small,57774.092250170994,6825.1838545969995,11.81357177373358
Latin America and the Caribbean,colombia,Armenia,Small,266004.97567086096,0.0,0.0
Latin America and the Caribbean,colombia,Barrancabermeja,Small,167787.555915951,6936.611642552,4.134163350008342
Latin America and the Caribbean,colombia,Barranquilla,Large,2174311.614106488,1073455.299390051,49.36989217303045
Latin America and the Caribbean,colombia,Bogota,Megacity,10346691.894160766,603858.5155859459,5.836247196330819
Latin America and the Caribbean,colombia,Bucaramanga,Large,1085489.833097252,193586.323593103,17.83400615008423
Latin America and the Caribbean,colombia,Buga,Small,114619.946289511,0.0,0.0
Latin America and the Caribbean,colombia,Calarcá,Small,41745.097644083,0.0,0.0
Latin America and the Caribbean,colombia,Caldas,Small,63578.801267104005,7067.5204962259995,11.116158775209199
Latin America and the Caribbean,colombia,Cali,Large,2655896.594401604,130435.02662906,4.911148532815831
Latin America and the Caribbean,colombia,Cartagena,Medium,951825.928431508,59210.070175304005,6.220682627639165
Latin America and the Caribbean,colombia,Cartago,Small,119589.68965263199,1133.992385972,0.9482359133683416
Latin America and the Caribbean,colombia,Caucasia,Small,72713.726807713,5328.7340869849995,7.328374326179857
Latin America and the Caribbean,colombia,Cereté,Small,48909.611348673,0.0,0.0
Latin America and the Caribbean,colombia,Chigorodó,Small,53945.471612466004,1852.844585149,3.434661946158304
Latin America and the Caribbean,colombia,Chiquinquirá,Small,56080.925184002,0.0,0.0
Latin America and the Caribbean,colombia,Chía,Small,238697.978380376,4116.309571848,1.7244844718745271
Latin America and the Caribbean,colombia,Ciénaga,Small,110089.12454059001,7085.634431941,6.4362710317752745
Latin America and the Caribbean,colombia,Cúcuta,Medium,688612.6678697821,167694.881437245,24.35256992236402
Latin America and the Caribbean,colombia,Duitama,Small,73117.05777273398,0.0,0.0
Latin America and the Caribbean,colombia,El Carmen de Bolívar,Small,42364.76865727,24273.749858616997,57.29701973588261
Latin America and the Caribbean,colombia,Facatativá,Small,104012.276004265,2436.1843131719997,2.3422084457339483
Latin America and the Caribbean,colombia,Florencia,Small,201353.89941575303,5153.439826978,2.5593941025881213
Latin America and the Caribbean,colombia,Fundación,Small,57344.533587942,7133.134355773999,12.439083395516366
Latin America and the Caribbean,colombia,Fusagasugá,Small,97167.740516742,0.0,0.0
Latin America and the Caribbean,colombia,Garzón,Small,66046.857359647,794.587752546,1.2030667079573625
Latin America and the Caribbean,colombia,Granada,Small,45591.985566926,0.0,0.0
Latin America and the Caribbean,colombia,Ibagué,Small,416856.328710512,32238.624612166997,7.733749589910934
Latin America and the Caribbean,colombia,Ipiales,Small,106396.36882443601,0.0,0.0
Latin America and the Caribbean,colombia,Jamundí,Small,101038.980388274,0.0,0.0
Latin America and the Caribbean,colombia,La Dorada,Small,77289.78471379101,1918.606569689,2.48235465630254
Latin America and the Caribbean,colombia,Lorica,Small,63259.899456103005,19300.8225104,30.510359131685206
Latin America and the Caribbean,colombia,Magangué,Small,72388.774691468,12550.424681948,17.337528830180954
Latin America and the Caribbean,colombia,Maicao,Small,142174.460040323,42770.622495886,30.08319671743824
Latin America and the Caribbean,colombia,Manizales,Small,427506.451251622,31418.642267713,7.349279098766301
Latin America and the Caribbean,colombia,Manuela,Small,50039.920052203,0.0,0.0
Latin America and the Caribbean,colombia,Medellín,Large,3199135.315961638,552091.431251496,17.257520446131586
Latin America and the Caribbean,colombia,Montelíbano,Small,74810.974679766,1961.7536999099998,2.6222806323636787
Latin America and the Caribbean,colombia,Montería,Small,336159.308590907,1184.26010346,0.35229133128102635
Latin America and the Caribbean,colombia,Morroa,Small,48956.938800575,674.993156552,1.378748698527842
Latin America and the Caribbean,colombia,Neiva,Small,330544.14538626,2632.7823957419996,0.7964994789623154
Latin America and the Caribbean,colombia,Ocaña,Small,86280.174791329,0.0,0.0
Latin America and the Caribbean,colombia,Orito,Small,48754.318373197,4695.290760026999,9.630512571391554
Latin America and the Caribbean,colombia,Palmira,Small,195435.699248391,0.0,0.0
Latin America and the Caribbean,colombia,Pamplona,Small,41657.418706330995,3911.107967827,9.388742964125617
Latin America and the Caribbean,colombia,Pasto,Small,336937.172289802,25573.347601245,7.589945457026983
Latin America and the Caribbean,colombia,Pereira,Medium,590521.7662881531,0.0,0.0
Latin America and the Caribbean,colombia,Piedecuesta,Small,127213.57392977801,2331.342030269,1.8326204965799504
Latin America and the Caribbean,colombia,Pitalito,Small,77842.033123363,0.0,0.0
Latin America and the Caribbean,colombia,Planeta Rica,Small,44645.211965855,2933.509703118,6.570715142671
Latin America and the Caribbean,colombia,Playa Blanca,Small,67824.90750601901,8354.134837678,12.31720785898105
Latin America and the Caribbean,colombia,Popayán,Small,282437.51739965804,0.0,0.0
Latin America and the Caribbean,colombia,Puerto Asís,Small,45739.82075183499,11268.761014765,24.636653204009157
Latin America and the Caribbean,colombia,Puerto Boyacá,Small,50564.288893893005,519.726544181,1.0278529680732265
Latin America and the Caribbean,colombia,Quibdó,Small,101750.98163545401,3624.0890333079997,3.561723901880496
Latin America and the Caribbean,colombia,Riohacha,Small,250583.50270649898,143147.440691825,57.12564440424849
Latin America and the Caribbean,colombia,Rionegro,Small,52830.046795892,0.0,0.0
Latin America and the Caribbean,colombia,Sabanalarga,Small,68701.16335228,13097.036893819,19.06377745986793
Latin America and the Caribbean,colombia,Sahagún,Small,269694.142398234,173975.911454283,64.50859848390323
Latin America and the Caribbean,colombia,San Andrés,Small,59072.823153586,11065.810096667,18.732488995652908
Latin America and the Caribbean,colombia,San José del Guaviare,Small,60316.929467564994,0.0,0.0
Latin America and the Caribbean,colombia,San Vicente del Caguán,Small,46715.230145481,0.0,0.0
Latin America and the Caribbean,colombia,Santa Marta,Small,410470.86712321104,151317.807810071,36.86444518476629
Latin America and the Caribbean,colombia,Santa Rosa de Cabal,Small,55969.406364401,0.0,0.0
Latin America and the Caribbean,colombia,Santander de Quilichao,Small,61793.593553422,0.0,0.0
Latin America and the Caribbean,colombia,Saravena,Small,40100.387202121,0.0,0.0
Latin America and the Caribbean,colombia,Sincelejo,Small,294641.598356756,22847.186694059998,7.754229824125621
Latin America and the Caribbean,colombia,Tierralta,Small,68488.66307977801,18214.360527892997,26.594708830388857
Latin America and the Caribbean,colombia,Tuluá,Small,245274.82018902196,11284.164195478997,4.6006207187443104
Latin America and the Caribbean,colombia,Tunja,Small,193870.35081186972,6506.634302410736,3.3561781237630934
Latin America and the Caribbean,colombia,Turbaco,Small,65279.465170448995,7723.4237742860005,11.831322076735203
Latin America and the Caribbean,colombia,Valledupar,Medium,570933.700662278,20206.069266938,3.539127090150598
Latin America and the Caribbean,colombia,Villa del Rosario,Small,191175.570903679,38491.994028311005,20.134368552614198
Latin America and the Caribbean,colombia,Villavicencio,Small,292986.731415314,0.0,0.0
Latin America and the Caribbean,colombia,Yopal,Small,198688.126466189,6783.503925012999,3.414146605367159
Latin America and the Caribbean,colombia,Zipaquirá,Small,129925.05828769598,6194.993642449,4.768128430415083
Africa,comoros,Fomboni,Small,231532.306414418,121798.04365361299,52.60520466444434
Africa,comoros,Moroni,Small,163186.92852253403,84245.541734672,51.625177639787964
Latin America and the Caribbean,costa_rica,Barranca,Small,61898.281128905,5687.718252284,9.18881453337801
Latin America and the Caribbean,costa_rica,Cartago,Small,225003.982315977,1644.22270178,0.7307527115102299
Latin America and the Caribbean,costa_rica,San José,Large,2173080.621078969,41555.269074537006,1.912274614731236
Africa,cote_d_ivoire,Abengourou,Small,120699.939186665,13989.880711106,11.590627804269523
Africa,cote_d_ivoire,Abidjan,Very large,6246099.438465882,3579595.8808071082,57.309300245247144
Africa,cote_d_ivoire,Aboisso,Small,55734.712624691994,12966.996877441,23.26556694525104
Africa,cote_d_ivoire,Adzopé,Small,76782.882515623,6941.22558747,9.040069036295519
Africa,cote_d_ivoire,Agboville,Small,64984.31103175999,4478.24352882,6.891268765827699
Africa,cote_d_ivoire,Agnibilékrou,Small,53995.157596162004,0.0,0.0
Africa,cote_d_ivoire,Bondoukou,Small,99914.442084891,6790.857936793001,6.79667302853299
Africa,cote_d_ivoire,Bonon,Small,91045.4083274,6811.375258136,7.481294645461133
Africa,cote_d_ivoire,Bouaflé,Small,139965.617578073,42188.95119029599,30.142367761684717
Africa,cote_d_ivoire,Bouaké,Medium,641715.322978571,308837.020583561,48.12679540673428
Africa,cote_d_ivoire,Dabou,Small,65673.56890612701,6971.354432545,10.615160023524483
Africa,cote_d_ivoire,Daloa,Small,284023.441822435,60218.057666165,21.201791401363256
Africa,cote_d_ivoire,Danané,Small,95893.88128165701,7973.236621456001,8.314645851112457
Africa,cote_d_ivoire,Daoukro,Small,60263.72237899498,6801.000385102,11.285397112264176
Africa,cote_d_ivoire,Divo,Small,164929.506090366,25284.080376443,15.33023470196393
Africa,cote_d_ivoire,Diégonéfla,Small,66364.948503291,10017.917800862,15.095194114955454
Africa,cote_d_ivoire,Duekoue,Small,159666.970599034,54822.819102174,34.33572948524752
Africa,cote_d_ivoire,Ferkéssédougou,Small,95655.809100515,1682.633653072,1.759050149587769
Africa,cote_d_ivoire,Gagnoa,Small,203652.21570577798,95843.75809058598,47.0624676281716
Africa,cote_d_ivoire,Grand-Bassam,Small,58592.369988382,16939.247097090003,28.910329280841186
Africa,cote_d_ivoire,Guiglo,Small,79841.333294195,9802.93516764,12.278020372629147
Africa,cote_d_ivoire,Issia,Small,74298.437002687,3093.3032132249996,4.163348972082859
Africa,cote_d_ivoire,Korhogo,Small,309186.379823584,96453.93567906701,31.19604936482061
Africa,cote_d_ivoire,Lakota,Small,42229.455433179995,1177.414289242,2.788135146817207
Africa,cote_d_ivoire,Man,Small,200553.87330239898,44510.081460339,22.19357857687737
Africa,cote_d_ivoire,Méagui,Small,111385.35739298198,22235.474099273,19.962654535302484
Africa,cote_d_ivoire,Ouangolodougou,Small,50456.957625244,23731.578418137,47.03331222305784
Africa,cote_d_ivoire,Oumé,Small,68762.910460955,21563.043985859,31.358538842102885
Africa,cote_d_ivoire,San-Pédro,Small,242121.250323952,76086.217133208,31.424840666156566
Africa,cote_d_ivoire,Sinfra,Small,115797.09890140899,13971.488461773999,12.065490927082283
Africa,cote_d_ivoire,Soubré,Small,130242.84237897501,38057.79325387,29.220640887989124
Africa,cote_d_ivoire,Tengréla,Small,60122.01970622499,7232.237906551001,12.029266385078179
Africa,cote_d_ivoire,Vavoua,Small,82148.263384344,3518.8503480980003,4.28353589367372
Africa,cote_d_ivoire,Yamoussoukro,Small,226214.91469028598,123915.13075243498,54.77761310393213
Latin America and the Caribbean,cuba,Baracoa,Small,61861.766908888996,40467.792681558014,65.41648372436505
Latin America and the Caribbean,cuba,Bayamo,Small,206931.561202171,100564.070806706,48.5977442118921
Latin America and the Caribbean,cuba,Camagüey,Small,293334.022684154,110050.48881535901,37.517123928667274
Latin America and the Caribbean,cuba,Ciego de Ávila,Small,117464.54665524699,37238.200873004,31.70165120740337
Latin America and the Caribbean,cuba,Cienfuegos,Small,137774.413308591,24725.586177170004,17.94642821072222
Latin America and the Caribbean,cuba,Contramaestre,Small,73624.146753976,35516.192044580006,48.23986913323649
Latin America and the Caribbean,cuba,Guantanamo,Small,202463.09268069197,100216.034566149,49.498421287183156
Latin America and the Caribbean,cuba,Havana,Large,1868624.191569631,408398.282226961,21.855560046234302
Latin America and the Caribbean,cuba,Holguín,Small,325877.868614404,162840.27821894002,49.96972605452421
Latin America and the Caribbean,cuba,Las Tunas,Small,192140.05680341797,98363.87591627298,51.19384138462646
Latin America and the Caribbean,cuba,Managua,Small,116618.084346938,19968.729286478,17.12318410845368
Latin America and the Caribbean,cuba,Manzanillo,Small,113576.89909385098,51663.62105383001,45.487789740710625
Latin America and the Caribbean,cuba,Matanzas,Small,154475.082121561,33091.237275911,21.421731467260546
Latin America and the Caribbean,cuba,Nuevitas,Small,58627.010895618,745.707678475,1.2719524108140008
Latin America and the Caribbean,cuba,Palma Soriano,Small,106290.76180030999,50650.70035965,47.652965790957644
Latin America and the Caribbean,cuba,Pinar del Rio,Small,161208.69543422502,41037.125350821,25.455900651193232
Latin America and the Caribbean,cuba,Sancti Spiritus,Small,112200.70387689499,2979.717707851,2.6557032218980585
Latin America and the Caribbean,cuba,Santa Clara,Small,225084.15267644002,35405.88375916799,15.730065105944702
Latin America and the Caribbean,cuba,Santiago de Cuba,Small,492208.83474325004,182999.588545961,37.179257182861974
Africa,democratic_republic_of_the_congo,Aketi,Small,69056.48039674199,44730.283338179994,64.77347684271832
Africa,democratic_republic_of_the_congo,Ariwara,Small,63898.894848656004,47967.701223118,75.06812337948739
Africa,democratic_republic_of_the_congo,Aru,Small,60032.039950383,24797.112446161,41.306463126450524
Africa,democratic_republic_of_the_congo,Bandundu,Small,169542.78693407803,2557.19263257,1.5082874823594195
Africa,democratic_republic_of_the_congo,Baraka,Small,145703.34945983504,96418.840402608,66.17475902926107
Africa,democratic_republic_of_the_congo,Basankusu,Small,129239.534717175,25580.959556397,19.793447579626324
Africa,democratic_republic_of_the_congo,Bena Tshishimbi,Small,38959.906954521,5417.69983337,13.905833604002787
Africa,democratic_republic_of_the_congo,Beni,Large,1812801.846774585,1539672.8035981301,84.93332055776433
Africa,democratic_republic_of_the_congo,Boende,Small,129936.13185419298,41034.744412228,31.580703401479493
Africa,democratic_republic_of_the_congo,Boma,Small,170062.660884356,96296.93307176199,56.624383371988216
Africa,democratic_republic_of_the_congo,Bondo,Small,66746.218723748,29548.265303064,44.269571921908536
Africa,democratic_republic_of_the_congo,Bukavu,Medium,807122.818950923,698711.67717772,86.56819764876515
Africa,democratic_republic_of_the_congo,Bumba,Small,181558.07282118197,47147.516530134,25.968284305688776
Africa,democratic_republic_of_the_congo,Bunia,Small,408343.63619387196,312583.323360845,76.54908651801243
Africa,democratic_republic_of_the_congo,Buta,Small,189934.46957057097,119148.234395395,62.731232864040486
Africa,democratic_republic_of_the_congo,Butembo,Small,400016.699058488,301582.147679068,75.39238946496393
Africa,democratic_republic_of_the_congo,Demba,Small,230094.811133994,29893.2101533,12.991692427123839
Africa,democratic_republic_of_the_congo,Dilolo,Small,180432.753205248,48198.584642514994,26.71276904348268
Africa,democratic_republic_of_the_congo,Dungu,Small,83200.26739767,23462.624422415,28.200179105520597
Africa,democratic_republic_of_the_congo,Elila,Small,53959.322894,22710.47882392,42.08814641453792
Africa,democratic_republic_of_the_congo,Fungurume,Small,234278.133931383,134656.7587219,57.47730548397624
Africa,democratic_republic_of_the_congo,Gemena,Small,406738.7899569629,102419.402957696,25.180633243397565
Africa,democratic_republic_of_the_congo,Goma,Medium,840212.824509904,635908.184001545,75.68417970440645
Africa,democratic_republic_of_the_congo,Idiofa,Small,116180.713046253,30591.173056240998,26.33068110372353
Africa,democratic_republic_of_the_congo,Ilebo,Small,291201.492800318,163144.80678617198,56.02471512673297
Africa,democratic_republic_of_the_congo,Isiro,Small,133014.00447532,71770.911347849,53.9574096960337
Africa,democratic_republic_of_the_congo,Kabalo,Small,103213.969285714,8426.061159858,8.163682898904135
Africa,democratic_republic_of_the_congo,Kabinda,Small,221859.510554605,41494.082466612,18.70286397138666
Africa,democratic_republic_of_the_congo,Kabondo-Dianda,Small,211645.91290281602,82969.40163205599,39.201986229780886
Africa,democratic_republic_of_the_congo,Kabongo,Small,323453.93914014,130924.324034153,40.4769607636247
Africa,democratic_republic_of_the_congo,Kahinda,Small,73166.03797847501,4561.565056666001,6.234538841652167
Africa,democratic_republic_of_the_congo,Kakanda,Small,110451.85559023698,78575.08843679103,71.13967259028685
Africa,democratic_republic_of_the_congo,Kakenge,Small,85177.65552904,20249.84206996,23.77365512608659
Africa,democratic_republic_of_the_congo,Kalemie,Medium,796188.026837622,624994.7101029861,78.4983809145437
Africa,democratic_republic_of_the_congo,Kalimva,Small,96427.14622958598,59509.319479144,61.71428047601518
Africa,democratic_republic_of_the_congo,Kambove,Small,271938.98483060003,164292.526123038,60.415216385904124
Africa,democratic_republic_of_the_congo,Kamina,Medium,673723.124307839,304731.102151696,45.23091031865156
Africa,democratic_republic_of_the_congo,Kamituga,Small,213503.598065174,209526.22515511303,98.137093263952
Africa,democratic_republic_of_the_congo,Kananga,Large,1494447.085084019,718990.199418221,48.11078335221209
Africa,democratic_republic_of_the_congo,Kanyama,Small,172222.869131983,56017.392935733,32.52610598003919
Africa,democratic_republic_of_the_congo,Kasaji,Small,310354.162260045,72635.223568213,23.403979195662313
Africa,democratic_republic_of_the_congo,Kasenga,Small,172164.619168708,44650.677875462,25.934874477146664
Africa,democratic_republic_of_the_congo,Kasongo,Small,142222.156289237,86001.999172932,60.470183701919034
Africa,democratic_republic_of_the_congo,Kasongo-Lunda,Small,51456.767183909,2236.038515767,4.345470262007111
Africa,democratic_republic_of_the_congo,Kasumbalesa,Small,246856.383335346,164962.497328664,66.82529132923739
Africa,democratic_republic_of_the_congo,Kenge,Small,107357.450909611,14283.268079359,13.304403148864552
Africa,democratic_republic_of_the_congo,Kibomango,Small,113043.137022437,44949.430629807,39.76307789555182
Africa,democratic_republic_of_the_congo,Kikondja,Small,117161.2945379,0.0,0.0
Africa,democratic_republic_of_the_congo,Kikwit,Small,472537.339954135,182905.24970829202,38.70704688142634
Africa,democratic_republic_of_the_congo,Kilwa,Small,275697.4667666,100665.083029658,36.51287921150145
Africa,democratic_republic_of_the_congo,Kimpese,Small,102329.300771471,74152.85456966999,72.46492843264254
Africa,democratic_republic_of_the_congo,Kindu,Small,233986.27446686302,88115.75842483899,37.658515921760994
Africa,democratic_republic_of_the_congo,Kingombe,Small,101646.214294871,765.483358332,0.7530859497741529
Africa,democratic_republic_of_the_congo,Kinshasa,Megacity,12535695.9942608,10528534.258186448,83.98843002420219
Africa,democratic_republic_of_the_congo,Kinzao,Small,186554.157057709,122983.106664745,65.92354124100338
Africa,democratic_republic_of_the_congo,Kipushi,Small,243906.881946852,79483.04128469001,32.58745331425687
Africa,democratic_republic_of_the_congo,Kisangani,Medium,811398.967199308,485606.459626512,59.84805000463231
Africa,democratic_republic_of_the_congo,Kisantu,Small,103637.567226513,55165.290921481996,53.22904849832232
Africa,democratic_republic_of_the_congo,Kitenge,Small,151267.38623181998,75921.29726024,50.19012964492507
Africa,democratic_republic_of_the_congo,Kolwezi,Small,368659.01880003896,113483.70858017702,30.782838013717683
Africa,democratic_republic_of_the_congo,Kongolo,Small,375895.966649863,224070.662187331,59.6097543116356
Africa,democratic_republic_of_the_congo,Kwilu-Ngongo,Small,142781.439508732,119674.657507588,83.81667667685136
Africa,democratic_republic_of_the_congo,Kyolo,Small,118403.646056645,29969.915669220998,25.31164931769349
Africa,democratic_republic_of_the_congo,Likasi,Medium,703518.078637142,381165.70695963,54.1799448420751
Africa,democratic_republic_of_the_congo,Lisala,Small,173246.033815927,30700.643866772,17.720835040524666
Africa,democratic_republic_of_the_congo,Lubao,Small,119318.906598303,21713.9411069,18.198240099535763
Africa,democratic_republic_of_the_congo,Lubumbashi,Large,2502149.4540382707,1348014.598454948,53.87426383661293
Africa,democratic_republic_of_the_congo,Luena,Small,212776.635258927,93879.747397356,44.12126701933891
Africa,democratic_republic_of_the_congo,Luiza,Small,116626.438164664,27818.072398901997,23.852286699886925
Africa,democratic_republic_of_the_congo,Lukalaba,Small,91795.182997608,57873.353962866,63.04617744960982
Africa,democratic_republic_of_the_congo,Lwambo,Small,155196.346660427,146613.829979607,94.46989773567368
Africa,democratic_republic_of_the_congo,Lwebo,Small,127024.922263966,24321.662434959995,19.147157897422687
Africa,democratic_republic_of_the_congo,Makanza,Small,68887.978957842,19566.373081646,28.403174802994602
Africa,democratic_republic_of_the_congo,Malemba Nkulu,Small,411638.18024320004,271931.331382505,66.06076511703681
Africa,democratic_republic_of_the_congo,Mambasa,Small,79769.06446766901,55867.854121576,70.03699303032398
Africa,democratic_republic_of_the_congo,Manono,Medium,543535.975571405,394013.987100872,72.49087545431662
Africa,democratic_republic_of_the_congo,Matadi,Small,356163.93080345995,242527.54063626198,68.0943575867301
Africa,democratic_republic_of_the_congo,Mbandaka,Small,447134.449265798,308180.27419977495,68.92340205631929
Africa,democratic_republic_of_the_congo,Mbanza-Ngungu,Small,172258.980835336,106401.278202898,61.76820371682565
Africa,democratic_republic_of_the_congo,Mbuji-Mayi,Large,3587949.614263694,2590960.530111939,72.21284601689277
Africa,democratic_republic_of_the_congo,Moanda,Small,59940.41454446,7269.079662470998,12.127176159382842
Africa,democratic_republic_of_the_congo,Mongbwalu,Small,173148.658767032,101754.347666579,58.76704352846729
Africa,democratic_republic_of_the_congo,Mpose,Small,76942.29748064998,0.0,0.0
Africa,democratic_republic_of_the_congo,Mukanga,Small,131033.37529285901,61285.611531082,46.770993568706395
Africa,democratic_republic_of_the_congo,Mukubu,Small,180314.294349589,24246.708199343,13.446914060143268
Africa,democratic_republic_of_the_congo,Mulongo,Small,336636.71223488403,94332.90185297099,28.022167049668482
Africa,democratic_republic_of_the_congo,Mwadingusha,Small,152938.840378553,49937.34878108,32.65184217264592
Africa,democratic_republic_of_the_congo,Mweka,Small,266143.22934285994,57601.636979630995,21.643096885033092
Africa,democratic_republic_of_the_congo,Mwene-Ditu,Small,222887.670538406,101741.65365908301,45.64705325032853
Africa,democratic_republic_of_the_congo,N/A,Small,106342.03992895501,52589.015613227,49.45270529732236
Africa,democratic_republic_of_the_congo,Nyunzu,Small,195582.955814016,97840.18632884101,50.02490422625545
Africa,democratic_republic_of_the_congo,Oicha,Small,43811.94804778301,15151.873475605,34.583884421390664
Africa,democratic_republic_of_the_congo,Punia,Small,95962.66706987101,18081.663529579,18.842393695053964
Africa,democratic_republic_of_the_congo,Samba,Small,67210.64303394202,32762.175882730004,48.74551767966986
Africa,democratic_republic_of_the_congo,Sandoa,Small,160016.835185807,19292.739038686002,12.056693294979757
Africa,democratic_republic_of_the_congo,Shabunda,Small,86121.702097886,13107.309281942998,15.219519543454007
Africa,democratic_republic_of_the_congo,Tshela,Small,133137.609600658,40616.632787368,30.507257047198223
Africa,democratic_republic_of_the_congo,Tshikapa,Large,1064268.610374229,801171.728533169,75.27909032771838
Africa,democratic_republic_of_the_congo,Uvira,Small,354236.938770122,266567.69481898705,75.25124165325205
Africa,democratic_republic_of_the_congo,Yakoma,Small,71369.22420570301,22412.544155426003,31.403653892646698
Africa,djibouti,Djibouti,Small,420632.270088937,222181.793412247,52.82091014207485
Latin America and the Caribbean,dominican_republic,Azua,Small,66412.097820831,16143.895573152,24.308666798488428
Latin America and the Caribbean,dominican_republic,Baní,Small,122693.94839581501,20478.004466042,16.690313364094564
Latin America and the Caribbean,dominican_republic,Barahona,Small,69416.620585986,22341.926785351003,32.18527003583554
Latin America and the Caribbean,dominican_republic,Bonao,Small,91882.441927694,5692.7964778549995,6.195739205902789
Latin America and the Caribbean,dominican_republic,Higüey,Small,140690.93280481,41497.249285893005,29.495326001900157
Latin America and the Caribbean,dominican_republic,La Romana,Small,253028.87953949202,76510.59088404702,30.237888664446093
Latin America and the Caribbean,dominican_republic,La Vega,Small,124055.035059018,12640.339825763,10.189300111639547
Latin America and the Caribbean,dominican_republic,Mao,Small,72978.806467009,33192.824996421,45.482827965165804
Latin America and the Caribbean,dominican_republic,Moca,Small,95148.31719059,9400.96451961,9.880326628141079
Latin America and the Caribbean,dominican_republic,Puerto Plata,Small,130868.28773818498,5580.356387473,4.264101321962015
Latin America and the Caribbean,dominican_republic,San Cristóbal,Small,180821.87519994998,46455.251127083,25.691167661939968
Latin America and the Caribbean,dominican_republic,San Francisco de Macoris,Small,143013.719335006,32689.598167034997,22.857665907185062
Latin America and the Caribbean,dominican_republic,San Juan de la Maguana,Small,62530.81004355099,8644.470712586,13.824338284703755
Latin America and the Caribbean,dominican_republic,San Pedro de Macorís,Small,241349.013510849,89992.449895603,37.28726651354541
Latin America and the Caribbean,dominican_republic,Santiago de los Caballeros,Medium,740014.1510276659,49944.623324514,6.749144358274142
Latin America and the Caribbean,dominican_republic,Santo Domingo,Large,4606975.496288029,1264066.9786816249,27.43810944295492
Latin America and the Caribbean,ecuador,Ambato,Small,192698.35697469802,6930.529441489,3.5965690368595116
Latin America and the Caribbean,ecuador,Babahoyo,Small,92428.78524678301,12450.426979793003,13.47029169165278
Latin America and the Caribbean,ecuador,Cantón Santo Domingo de los Tsachilas,Small,317572.038159622,28977.787649553,9.124791910989288
Latin America and the Caribbean,ecuador,Chone,Small,65291.69165962299,19031.10292279,29.147817186300625
Latin America and the Caribbean,ecuador,City of Loja,Small,165308.652954828,4065.0938173369996,2.4590931839773815
Latin America and the Caribbean,ecuador,Cuenca,Small,477179.64315975003,15023.679146673,3.148432537312447
Latin America and the Caribbean,ecuador,Daule,Small,81156.24519753199,24720.108710941997,30.45989701812098
Latin America and the Caribbean,ecuador,El Carmen,Small,73941.04927286801,14407.933417296,19.485703217607515
Latin America and the Caribbean,ecuador,Esmeraldas,Small,135078.97643301298,96998.68719699199,71.80887045371905
Latin America and the Caribbean,ecuador,Guayaquil,Large,3222958.767559245,585687.098380943,18.17234226748998
Latin America and the Caribbean,ecuador,Ibarra,Small,110279.178091894,1071.16446808,0.9713206850230736
Latin America and the Caribbean,ecuador,Latacunga,Small,70246.438880188,10527.242485112,14.986158235106004
Latin America and the Caribbean,ecuador,Machala,Small,249359.05629707198,4320.712627692,1.7327273738735007
Latin America and the Caribbean,ecuador,Manta,Small,276933.02958328405,83725.87250966401,30.233256262588398
Latin America and the Caribbean,ecuador,Milagro,Small,155945.489714018,12648.208261127002,8.110659875012754
Latin America and the Caribbean,ecuador,Nueva Loja,Small,67047.72497962501,499.283289061,0.744668501746668
Latin America and the Caribbean,ecuador,Otavalo,Small,54258.886620048004,0.0,0.0
Latin America and the Caribbean,ecuador,Pasaje,Small,49542.84490607101,0.0,0.0
Latin America and the Caribbean,ecuador,Portoviejo,Small,201271.893966134,19902.650663698998,9.888440095390475
Latin America and the Caribbean,ecuador,Quevedo,Small,171889.13476372097,6259.332530464,3.641494000809351
Latin America and the Caribbean,ecuador,Quito,Large,2519469.6751322504,264645.30079418595,10.504008181019062
Latin America and the Caribbean,ecuador,Riobamba,Small,158627.38830939,3033.717330527,1.9124801604940869
Latin America and the Caribbean,ecuador,San Jacinto de Buena Fe,Small,46476.574788371996,7164.6439686270005,15.415602378726772
Latin America and the Caribbean,ecuador,Santa Elena,Small,249950.45243407498,62599.36954262299,25.044711435012797
Latin America and the Caribbean,ecuador,Tulcán,Small,54179.017334116,0.0,0.0
Latin America and the Caribbean,ecuador,Tumbaco,Small,66838.194203377,653.013816394,0.9770069706057474
Latin America and the Caribbean,ecuador,Vinces,Small,51505.271865177994,410.415526931,0.7968417835077506
Latin America and the Caribbean,ecuador,Zarumilla,Small,101808.91828941599,12368.971356938,12.149202216034027
Africa,egypt,6th of October,Small,144972.399437163,991.2457485,0.6837479081179495
Africa,egypt,9th,Small,66384.828491064,0.0,0.0
Africa,egypt,Abu Huminus,Small,131192.46307324598,14095.497550412001,10.744136683021457
Africa,egypt,Abu Kabir‎,Small,213924.69373776502,67447.27596527498,31.52851350950338
Africa,egypt,Abu Manna Gharb,Small,54560.59860150501,18640.095559957,34.16402319208211
Africa,egypt,Abu Qurqas,Small,187929.83882001397,50672.129133929004,26.963322829462548
Africa,egypt,Abu Sir Bana,Small,109609.90810174498,53883.884247892,49.15968381058625
Africa,egypt,Abu Tig,Small,98431.21102896701,31987.146535434,32.49695518428663
Africa,egypt,Abyūhā,Small,52481.521884023,17316.680386768,32.99576644335029
Africa,egypt,Aga,Small,75409.059507488,33158.142495693,43.971033072492375
Africa,egypt,Aghour Al-Kubra,Small,142600.04260144298,37868.157133417,26.555501977833075
Africa,egypt,Al Arish,Small,105356.52172134601,6145.691863133001,5.833233446513676
Africa,egypt,Al Ayyat,Small,141865.056750333,66105.599280579,46.59752076715948
Africa,egypt,Al Balakus,Small,88136.48031273799,27935.327427622,31.695533255353546
Africa,egypt,Al Bustan,Small,340993.779211195,72997.450192015,21.407267417275648
Africa,egypt,Al Daraksa,Small,78492.00537068697,52095.999771974006,66.37109031161202
Africa,egypt,Al Gharabwa,Small,44772.199200828996,4369.531219283,9.759474176560204
Africa,egypt,Al Halawat,Small,129842.679547031,58321.00642042301,44.91666886718727
Africa,egypt,Al Ikhsas,Small,67834.87965900499,10487.216598665,15.45991774641976
Africa,egypt,Al Inab al Saghirah,Small,78805.070915743,39572.336229484994,50.215469346883836
Africa,egypt,Al Ismailiya,Medium,615324.2306849649,166574.470226367,27.07100775812779
Africa,egypt,Al Kafr al Bahri,Small,68180.40178708901,28264.025473635,41.4547652005583
Africa,egypt,Al Manshiyah al Qibliyah,Small,207208.51905646297,44328.605721408,21.393235144607516
Africa,egypt,Al Nazla,Small,37879.994425975994,9971.448026849,26.32378430343996
Africa,egypt,Al Saaida,Small,206220.60521259301,76091.758032426,36.89823233424368
Africa,egypt,Al Saff,Small,84553.94036849,28311.170783072997,33.48297034968636
Africa,egypt,Al Sahil Bahari,Small,151342.638785264,74299.011596828,49.0932444373782
Africa,egypt,Al Salamiyah al Hait,Small,47040.932182322,15367.902150656002,32.66921261486239
Africa,egypt,Al Zayyatin al Qibliyah,Small,69566.633565334,22414.921295465996,32.22079342737616
Africa,egypt,Al-Gharaq,Small,88749.522828773,33155.631608167,37.3586590117618
Africa,egypt,Al-Manzala,Small,351310.434812974,146406.47036096198,41.67438705283659
Africa,egypt,Al-Minya,Medium,619061.255503212,169318.03061545698,27.35077169024649
Africa,egypt,Al-Qobabat,Small,128125.35243641702,66471.25138958299,51.87985837741969
Africa,egypt,Al-Santa,Small,162167.900050552,79369.489515871,48.9427867605916
Africa,egypt,Al-Wasitah,Small,213612.12688194297,87927.62496272699,41.162281489440886
Africa,egypt,Al-Zaqaziq‎,Large,1231506.973045142,601722.000458147,48.86062471658376
Africa,egypt,Alexandria,Very large,7338280.674776271,2435313.687614465,33.18643420093376
Africa,egypt,An Nazlah,Medium,776140.9442067719,253361.963127264,32.64380844979179
Africa,egypt,Armant Al-Waburat,Small,266018.84746353305,111685.23642432001,41.98395620807668
Africa,egypt,Ashmoun,Small,243929.577162874,49444.157688553,20.269849299799624
Africa,egypt,Aswan,Small,410589.3841864,138376.284771112,33.70186617106781
Africa,egypt,Asyut,Medium,981762.790721123,265828.057670084,27.076607525003915
Africa,egypt,Atmeeda,Small,59073.510251173,10675.304157573999,18.071220268076118
Africa,egypt,Atsa,Small,85740.09813819098,20530.766593428,23.945350004542433
Africa,egypt,Aulad Ileiu,Small,49126.447986600004,7680.381093611,15.633902731388075
Africa,egypt,Awlad Sarhan,Small,116516.78385714101,58291.707888389006,50.028593271042695
Africa,egypt,Aţ Ţawābīyah,Small,150999.107210518,35811.242916057,23.71619513361105
Africa,egypt,Balyana,Small,374405.31974003196,92171.56241920199,24.61812307667029
Africa,egypt,Banha,Medium,781009.1235733889,220036.27707048302,28.173329917548255
Africa,egypt,Beni Adi,Small,67384.449707308,21841.860094571002,32.41379901363534
Africa,egypt,Beni Mazar,Small,216952.48168803498,117649.336150383,54.228158735494844
Africa,egypt,Beni Suef,Medium,580557.8772044,116735.717442313,20.107507283242537
Africa,egypt,Biba,Small,101817.287662165,41850.38923035099,41.10342181694403
Africa,egypt,Bilbeis,Small,337823.447520629,117637.485543953,34.822178983526456
Africa,egypt,Bilqas,Small,95245.01806966,23622.289259911,24.801600901198007
Africa,egypt,Birma,Small,55041.393423845,22408.897653979,40.712809505783746
Africa,egypt,Bush,Small,103713.044189572,30507.608338831997,29.415401483220023
Africa,egypt,Cairo,Megacity,25020340.78434203,9772952.341636216,39.06002890157365
Africa,egypt,Dairut,Medium,620468.518775514,192496.45849798498,31.02437153102853
Africa,egypt,Damanhur,Medium,556281.201208875,146722.40141721902,26.375581468216293
Africa,egypt,Damietta,Medium,697695.1955528001,236686.736971045,33.924088696570806
Africa,egypt,Damshir,Small,86676.08752608599,24186.942949767996,27.90497776274074
Africa,egypt,Daquf,Small,46758.25984368,3803.001443506,8.133325440724299
Africa,egypt,Dayr Abu Maqrufah,Small,36940.352555519,19661.001441203,53.22364320062665
Africa,egypt,Delingat,Small,93677.752685178,19260.317581573996,20.5601832126588
Africa,egypt,Desouk,Small,337746.037665029,69160.559958347,20.477089956844825
Africa,egypt,Dirin,Small,162040.531692408,85084.44904327703,52.5081275373669
Africa,egypt,Dishna,Small,60477.636880387996,14092.002610224,23.301179307146224
Africa,egypt,Diyarb al Suq,Small,155732.479742005,54270.78407317,34.84872530321097
Africa,egypt,Dundet,Small,111736.263329257,21721.519861053002,19.43999129185614
Africa,egypt,El Mahalla El Kubra,Large,1089600.1913383051,566588.691110594,51.999687189360664
Africa,egypt,El Senbellawein City,Small,227701.292503287,112129.952663932,49.24431979775141
Africa,egypt,El Showeifat District,Small,46447.50542828699,0.0,0.0
Africa,egypt,Ezbet Abu Habashi,Small,478394.989784142,208211.38852931402,43.52290324429645
Africa,egypt,Ezbet Ahmad al Ballasi,Small,91532.227789679,23616.120368022,25.800880125289495
Africa,egypt,Ezbet al Sibil Qiblli,Small,99491.080632289,17551.940745332002,17.641722889916693
Africa,egypt,Faiyum,Large,1675639.300938193,501206.235478546,29.91134399855147
Africa,egypt,Faris,Small,113681.467239968,57516.196357682,50.594171375596495
Africa,egypt,Fashn,Small,144526.742897399,89766.01380907299,62.11031398721744
Africa,egypt,Fazarah bil Qaryah,Small,140016.095728362,59561.00778303299,42.5386863368796
Africa,egypt,Fuwah,Small,233640.35248461203,71451.794970687,30.581958215198696
Africa,egypt,Garawan,Small,181056.07042069497,28288.27197669,15.624039509396429
Africa,egypt,Geziret Nikla,Small,90471.163976353,35924.789408874,39.70855223910226
Africa,egypt,Ghayyadah al Gharbiyah,Small,117089.63339953199,52087.549549744,44.48519312722709
Africa,egypt,Gimmeizet Bilgai,Small,31707.098593732,11837.867675619,37.335070695996016
Africa,egypt,Girga,Medium,944563.813495686,324787.79711177596,34.384950224780056
Africa,egypt,Hawsh Isa,Small,84274.473941556,30811.854617546996,36.56131349916807
Africa,egypt,Hour,Small,93335.16291097002,48614.689452776,52.08614624602765
Africa,egypt,Hurghada,Small,95128.51807756601,7338.916792915001,7.714738903985643
Africa,egypt,Idku,Small,147907.57984444196,107111.69434825401,72.41798862567153
Africa,egypt,Ihnasya al Madinah,Small,96788.82066545599,32827.394090937,33.91651418545812
Africa,egypt,Isna,Small,96661.934924065,22876.290126096996,23.666286159146296
Africa,egypt,Itay el-Barud,Small,156745.04982476804,23073.624382487,14.72048042874846
Africa,egypt,Izbat Abu Sir,Small,60310.298701449006,22138.784866486,36.70813334233096
Africa,egypt,Izbat Bahnasi,Small,84116.679318396,27011.299520337998,32.11170452663213
Africa,egypt,Izbat al Hawwashah,Small,67198.107257583,6526.7473298,9.712695187651265
Africa,egypt,Kafr Al-Sheikh,Small,378628.51289204205,72605.514068435,19.17592352299599
Africa,egypt,Kafr Al-Zaiyat,Small,281904.32390107005,85965.61486736298,30.494606708314016
Africa,egypt,Kafr Awn,Small,75618.089426595,17129.876515547003,22.653146417003228
Africa,egypt,Kafr Dinshawai,Small,81137.01459537899,29425.420705987002,36.26633399408175
Africa,egypt,Kafr Haggag,Small,323976.63617386,136865.89390797698,42.24560620307471
Africa,egypt,Kafr Ismail,Small,118372.738666534,57380.601108428,48.474506676806726
Africa,egypt,Kafr Sarawa,Small,91328.837657233,31925.701644374,34.95686845834457
Africa,egypt,Kafr al Arab,Small,113543.089164624,62732.470842648,55.24992432757696
Africa,egypt,Kafr al Bashbishah,Small,68698.795843775,21645.406239233,31.50769380071216
Africa,egypt,Kafr al Dabbusi,Small,215063.86739821802,93577.896316757,43.51167746067063
Africa,egypt,Kafr al Dayr,Small,112620.74779356901,29558.096590335,26.24569377262016
Africa,egypt,Kafr al Hajj Daud,Small,92278.69706744999,24492.865070563,26.542274489051614
Africa,egypt,Kafr al Hajj Shirbini,Small,83191.645950019,22284.061733938,26.786417649827634
Africa,egypt,Kafr al Hawi,Small,104875.695406612,16159.37447022,15.40812140274134
Africa,egypt,Kafr al Rabaya,Small,61872.953357041006,5592.215905884999,9.03822365422713
Africa,egypt,Kafr al Sharaqwah,Small,132149.65215857097,31800.922220852,24.064325332232404
Africa,egypt,Kafr al Shurafa al Qibli,Small,88228.81376279099,22428.717488166,25.421080179619203
Africa,egypt,Kahk al Qibliya,Small,71694.47432318,24591.487389233,34.30039430707168
Africa,egypt,Kardida,Small,93168.33876969901,24470.622460377996,26.264955223540525
Africa,egypt,Kawm Abu Shil,Small,170658.92178975503,61634.31693021199,36.11549650251688
Africa,egypt,Luxor,Large,3002118.536562468,1274991.010805235,42.46970914963087
Africa,egypt,Maghagheh,Small,217638.99654439,96406.14038317,44.29635401462019
Africa,egypt,Mahdiyah,Small,49212.749925227,9010.655198969,18.30959499857178
Africa,egypt,Mallawi,Small,421390.81601986405,161164.44257323898,38.2458365124032
Africa,egypt,Manqaţīn,Small,40991.5754408,9763.598678362,23.8185494784473
Africa,egypt,Mansoura,Large,1446170.82839702,725165.219388646,50.14381462751819
Africa,egypt,Manuf,Small,258729.23933846198,52784.003634654,20.40125181429669
Africa,egypt,Maragha,Small,255653.599101241,98137.456202801,38.38688621940258
Africa,egypt,Markaz Deir Mawas,Small,95753.74924076699,48945.113687331,51.115610694534254
Africa,egypt,Marsa Matruh‎,Small,182045.026325758,0.0,0.0
Africa,egypt,Mehallet Roh,Small,111113.24518178002,53987.474730397,48.587794049281975
Africa,egypt,Minshat al Maghaliqah,Small,75220.061281692,27007.627621121006,35.90482001866497
Africa,egypt,Minya Al-Qamh,Small,226966.25786644098,55340.34494705801,24.38263091054848
Africa,egypt,Minyat Sultan,Small,186020.44327984104,91237.38972041602,49.0469693071113
Africa,egypt,Mit Ghamr,Medium,528815.676487687,82033.285976715,15.512642613314256
Africa,egypt,Mit Musa,Small,65703.145464897,29593.963728648003,45.04192838752153
Africa,egypt,Muhammad al Askari,Small,37158.077688822996,3612.735534462,9.72261149975661
Africa,egypt,Mutubis,Small,67331.191071378,27879.199817108,41.40606956967861
Africa,egypt,Nag Hammadi,Small,262910.650652437,64431.247542492,24.5068989721793
Africa,egypt,Naj Kawm Majanin,Small,82576.916750439,20352.908402825004,24.64721280928281
Africa,egypt,Naj al Madamud,Large,1328955.863833339,506360.12469254795,38.10210244544655
Africa,egypt,Naj al Shaykh Hasan Abu Sabir,Small,105040.81525384399,30729.73371047,29.255041134446486
Africa,egypt,Nazlat Dahrut,Small,73096.62480815999,24444.540411717,33.44140782952838
Africa,egypt,Nazlet Abu Haseiba,Small,124682.235972133,66762.60648581701,53.54620565253476
Africa,egypt,Nazlet Husein Ali,Small,59946.607160868996,22483.993356859995,37.50669874697553
Africa,egypt,Nazlet Rimeih,Small,404934.16029295,137027.282613162,33.83939811697524
Africa,egypt,Nazlet al Barsha,Small,61230.86270185101,32719.698852063004,53.43661253212081
Africa,egypt,Nazlet al Khalayfa,Small,104841.209760231,49980.043448248005,47.672135377444626
Africa,egypt,Nazlet al Mughrebi,Small,95224.19550152401,46447.801404941005,48.77731038872115
Africa,egypt,Nazlet al Sibaat,Small,171983.396412174,34181.918185815004,19.87512684299762
Africa,egypt,Nida,Small,212488.76162535098,80266.03395747901,37.77424902075521
Africa,egypt,Port Said,Medium,872473.422564456,60387.470381283005,6.921410878486873
Africa,egypt,Qalandūl,Small,50229.731857243016,17454.807343198998,34.749951269513005
Africa,egypt,Qaryat Salah al Din,Small,53173.772240888,2660.471558176,5.003353055569431
Africa,egypt,Qena,Small,153986.053088286,9352.661626113,6.073706961467976
Africa,egypt,Qism Auwal Faqus,Small,389488.297312059,97358.211050074,24.996440643265426
Africa,egypt,Qotur,Small,68141.28042845799,17952.431226882,26.345896516767663
Africa,egypt,Qus,Small,341643.342790429,38761.779491668996,11.34568558399988
Africa,egypt,Quwaysina,Small,254941.84513608698,42555.794949543,16.692353868713425
Africa,egypt,Rosetta,Small,153743.20349667702,55621.17486415499,36.17797313905793
Africa,egypt,Sadat City,Small,90970.569997261,699.261216415,0.7686675113017911
Africa,egypt,Safur,Small,72126.07890233901,37002.936884733994,51.30313119452554
Africa,egypt,Samalut,Small,252828.108859891,45803.511236626,18.11646317459456
Africa,egypt,Sandafa al Far,Small,61851.573874577,30253.928157147,48.91375637182022
Africa,egypt,Shamma,Small,53847.122947949,16670.932601196,30.959746200945325
Africa,egypt,Shibin Al-Kom,Small,478898.549123175,94567.74367178,19.74692632603001
Africa,egypt,Shimm al Basal al Bahari,Small,175037.160651329,58780.67056956301,33.58182362581457
Africa,egypt,Shubra Khit,Small,113259.726932812,59685.963134434,52.69831099790744
Africa,egypt,Shubra Millis,Small,44598.660246525,22716.739838393998,50.93592433679445
Africa,egypt,Shunufa,Small,66743.026150073,22023.179935103002,32.996975422695776
Africa,egypt,Shushah,Small,71177.027501964,18225.884595209,25.60641436551434
Africa,egypt,Sinnuris,Small,154446.464262924,66706.251244895,43.19053308422569
Africa,egypt,Sohag,Large,1092822.003016737,410900.765180099,37.59997182027875
Africa,egypt,Suez,Medium,539404.864881207,42874.31954486501,7.948448806502182
Africa,egypt,Sunbat,Small,163556.725642136,60308.094251225004,36.87289166156322
Africa,egypt,Tahma,Small,248128.458142509,80236.79421887301,32.336796359243145
Africa,egypt,Tala,Small,236042.211679625,73678.02999526302,31.213921218152546
Africa,egypt,Tall al Zahirah,Small,52039.562416108005,20540.769613731998,39.47144952812658
Africa,egypt,Tanta,Medium,978607.707527584,520751.561678623,53.21351524956639
Africa,egypt,Tima,Small,375591.64010482497,186889.198693357,49.758615138824055
Africa,egypt,Tod,Small,301446.791716827,134608.58541930004,44.65417749270611
Africa,egypt,Tukh,Small,308610.67245168,108188.28132150302,35.056558628393624
Africa,egypt,Tutun,Small,59506.833921201,10418.05119481,17.507318921731898
Africa,egypt,Zayyan,Small,139097.14904316998,3413.703164591,2.4541862921514865
Africa,egypt,الغنايم,Small,92147.68659470399,48491.798346085,52.623999731396374
Latin America and the Caribbean,el_salvador,Ahuachapan,Small,83851.126333843,14857.357970419998,17.718733927636517
Latin America and the Caribbean,el_salvador,Chalchuapa,Small,65024.155279814,11467.657800288998,17.635996578411532
Latin America and the Caribbean,el_salvador,Lourdes,Small,193330.201683213,20149.386216193,10.422265140554387
Latin America and the Caribbean,el_salvador,San Juan Nonualco [Zacatecoluca],Small,61045.965322201,5620.854916050999,9.207578070694911
Latin America and the Caribbean,el_salvador,San Miguel,Small,169521.709048182,1102.9957306390002,0.6506516108361692
Latin America and the Caribbean,el_salvador,San Salvador,Large,1699260.262380633,404419.143936873,23.79971761184417
Latin America and the Caribbean,el_salvador,Santa Ana,Small,199564.36927818,14184.734341106,7.107849157849107
Latin America and the Caribbean,el_salvador,Sonsonate,Small,183229.30717215,46228.640368889006,25.22993787530707
Latin America and the Caribbean,el_salvador,Usulután,Small,65262.324715389004,0.0,0.0
Africa,equatorial_guinea,Bata,Medium,565440.77497037,390351.75385684904,69.03494957138598
Africa,equatorial_guinea,Malabo,Medium,616569.194813129,219512.47600596497,35.60224510932552
Africa,eritrea,Asmara,Small,253661.679412561,59555.471371305,23.478308394561502
Africa,ethiopia,Adama,Medium,569976.631454536,211670.21412552602,37.13664779297356
Africa,ethiopia,Addis Ababa,Very large,7054287.372528575,4154697.8152724393,58.89606697130072
Africa,ethiopia,Agaro,Small,94608.545079,17306.317065548003,18.292551746881728
Africa,ethiopia,Alaba Kulito,Small,166469.083409291,70392.64803097001,42.28571851861428
Africa,ethiopia,Ambo,Small,138466.53790907603,60449.18834622,43.65617084028917
Africa,ethiopia,Arba Minch,Small,146946.00130877903,50003.079389277,34.02820011699744
Africa,ethiopia,Arsi Negelle,Small,224237.875900586,157541.41398779,70.25637990686047
Africa,ethiopia,Asella,Small,185234.624351106,79047.60808477401,42.67431553991867
Africa,ethiopia,Asosa,Small,103211.11646688201,30806.36372165,29.84791248870467
Africa,ethiopia,Bahir Dar,Small,465528.559316146,185541.64549390902,39.85612521097883
Africa,ethiopia,Bako,Small,82459.33532148799,48263.45012623301,58.53000140986595
Africa,ethiopia,Bedele,Small,60113.708064033,23281.921085754002,38.72980362641105
Africa,ethiopia,Bishoftu,Small,315371.04810610996,117635.06427429701,37.3005274202334
Africa,ethiopia,Butajira,Small,62095.692478335994,16928.716678789,27.262304361441984
Africa,ethiopia,Debre Birhan,Small,134924.459261802,63913.373178799,47.3697456550736
Africa,ethiopia,Dessie,Small,299545.702737412,144862.053317429,48.36058470997933
Africa,ethiopia,Dilla,Small,175393.442625404,76257.0221734,43.4776927985077
Africa,ethiopia,Dire Dawa,Small,469055.783898872,205088.51025711797,43.72369285213523
Africa,ethiopia,Dolo,Small,51902.924445658995,39166.035289406995,75.46017051584985
Africa,ethiopia,Dukem,Small,51713.678629655,3331.1837154809996,6.441591091086578
Africa,ethiopia,Ginir,Small,58078.464974188,26732.745159402002,46.028670301949134
Africa,ethiopia,Gonder,Small,297681.964318272,104393.861782928,35.068923984697115
Africa,ethiopia,Harar,Small,208651.91489035002,126437.82413085,60.5974904171357
Africa,ethiopia,Hawassa,Small,394430.261164263,250016.219985238,63.38667303245204
Africa,ethiopia,Holeta,Small,49990.874213455005,17872.347426839,35.751220013729366
Africa,ethiopia,Hossana,Small,130577.11148239001,2577.063209664,1.9735948976107884
Africa,ethiopia,Jijiga,Small,354846.87998577603,218686.04851573,61.62828556488815
Africa,ethiopia,Jimma,Small,275068.25483319606,150169.492932225,54.59353825591003
Africa,ethiopia,Kebri Dehar,Small,166698.86210707,105953.80051994,63.56000225837553
Africa,ethiopia,Kombolcha,Small,257353.408051383,79268.999398201,30.801612459071926
Africa,ethiopia,Mek'elē,Small,290629.789219672,60995.34192422799,20.987298682629117
Africa,ethiopia,Meki,Small,117041.60554003401,70527.058399127,60.25810913453614
Africa,ethiopia,Metu,Small,67821.49513636401,29391.384589317,43.33638550760605
Africa,ethiopia,Mojo,Small,96817.32577493001,35235.210307993,36.39349674861278
Africa,ethiopia,Moyale,Small,67965.432715334,14222.141328190999,20.925551063227875
Africa,ethiopia,Nekemte,Small,183275.920584895,81974.605080861,44.72742781444093
Africa,ethiopia,Robe,Small,137763.950296481,35149.995594178,25.514654246290046
Africa,ethiopia,Shashamane,Small,343689.25563784596,119039.086067822,34.63567281057413
Africa,ethiopia,Sodo,Small,105872.42674910501,28727.740650507,27.134298827952243
Africa,ethiopia,Sululta,Small,90975.42111506099,5781.374841326001,6.354875603174199
Africa,ethiopia,Tepi,Small,134345.874757301,65934.786624374,49.07838572899001
Africa,ethiopia,Waliso,Small,75298.665106878,6658.831201592,8.84322609456693
Africa,ethiopia,Weldiya,Small,129121.161560181,54571.992310179,42.2641739361553
Africa,ethiopia,Welkite,Small,53286.300494867006,4953.968580353,9.2968896964994
Africa,ethiopia,Ziway,Small,60223.12158592001,3439.757648785,5.711689394707839
Oceania,fiji,Suva,Small,232937.86514215902,0.0,0.0
Africa,gabon,Libreville,Medium,683325.209131312,231107.134300825,33.820958339093565
Africa,gabon,Port-Gentil,Small,62079.170263210995,23308.770428894004,37.54684595503866
Africa,gambia,Brikama,Small,186299.00941186098,41758.568912828996,22.414809957744403
Africa,gambia,Farafenni,Small,41189.613813412,20209.101391513,49.06358550254868
Africa,gambia,Serrekunda,Large,1123731.726252779,507194.61724609893,45.1348489498825
Africa,gambia,Yundum,Small,95436.138783059,1539.922988266,1.6135638007804165
Africa,ghana,Accra,Very large,5450209.961275143,2502885.777084398,45.92274049748384
Africa,ghana,Agona Swedru,Small,173333.587654447,27187.327220807,15.684973459966049
Africa,ghana,Akatsi,Small,74788.50221407702,8077.786797451,10.800840447812263
Africa,ghana,Akim Oda,Small,101636.959496804,15506.666459316999,15.256916909054732
Africa,ghana,Asamankese,Small,96267.145181491,23814.896956462,24.738343400091622
Africa,ghana,Assin Fosu,Small,80943.00745908098,18908.88086199,23.36073424446081
Africa,ghana,Atebubu,Small,77407.65972907499,10501.714123705,13.566763496611001
Africa,ghana,Bawku,Small,56301.449611851014,6778.059095318,12.038871364852517
Africa,ghana,Berekum,Small,115886.930665311,5416.631188136,4.674065623309658
Africa,ghana,Bole,Small,22830.995622591,1080.58412897,4.732969804876904
Africa,ghana,Bolgatanga,Small,65673.219929748,3190.733644205,4.858500386638867
Africa,ghana,Cape Coast,Small,262551.633280572,73709.64463533899,28.074342450031626
Africa,ghana,Dambai,Small,63613.492032129,20780.449224810996,32.66673241946143
Africa,ghana,Dormaa Ahenkro,Small,78354.88634768299,472.327270531,0.6028051249224574
Africa,ghana,Dunkwa-on-Ofin,Small,62416.008951085,3079.1888662089996,4.93333187743891
Africa,ghana,Ejura,Small,53163.80619155301,4463.76443223,8.396246905548367
Africa,ghana,Ho,Small,208651.89467228,49278.194513088994,23.617420100827747
Africa,ghana,Hohoe,Small,151589.488509889,48239.171484298,31.82224041949393
Africa,ghana,Kete Krachi,Small,38163.46633141799,6816.0620895249995,17.860175567735816
Africa,ghana,Kintampo,Small,102174.96674283201,7475.117288404001,7.315996791286855
Africa,ghana,Koforidua,Small,212352.94460013398,14540.003130881001,6.847092776726124
Africa,ghana,Konongo,Small,74952.804491421,6346.509636074,8.467341121038924
Africa,ghana,Kumasi,Large,4927370.402926112,1538071.044788065,31.214845222000843
Africa,ghana,Mampong,Small,57755.209751745,3883.7352408599995,6.724476038705161
Africa,ghana,Navrongo,Small,43159.485294836,1491.390640572,3.45553388874738
Africa,ghana,New Tafo Akim,Small,85553.06872344801,5035.8715928930005,5.886254775000012
Africa,ghana,Nkawkaw,Small,73099.621699759,10481.195962901,14.33823557384505
Africa,ghana,Nkoranza,Small,71620.316530386,1888.0999792880002,2.6362631034825785
Africa,ghana,Nsawam,Small,61834.67246943199,12771.017037324,20.65348861294181
Africa,ghana,Obuasi,Small,228531.66154333,51919.50670630301,22.71873680682927
Africa,ghana,Savelugu,Small,78792.494748472,34223.550409335,43.43503847490333
Africa,ghana,Somanya,Small,121550.296477502,11646.531984259998,9.58165658313773
Africa,ghana,Suhum,Small,88624.514193683,8927.202665499,10.073062455371197
Africa,ghana,Sunyani,Small,130137.189921208,13865.714714256002,10.654690425274318
Africa,ghana,Takoradi [Sekondi-Takoradi],Large,1189029.176809241,252827.77954093798,21.263378937378235
Africa,ghana,Tamale,Medium,541753.5542169649,97790.153624933,18.05067135485176
Africa,ghana,Techiman,Small,149119.723369339,12201.329863493,8.18223745847007
Africa,ghana,Wa,Small,50151.510193012,8681.788614416,17.311121003143192
Africa,ghana,Walewale,Small,57400.884864468004,5431.96374974,9.463205597902666
Africa,ghana,Wenchi,Small,54107.023923547,0.0,0.0
Africa,ghana,Winneba,Small,107863.38517890901,27636.015699220003,25.621313157732967
Africa,ghana,Yeji,Small,66660.031213421,4619.095779781001,6.92933335868438
Africa,ghana,Yendi,Small,135941.16746582,38008.821077887,27.95975772934541
Latin America and the Caribbean,guatemala,Aguacatán,Small,44530.273696859,11022.52860424,24.752887618154226
Latin America and the Caribbean,guatemala,Chimaltenango,Small,171999.62984715,91491.50612533701,53.192850593133414
Latin America and the Caribbean,guatemala,Chiquimula,Small,63654.511188549004,15396.598849334,24.187757571067074
Latin America and the Caribbean,guatemala,Ciudad Vieja [Antigua Guatemala],Small,60528.42521323101,6261.980294041001,10.345519930480835
Latin America and the Caribbean,guatemala,Coatepeque,Small,94036.86105117999,12330.420328231,13.112326581722153
Latin America and the Caribbean,guatemala,Cobán,Small,216882.487835541,124198.43359662301,57.26531212183483
Latin America and the Caribbean,guatemala,El Estor,Small,51990.665843769,8546.218481564,16.437986209380796
Latin America and the Caribbean,guatemala,Escuintla,Small,87580.385039723,19873.983869953,22.692277341483425
Latin America and the Caribbean,guatemala,Flores,Small,141759.47546021699,38513.47252173699,27.168182159749392
Latin America and the Caribbean,guatemala,Fray Bartolomé de las Casas,Small,35041.438549587,5389.262234461001,15.379683190901758
Latin America and the Caribbean,guatemala,Guatemala City,Large,2717787.348455546,610440.999053207,22.46095521049894
Latin America and the Caribbean,guatemala,Huehuetenango,Small,69285.038570217,8488.12404487,12.251020162553132
Latin America and the Caribbean,guatemala,Jalapa,Small,86501.99094295398,31218.164612325996,36.08953305238216
Latin America and the Caribbean,guatemala,Jutiapa,Small,56513.549732338,3413.193088701,6.039601307769053
Latin America and the Caribbean,guatemala,La Leyenda,Small,58102.405585207,21037.742009835,36.2080395776096
Latin America and the Caribbean,guatemala,Malacatán,Small,69617.430582075,22589.385462463,32.4478873661265
Latin America and the Caribbean,guatemala,Mazatenango,Small,110379.112650984,10244.339389169001,9.28104887159344
Latin America and the Caribbean,guatemala,Morales,Small,57046.833606111,18483.047946985,32.399778880987796
Latin America and the Caribbean,guatemala,Ostuncalco,Small,40244.791654947,33194.189013447,82.48070780947049
Latin America and the Caribbean,guatemala,Panajachel [Sololá],Small,51224.92101849001,16092.124317403,31.414639588403524
Latin America and the Caribbean,guatemala,Poptún,Small,58870.742854436,6901.903427409001,11.723825949461299
Latin America and the Caribbean,guatemala,Puerto Barrios,Small,66882.634262739,1172.698429926,1.7533675861498212
Latin America and the Caribbean,guatemala,Quetzaltenango,Small,213235.72023518896,52919.39376031401,24.817321273352515
Latin America and the Caribbean,guatemala,Retalhuleu,Small,65561.576762132,5027.475186729,7.668325618478476
Latin America and the Caribbean,guatemala,Salamá,Small,33728.314833345,17331.576018427,51.38583443633061
Latin America and the Caribbean,guatemala,San José Pinula,Small,142366.380899615,17666.719966205997,12.409334180281725
Latin America and the Caribbean,guatemala,San Juan Sacatepéquez,Small,60576.144072541,35650.739915822,58.8527719313557
Latin America and the Caribbean,guatemala,San Pedro Sacatepéquez [San Marcos],Small,99501.737388885,32617.789384122996,32.78112547587196
Latin America and the Caribbean,guatemala,Santa Cruz Barillas,Small,77901.291801033,56822.435912622,72.94158363606046
Latin America and the Caribbean,guatemala,Santa Cruz del Quiché,Small,78601.202095313,16130.373111644,20.521789338646585
Latin America and the Caribbean,guatemala,Santa Lucía Cotzumalguapa,Small,104880.83845185098,78766.26617939201,75.10072129672406
Latin America and the Caribbean,guatemala,Santa María Nebaj,Small,51429.344648073,42708.607320017996,83.04326569251401
Latin America and the Caribbean,guatemala,Totonicapán,Small,94443.118453769,10953.831119496,11.59833696603107
Africa,guinea_bissau,Bafatá,Small,70137.27405093,5496.088071107,7.836187170770324
Africa,guinea_bissau,Bissau,Medium,628172.433114812,210691.466174755,33.54038717204367
Africa,guinea_bissau,Gabú,Small,81894.742895352,16305.706049737999,19.910565041487473
Africa,guinea,Banankoro,Small,79703.267338819,21867.679314807,27.436364963367666
Africa,guinea,Boké,Small,60181.392026531,10641.548599531001,17.682456721572123
Africa,guinea,Conakry,Large,2970382.3938673167,1777227.780441896,59.831615757997334
Africa,guinea,Faranah,Small,97819.19499270301,60362.085603475,61.70781267212209
Africa,guinea,Fria,Small,57714.20165107401,9411.246507591,16.306638987209947
Africa,guinea,Guéckédou,Small,54411.189912329995,8981.525208456,16.506761243280064
Africa,guinea,Kamsar,Small,111734.434237044,19803.832137666,17.72401880663957
Africa,guinea,Kankan,Small,245810.263599971,132915.853505257,54.07254016112315
Africa,guinea,Kindia,Small,198647.315367823,14756.317691218,7.4284002599756445
Africa,guinea,Kissidougou,Small,110193.41600262902,27633.732444389,25.07748053089643
Africa,guinea,Labé,Small,184855.461013106,45947.999337178,24.85617632574044
Africa,guinea,Macenta,Small,65781.808730902,3863.7791501330003,5.873628628757864
Africa,guinea,Mamou,Small,76890.61236388698,13506.919176061,17.566408643150254
Africa,guinea,Nzérékoré,Small,285085.445151011,99355.516773155,34.85113619901779
Africa,guinea,Sangarédi,Small,84782.69745780398,32390.083973995006,38.203648792980935
Africa,guinea,Siguiri,Small,224405.35227444803,68266.86298905099,30.42122761205826
Africa,guinea,Sinko,Small,99678.51160351197,31086.595699831003,31.18685782898039
Latin America and the Caribbean,haiti,Anse-à-Galets,Small,69073.76956045101,38310.880830385,55.46371810048187
Latin America and the Caribbean,haiti,Cap-Haitien,Small,333394.33026489,270649.778689417,81.18007839976735
Latin America and the Caribbean,haiti,Gonaïves,Small,389123.1403017719,246684.42256126495,63.394950598403575
Latin America and the Caribbean,haiti,Gros Morne,Small,77294.91833211701,71942.642412885,93.07551384395722
Latin America and the Caribbean,haiti,Hinche,Small,64321.147370367,51645.841611660995,80.29371944234694
Latin America and the Caribbean,haiti,Jacmel,Small,123070.92672737599,74288.996932934,60.362750901760364
Latin America and the Caribbean,haiti,Jérémie,Small,59201.419507959006,46228.578243957,78.08694221891429
Latin America and the Caribbean,haiti,Les Cayes,Small,78814.27918265702,32513.096656814,41.2527996119369
Latin America and the Caribbean,haiti,Léogâne,Small,124197.902871265,106003.623207398,85.35057416973785
Latin America and the Caribbean,haiti,Mirebalais,Small,51198.06172668999,43977.123331309,85.89607076547459
Latin America and the Caribbean,haiti,Ouanaminthe,Small,118948.99706259099,81785.464638454,68.75675008459169
Latin America and the Caribbean,haiti,Petit-Goâve,Small,150477.16196051502,119164.15094905799,79.19085487559
Latin America and the Caribbean,haiti,Port-au-Prince,Large,1726843.34522247,1016851.9758532441,58.88501575238387
Latin America and the Caribbean,haiti,Port-de-Paix,Small,178643.254716347,123511.069707443,69.13838974975917
Latin America and the Caribbean,haiti,Saint-Louis-du-Nord,Small,131264.956406871,44645.014321573,34.01137328929633
Latin America and the Caribbean,haiti,Saint-Marc,Small,211502.989906261,175203.572649398,82.83739758338591
Latin America and the Caribbean,honduras,Barrio El Centro,Small,99353.14445256001,49111.992434935,49.43174441588551
Latin America and the Caribbean,honduras,Choluteca,Small,107290.14222635499,5490.471419664001,5.117405295335054
Latin America and the Caribbean,honduras,Comayagua,Small,106688.84602658098,22276.076478836007,20.879480197288885
Latin America and the Caribbean,honduras,Danli,Small,73698.071951813,2636.734586726,3.5777524661025213
Latin America and the Caribbean,honduras,El Progreso,Small,131985.275919762,40504.973504543996,30.68900922642935
Latin America and the Caribbean,honduras,Juticalpa,Small,56835.574705349994,1610.12225873,2.832947968024044
Latin America and the Caribbean,honduras,La Ceiba,Small,299165.12313723296,52435.467494537,17.527266194891244
Latin America and the Caribbean,honduras,Puerto Cortés,Small,71281.40951662899,531.54914079,0.7457051486418724
Latin America and the Caribbean,honduras,San Pedro Sula,Large,1305287.425311232,227143.05873370898,17.401765644034235
Latin America and the Caribbean,honduras,Santa Rosa,Small,53613.321693246,15528.945647785999,28.964714659234176
Latin America and the Caribbean,honduras,Siguatepeque,Small,73981.876528533,2161.308681693,2.92140289366604
Latin America and the Caribbean,honduras,Tegucigalpa,Large,1600986.6192094348,685327.902910229,42.806597799589554
Latin America and the Caribbean,honduras,Villanueva,Small,105557.44683171099,53595.443306511,50.77372077022439
Asia,india,Abohar,Small,141450.391800839,0.0,0.0
Asia,india,Abu Road,Small,92878.226374216,0.0,0.0
Asia,india,Achalpur,Small,176608.725921368,21886.271092552004,12.392519666495126
Asia,india,Adilabad,Small,176338.013667888,0.0,0.0
Asia,india,Adoni,Small,220406.59745579798,41340.270753091005,18.75636720056971
Asia,india,Adra,Small,43803.003608046994,0.0,0.0
Asia,india,Agartala,Medium,886307.2899292159,74101.12569298201,8.360658491131222
Asia,india,Agra,Large,2741767.871998032,543155.104777196,19.81039716470884
Asia,india,Ahmadnagar,Small,492821.953542425,0.0,0.0
Asia,india,Ahmadpur,Small,89403.812721695,0.0,0.0
Asia,india,Ahmedabad,Very large,7888997.222837737,2236027.537812634,28.343621814691378
Asia,india,Ahore,Small,27869.149855788997,837.131889303,3.003794136652182
Asia,india,Aizawl,Small,362270.676224562,23250.70793599,6.418048564763631
Asia,india,Ajmer,Medium,620982.061373179,11405.596267836,1.8367030188625386
Asia,india,Akbarpur,Small,161499.257031975,19478.25229673,12.060892820623645
Asia,india,Aklera,Small,66585.25014269,10347.31187577,15.539945939372535
Asia,india,Akluj,Small,93213.64533252698,0.0,0.0
Asia,india,Akola,Medium,673442.926578543,17381.044998457997,2.580923239741068
Asia,india,Akot,Small,127825.293156237,33992.54967873,26.592976115597033
Asia,india,Alappuzha,Large,1004801.294289331,9222.4265217,0.9178358521346028
Asia,india,Alibag,Small,108396.432811784,719.702437177,0.663953986776177
Asia,india,Aligarh,Large,1707257.418696864,488106.83871924994,28.590113791499466
Asia,india,Alipurduar,Small,147759.844058388,0.0,0.0
Asia,india,Allagadda,Small,51839.66984123801,0.0,0.0
Asia,india,Alwar,Medium,599355.452612411,566.257348802,0.0944777170765451
Asia,india,Amalapuram,Small,143078.93796282096,2898.54679371,2.0258375096851693
Asia,india,Amalner,Small,155444.22022850596,6812.592863053001,4.382660772486979
Asia,india,Ambad,Small,53512.346656425,6603.77433421,12.340655468932072
Asia,india,Ambah,Small,105841.906011,0.0,0.0
Asia,india,Ambajogai,Small,176895.841338408,24432.54854949,13.811827550399938
Asia,india,Ambala,Medium,606614.9435715841,3545.825869789,0.5845266272064021
Asia,india,Ambikapur,Small,205640.04282585697,2374.904824792,1.1548844243351724
Asia,india,Ambur,Small,235741.224289866,29749.202717731998,12.619431670191275
Asia,india,Amer,Small,47674.865002440994,0.0,0.0
Asia,india,Amgaon,Small,66375.69727972601,3211.854727719,4.838901675387806
Asia,india,Amravati,Medium,763765.06197829,0.0,0.0
Asia,india,Amreli,Small,157471.052894781,4203.593297687,2.6694387447169463
Asia,india,Amritsar,Large,1335766.143712539,347759.22237530403,26.034439038016437
Asia,india,Amroha,Small,286561.830572981,167968.911451541,58.61524234252929
Asia,india,Anakapalle,Small,131538.67746209103,10703.398287491002,8.137073060184662
Asia,india,Anand,Medium,651364.294868109,17060.193862541997,2.6191478404563786
Asia,india,Anantapur,Small,423328.94120727305,1690.844868496,0.399416317645081
Asia,india,Anantnag,Small,277126.42680959805,19150.709524949998,6.910459513162073
Asia,india,Angul,Small,158564.892577361,0.0,0.0
Asia,india,Anichampalayam,Small,40194.00666386799,0.0,0.0
Asia,india,Anjangaon,Small,73455.63068584999,22460.175780553996,30.57652023520176
Asia,india,Anjar,Small,96737.409777816,5237.51165134,5.4141532870989435
Asia,india,Ankleshwar,Small,266801.650487662,0.0,0.0
Asia,india,Anpara,Small,109560.010081072,0.0,0.0
Asia,india,Arakkonam,Small,134300.96618627204,5145.518882449,3.831334225334087
Asia,india,Araria,Small,155976.810872982,74103.453690906,47.50927607517975
Asia,india,Arasikere,Small,69549.24803144099,0.0,0.0
Asia,india,Ariyalur,Small,69526.38374881101,480.544094725,0.6911679693584205
Asia,india,Armoor,Small,93732.06605553499,0.0,0.0
Asia,india,Arni,Small,229715.700076023,24951.969734202,10.862109000797203
Asia,india,Arrah,Small,419427.001925251,175719.74832701,41.895192136038546
Asia,india,Aruppukkottai,Small,118441.23570933202,2996.05940403,2.5295745912197876
Asia,india,Arvi,Small,51900.49753023699,0.0,0.0
Asia,india,Asansol,Large,3158953.192453533,688364.6036287001,21.790908623563777
Asia,india,Ashoknagar,Small,67125.05950964999,6173.37283927,9.196822892026647
Asia,india,Ashta,Small,77209.998212395,13535.470881564,17.530722956798446
Asia,india,Asop,Small,21019.959902121,2457.17934137,11.689743238387722
Asia,india,Atarra Buzurg,Small,71304.022140382,4095.364652721,5.743525441886186
Asia,india,Athani,Small,50200.667991389,4358.1415479,8.681441347847322
Asia,india,Atmakur,Small,54662.22640867199,4390.163667865,8.031439544819776
Asia,india,Atrauli,Small,98866.115312076,52573.911482127,53.17687593588028
Asia,india,Attingal,Small,296455.507416437,2453.93225742,0.8277573517880079
Asia,india,Attur,Small,95287.69464393902,0.0,0.0
Asia,india,Auraiya,Small,214809.05375898004,24460.747119290998,11.387204911174944
Asia,india,Aurangabad,Large,1979867.028096771,98028.86999183102,4.951285545982617
Asia,india,Ausa,Small,48609.441152841006,1766.131980593,3.633310605320089
Asia,india,Azamgarh,Small,436646.156392252,133087.895594163,30.479575657733776
Asia,india,Azara,Small,135600.59794953204,0.0,0.0
Asia,india,Babrala,Small,48394.44194548,0.0,0.0
Asia,india,Bachhrawan,Small,61602.515158371,0.0,0.0
Asia,india,Badarpur,Small,157526.620314202,0.0,0.0
Asia,india,Baddi,Small,79710.589136455,0.0,0.0
Asia,india,Badkulla,Small,119648.436504286,0.0,0.0
Asia,india,Bagalkot,Small,201545.82573394603,3023.7523926900003,1.500280336582885
Asia,india,Bagepalli,Small,46607.562977279,0.0,0.0
Asia,india,Baghpat,Small,269458.48881205096,69054.495228324,25.627136681706087
Asia,india,Bagru,Small,40484.484970811005,0.0,0.0
Asia,india,Baheri,Small,131476.40940451098,26818.173430299,20.39770750643793
Asia,india,Bahraich,Small,484073.2314406909,232478.336022941,48.02544758177243
Asia,india,Bajpur,Small,70071.222156132,0.0,0.0
Asia,india,Bakewar,Small,52756.652389904004,1259.40273508,2.3871922838701773
Asia,india,Balagarh,Small,40494.79880175,0.0,0.0
Asia,india,Balaghat,Small,130940.634642141,0.0,0.0
Asia,india,Balangir,Small,189555.13372781698,607.381680005,0.3204248115364377
Asia,india,Balapur,Small,64808.048534195004,21075.463873776,32.51982485270459
Asia,india,Balasinor,Small,56174.286416805,15618.745723339998,27.804083896057328
Asia,india,Balasore,Small,196448.96715515506,7392.25084163,3.7629369849481633
Asia,india,Ballari,Medium,581604.9812829369,40360.630927723,6.939526349773219
Asia,india,Ballarpur,Small,92803.731807608,0.0,0.0
Asia,india,Ballia,Small,496657.756636083,66879.97358519801,13.466008069255444
Asia,india,Balod,Small,56605.964132049994,5586.28997658,9.868730375386491
Asia,india,Balotra,Small,214675.25470834394,7287.50201005,3.3946632647301342
Asia,india,Balrampur,Small,189561.564187957,15956.009628906002,8.417323257095017
Asia,india,Balurghat,Small,312755.749217764,124418.89954083899,39.78149078059288
Asia,india,Bamaur,Small,64334.328027153,0.0,0.0
Asia,india,Banda,Small,344566.746253609,183682.214617857,53.30816644815246
Asia,india,Bandikui,Small,135220.671708635,6129.793446612,4.5331777820332775
Asia,india,Bandipora,Small,104827.376335879,1393.73543416,1.3295529115355431
Asia,india,Bangaon,Small,218774.170728065,77754.778813996,35.54111463672041
Asia,india,Bangarapete,Small,97172.52669137901,0.0,0.0
Asia,india,Bankura,Small,311658.518566418,57643.88642327,18.495848176530888
Asia,india,Banswada,Small,57408.59073944299,12202.819000645999,21.256085271331983
Asia,india,Banswara,Small,172024.29243070103,0.0,0.0
Asia,india,Bantwal Cross Road,Small,94319.17829266499,0.0,0.0
Asia,india,Bapatla,Small,104766.80221642899,0.0,0.0
Asia,india,Baramati,Small,156342.211526095,0.0,0.0
Asia,india,Baramulla,Small,138114.925433649,1204.75464211,0.8722841780693494
Asia,india,Baran,Small,138746.93904382802,15277.249883392002,11.010873456866788
Asia,india,Barara,Small,58506.220242430005,8441.89608455,14.429057371284005
Asia,india,Baraut,Small,209406.52407473297,74632.937151747,35.640215834494256
Asia,india,Barbil,Small,56078.307911438,0.0,0.0
Asia,india,Bardhaman,Small,217906.38031880898,0.0,0.0
Asia,india,Bardoli,Small,106492.94582199202,1204.25550089,1.1308312410692158
Asia,india,Bareilly,Large,1419012.575378858,531070.2648623709,37.425338864286104
Asia,india,Bareli,Small,44856.16150584,0.0,0.0
Asia,india,Barhiya,Small,104633.246841209,26370.49585315,25.202788453243514
Asia,india,Bari,Small,109429.48601057,37849.398788,34.587934356507944
Asia,india,Baripada,Small,152892.557771103,0.0,0.0
Asia,india,Barmer,Small,255095.63087841,27000.17542496,10.584334718703785
Asia,india,Barnala,Small,173295.631995595,10835.49659696,6.2526080272094955
Asia,india,Barshi,Small,129686.552533128,3747.467333225,2.8896344763792854
Asia,india,Barwaha,Small,58376.950010051,0.0,0.0
Asia,india,Barwala,Small,40145.026988643,3096.46134722,7.713187857853443
Asia,india,Barwani,Small,94143.417015958,2293.117543244,2.435770461630153
Asia,india,Basirhat,Small,237467.09513511998,45032.4320798,18.963651386806376
Asia,india,Basmat,Small,109383.176382873,13885.670005151,12.694520733743467
Asia,india,Basoda,Small,142873.83977521,48133.106636,33.68923710017875
Asia,india,Basti,Small,394403.91155028803,41601.269431233,10.547884595695415
Asia,india,Batala,Small,260566.60676359496,33236.598844693,12.755509716886964
Asia,india,Bathinda,Small,401205.62036115397,7930.58786493,1.9766891245918012
Asia,india,Bawal,Small,40490.30646594101,0.0,0.0
Asia,india,Bayana,Small,102997.65110426002,19520.492772773003,18.952366936031638
Asia,india,Beawar,Small,210870.388338641,0.0,0.0
Asia,india,Beed,Small,279249.15736735304,8210.054299752,2.940046221500913
Asia,india,Begusarai,Large,1000943.6042521951,162561.209184439,16.24079603424695
Asia,india,Behror,Small,62056.636734559994,2663.1719749599997,4.291518385618296
Asia,india,Belagavi,Medium,779717.529444133,18668.741868161,2.39429551897725
Asia,india,Bellampalli,Small,67510.50339684899,15703.86645532,23.261367735635886
Asia,india,Bemetara,Small,51845.458752747,7923.43134173,15.282787600582628
Asia,india,Bengaluru,Megacity,14374276.356740132,2047183.252460105,14.241991747293604
Asia,india,Berhampore,Large,1212720.6956754029,454092.335532559,37.44409880625155
Asia,india,Bethamcherla,Small,53201.9158854,0.0,0.0
Asia,india,Bethuadahari,Small,104528.870985255,0.0,0.0
Asia,india,Bettiah,Small,314618.81465657,118436.29763744099,37.64437856862537
Asia,india,Betul,Small,170864.477031219,7098.19485777,4.154283547464974
Asia,india,Bhabua,Small,187794.34640343295,49338.122959575,26.272421883022712
Asia,india,Bhadgaon,Small,58337.129929589,4204.904096937,7.207937898234248
Asia,india,Bhadohi,Small,294655.827103046,4356.85990192,1.4786267574461829
Asia,india,Bhadrachalam,Small,50729.246254244004,0.0,0.0
Asia,india,Bhadrak,Small,277331.478254153,9658.08398829,3.482505501751629
Asia,india,Bhadravathi,Small,165444.272822901,15795.33493139,9.547223764160176
Asia,india,Bhadravati,Small,53253.074329202,3147.4003519999997,5.910269766855663
Asia,india,Bhagalpur,Small,339921.80474546994,44117.96351695101,12.97885657849637
Asia,india,Bhagwanpur,Small,56534.259297280005,5493.14417664,9.716487391750949
Asia,india,Bhagwānpur,Small,91694.49538705901,6077.725426264,6.628233680341252
Asia,india,Bhalki,Small,61582.80345782001,6319.21662272,10.261333144809214
Asia,india,Bhandara,Small,160491.74693341897,2480.987428353,1.545866049661889
Asia,india,Bhanvad,Small,26845.2028863,6288.09077114,23.423517407458377
Asia,india,Bharatpur,Small,381773.105215547,24977.838975592997,6.542587373065645
Asia,india,Bharthana,Small,97506.514946343,16822.43208407,17.25262367681507
Asia,india,Bharuch,Small,406527.78149250697,29024.769239300003,7.139676686483722
Asia,india,Bhatpara,Small,110733.10158565201,10461.83419636,9.447792978387564
Asia,india,Bhavnagar,Medium,723790.573320957,10495.359504295,1.450054738367109
Asia,india,Bhawani Mandi,Small,64192.758520815,0.0,0.0
Asia,india,Bhawanipatna,Small,151502.683235657,7181.01922785,4.739862736741225
Asia,india,Bhilwara,Small,401006.186705463,0.0,0.0
Asia,india,Bhimavaram,Small,258195.03906797,0.0,0.0
Asia,india,Bhind,Small,396782.92946003296,89466.760014525,22.548036564041947
Asia,india,Bhinmal,Small,75747.49736606602,0.0,0.0
Asia,india,Bhiwadi,Small,373018.314762141,0.0,0.0
Asia,india,Bhiwani,Small,282002.294172202,12078.684832719,4.283186726609843
Asia,india,Bhongir,Small,60207.050329476006,1573.8591892079999,2.6140778872162653
Asia,india,Bhopal,Large,2534108.572694096,93047.19806505201,3.671792087666174
Asia,india,Bhubaneshwar,Large,1149436.3339647101,2558.819826317,0.22261518543536496
Asia,india,Bhuj,Small,177952.196116312,3551.7301438349996,1.9958900319013428
Asia,india,Bhusawal,Small,302618.629840834,4635.649375455,1.5318453387662145
Asia,india,Bidar,Small,285074.274389758,6119.483426838,2.146627730593237
Asia,india,Bidasar,Small,41404.919485641,0.0,0.0
Asia,india,Bihar Sharif,Medium,567424.4823156111,305805.34351613,53.89357580557053
Asia,india,Bijainagar,Small,53726.179263122,0.0,0.0
Asia,india,Bijnor,Small,244159.43352671503,60676.369671942,24.851126493665873
Asia,india,Bikaner,Medium,847826.752271284,12858.5311868,1.5166460780286375
Asia,india,Bikramganj,Small,112226.17841292999,16919.3490095,15.076116151123134
Asia,india,Bilari,Small,140348.447470957,0.0,0.0
Asia,india,Bilasipara,Small,171600.92678989298,8169.809051699,4.760935272629418
Asia,india,Bilaspur,Medium,900298.292196717,38580.449134874994,4.2852962700550234
Asia,india,Bilimora,Small,104326.541127018,0.0,0.0
Asia,india,Bina Etawa,Small,64537.10371511601,0.0,0.0
Asia,india,Bisalgarh,Small,48815.931690727,0.0,0.0
Asia,india,Bisalpur,Small,130252.93252167801,54704.917102987994,41.99899076658673
Asia,india,Bishnupur,Small,79123.492036272,1601.551282019,2.0241160252189228
Asia,india,Bishwanath Charaili,Small,118356.689942632,0.0,0.0
Asia,india,Bobbili,Small,77321.83262784399,8019.043054440001,10.370994558595473
Asia,india,Bodeli,Small,50987.447430827,2376.01169692,4.659993423172355
Asia,india,Bodhan,Small,107149.77948653899,1229.135404578,1.1471189305923057
Asia,india,Bodhgaya,Small,115100.71111998199,10294.09033667,8.94355059712824
Asia,india,Bodinayakkanur,Small,103787.761448782,16129.282010074001,15.540639652425305
Asia,india,Boisar,Small,257033.860990277,2599.595173169,1.0113823770741774
Asia,india,Bokaro,Medium,838634.80979508,170605.209984369,20.343206362499583
Asia,india,Bolpur,Small,146209.70672558402,0.0,0.0
Asia,india,Bongaigaon,Small,198058.886940899,0.0,0.0
Asia,india,Borsad,Small,164061.524915333,20397.356384043,12.4327482598796
Asia,india,Botad,Small,137094.664869534,8514.48116989,6.210658290745885
Asia,india,Brahmapur,Medium,578944.787588057,32328.029419470997,5.583957246450541
Asia,india,Brahmapuri,Small,77523.752298569,4460.49321673,5.753711713477439
Asia,india,Brajarajnagar,Small,91456.55656339099,7875.928194120001,8.611660541429837
Asia,india,Budaun,Small,344697.356405301,186735.660558516,54.17380118777268
Asia,india,Budhana,Small,83540.00348431,22638.77579508,27.099323498749772
Asia,india,Bulandshahr,Medium,522300.39091515,208987.12916638,40.01282265942835
Asia,india,Buldhana,Small,177652.380683092,9251.558706560001,5.207675051123317
Asia,india,Bundi,Small,145584.61134361598,9053.778871011,6.218912004127843
Asia,india,Burhanpur,Small,321841.880289588,117421.67529316501,36.48427457219394
Asia,india,Butibori,Small,59597.54339300801,0.0,0.0
Asia,india,Buxar,Small,244895.85644913797,24332.656534560003,9.935920063071224
Asia,india,Canning,Small,409966.476930058,933.784790462,0.2277710112920544
Asia,india,Chaibasa,Small,113289.440779659,10758.207432842,9.496213732545518
Asia,india,Chakdaha,Small,108252.440014673,0.0,0.0
Asia,india,Chaksu,Small,40379.863214742996,4290.533903153,10.625429512565791
Asia,india,Chalisgaon,Small,177640.39431257598,0.0,0.0
Asia,india,Challakere,Small,93134.267987967,6770.070218,7.26915061905538
Asia,india,Champa,Small,98187.48168492298,0.0,0.0
Asia,india,Chandausi,Small,301417.09213624493,103019.979005,34.17854583987343
Asia,india,Chandigarh,Large,2251580.3157577543,85531.03075170901,3.7987110720908976
Asia,india,Chandpur,Small,151143.17006394698,64670.664960716014,42.787685962491445
Asia,india,Chandrakona Road,Small,69838.71222201499,0.0,0.0
Asia,india,Chandrapur,Medium,551965.942113118,17716.7048597,3.209746020175498
Asia,india,Chandur Bazar,Small,52958.268144203,3625.9344366769997,6.84677683719517
Asia,india,Channapattana,Small,117200.50389234402,3580.2753202810004,3.054829289445468
Asia,india,Channarayapattana,Small,52497.64324159599,0.0,0.0
Asia,india,Charkhi Dadri,Small,97908.195848979,5512.66068676,5.630438431592739
Asia,india,Chengalpattu,Small,61710.370182028,0.0,0.0
Asia,india,Chengannur,Small,70181.58834697999,0.0,0.0
Asia,india,Chennai,Megacity,11273156.64191927,410240.864693861,3.6390948669016003
Asia,india,Chhapra,Small,483673.745852574,201147.06902427704,41.587344930147935
Asia,india,Chhatarpur,Small,244695.40644088696,26846.390817900003,10.971350548987727
Asia,india,Chhatrapur,Small,81691.28899558299,7927.689676522999,9.704449242992904
Asia,india,Chhibramau,Small,130511.58075208699,59098.29795125,45.282033679072555
Asia,india,Chhindwara,Small,273597.430329152,42217.98688985,15.430695690036108
Asia,india,Chhota Udaipur,Small,51734.146246740995,0.0,0.0
Asia,india,Chidambaram,Small,234900.10781821003,22624.154751314003,9.631393940790742
Asia,india,Chikhli,Small,119055.27767957201,16679.445711482,14.009833109938583
Asia,india,Chikkaballapura,Small,75863.155037766,0.0,0.0
Asia,india,Chikkamagaluru,Small,136724.768286402,0.0,0.0
Asia,india,Chilakaluripet,Small,150997.429811035,0.0,0.0
Asia,india,Chintamani,Small,108522.53431108,3664.779946556,3.3769760076288886
Asia,india,Chiplun,Small,110429.792396948,1586.797720798,1.4369290083369342
Asia,india,Chirala,Small,218819.753952372,10201.88230248,4.662230954112364
Asia,india,Chirawa,Small,81491.817150326,0.0,0.0
Asia,india,Chitradurga,Small,234547.512600173,5463.503860703,2.3293804313399358
Asia,india,Chitrakoot Dham,Small,148495.152537524,74599.437693944,50.2369514554309
Asia,india,Chittoor,Small,188014.84097491,0.0,0.0
Asia,india,Chittorgarh,Small,207557.51795632302,2060.688609655,0.9928277375568912
Asia,india,Chomu,Small,89103.79994801497,0.0,0.0
Asia,india,Chopda,Small,153219.04104877397,38410.572890597,25.069059711951745
Asia,india,Choudwar,Small,158040.301053233,1003.62756854,0.6350453408728615
Asia,india,Churu,Small,119230.12293958299,0.0,0.0
Asia,india,Chutmalpur,Small,55908.052450407005,1333.794774366,2.3856935019318315
Asia,india,Coimbatore,Large,2198738.608699104,114571.093823759,5.2107646343439455
Asia,india,Contai,Small,228387.23436324898,5752.218940106999,2.5186254197369538
Asia,india,Cooch Behar,Small,456462.411565097,54771.675016418,11.999164362432262
Asia,india,Cuddalore,Small,358545.68715988204,1565.10151953,0.43651383228941
Asia,india,Cumbum,Small,107063.231019003,13554.214245888998,12.660008592009723
Asia,india,Cuttack,Medium,801776.9598135431,202873.03716755,25.302926790853284
Asia,india,Dabhoi,Small,63587.485479748,16341.521343869998,25.699272774474807
Asia,india,Dabra,Small,156242.597379274,32686.736768352,20.920502677644286
Asia,india,Dadri,Small,123836.62663541101,883.127625077,0.7131392779916618
Asia,india,Dahegam,Small,43207.593299853994,1523.68826284,3.5264363193428525
Asia,india,Dahod,Small,293218.623461019,31808.263150493993,10.84796824125417
Asia,india,Dakpathar,Small,42668.98030007599,0.0,0.0
Asia,india,Daman,Small,95182.59234949201,0.0,0.0
Asia,india,Damoh,Small,298215.39318186,13982.512381,4.6887292543189005
Asia,india,Dandeli,Small,48163.736920523,0.0,0.0
Asia,india,Darbhanga,Medium,849269.025752571,225177.864085347,26.51431492933679
Asia,india,Daryapur,Small,67309.24795629301,7633.700415583999,11.34123563606135
Asia,india,Datia,Small,211862.830480261,71401.421095773,33.701721502500824
Asia,india,Daudnagar,Small,154202.23278659,70931.763293,45.99918043415548
Asia,india,Daund,Small,63617.31099479199,0.0,0.0
Asia,india,Daurala,Small,58337.07360205,0.0,0.0
Asia,india,Dausa,Small,205970.346298909,0.0,0.0
Asia,india,Davanagere,Medium,530708.841821305,4507.342733287001,0.849306131365467
Asia,india,Deeg,Small,82297.873649398,24817.566941816,30.15578148172184
Asia,india,Deesa,Small,155990.899171364,4552.00477669,2.918122019214332
Asia,india,Degloor,Small,81204.77934552098,14652.36698015,18.043724886936943
Asia,india,Dehradun,Large,1051629.05203308,5049.707959374,0.480179579445011
Asia,india,Dehri,Small,306570.35009335296,117744.58061086999,38.407034657792536
Asia,india,Delhi [New Delhi],Megacity,32412720.671810824,6418624.229621563,19.802793769187687
Asia,india,Deoband,Small,163563.681959907,86049.1325531,52.60894810022222
Asia,india,Deoghar,Small,354337.666950249,17795.80130576,5.022271964176653
Asia,india,Deoli,Small,55709.831337403,0.0,0.0
Asia,india,Deoria,Small,468358.23219035106,128061.838436238,27.342711120361145
Asia,india,Dera Bassi,Small,89481.416513471,0.0,0.0
Asia,india,Dewas,Small,352507.6782808349,13379.821010971998,3.795611226463157
Asia,india,Dhampur,Small,203548.387432859,79161.58940397,38.890796631872945
Asia,india,Dhamtari,Small,139027.93970125902,7843.28304359,5.641515698530467
Asia,india,Dhanbad,Large,2000832.598877338,439793.04202282196,21.980501630650593
Asia,india,Dhar,Small,109413.127204289,16706.59614462,15.269279447087317
Asia,india,Dharamshala,Small,67408.61655644301,0.0,0.0
Asia,india,Dharapuram,Small,65233.379416710006,758.957734267,1.1634499715533477
Asia,india,Dharmanagar,Small,97718.105420084,0.0,0.0
Asia,india,Dharmapuri,Small,234634.53554946196,0.0,0.0
Asia,india,Dharmavaram,Small,126324.472141309,8035.003197022999,6.3606069836055905
Asia,india,Dharwad,Medium,918465.7793315819,159530.30764424498,17.36921627720784
Asia,india,Dhaulpur,Small,262439.218578877,34618.854041693994,13.191189270093478
Asia,india,Dhenkanal,Small,146182.91991492902,7764.9122242290005,5.311778030393552
Asia,india,Dhing,Small,462522.545493066,0.0,0.0
Asia,india,Dhire Kot,Small,108007.17832687902,33628.596127847006,31.135519554146228
Asia,india,Dholka,Small,118588.98093416201,33949.166218032995,28.627589132316455
Asia,india,Dhone,Small,58599.588085439,2869.44915459,4.896705332478283
Asia,india,Dhoraji,Small,85666.74492462,9517.563412239999,11.109986051897627
Asia,india,Dhrangadhra,Small,81992.050096919,8333.010990169,10.163193846621633
Asia,india,Dhubri,Small,316507.41143026995,85714.950846933,27.081498805855592
Asia,india,Dhule,Medium,603227.756017476,4198.825842437,0.6960597884549856
Asia,india,Dhulian,Small,373793.14307233103,70895.001612977,18.96637295972506
Asia,india,Dhupguri,Small,283746.584282457,20149.72733781,7.101310977457212
Asia,india,Dhuri,Small,84635.445136088,0.0,0.0
Asia,india,Dibiyapur,Small,96448.898058727,469.998947091,0.48730359449500515
Asia,india,Dibrugarh,Small,248885.476229333,955.894669503,0.38407008877536936
Asia,india,Didwana,Small,79508.40383526399,0.0,0.0
Asia,india,Digboi,Small,99755.09427468,0.0,0.0
Asia,india,Digras,Small,77273.5464853,16533.07003774,21.395510869797
Asia,india,Dimapur,Small,454979.8263713019,24695.633831355997,5.427852489266695
Asia,india,Dindigul,Small,375680.308380533,2925.39105153,0.7786916125949357
Asia,india,Dinhata,Small,145141.622115581,15424.20939707,10.627006348866075
Asia,india,Diphu,Small,69202.208576765,667.586590883,0.9646897181647835
Asia,india,Diu,Small,67692.993073669,6447.533826131,9.524669442691463
Asia,india,Dobhi,Small,131885.07691882498,6248.959084587999,4.738185115844624
Asia,india,Doddaballapura,Small,140688.440935585,1620.55642013,1.151876024322411
Asia,india,Dohrighat,Small,111041.98312699,3549.00866699,3.1960962575130503
Asia,india,Dondaicha,Small,83816.62732961,7301.60002471,8.711398033228372
Asia,india,Dongargarh,Small,68142.468601531,7175.114017710001,10.529577464630908
Asia,india,Duliajan,Small,117621.92075234301,0.0,0.0
Asia,india,Dumka,Small,175407.930689755,45653.02806886,26.02677535122786
Asia,india,Dumraon,Small,64782.084807833,20673.442061740003,31.912282729191073
Asia,india,Dungarpur,Small,57234.138742234,573.780761991,1.0025148881424468
Asia,india,Durg,Large,1374279.435034882,28274.918692053,2.0574359166871568
Asia,india,Durgapur,Small,183946.820719209,1154.37159741,0.6275572433905364
Asia,india,Dwarka,Small,53013.16715260399,1272.87095009,2.4010467935747104
Asia,india,Edappadi,Small,54932.27552655,1421.75660071,2.5881989906331717
Asia,india,Eluru,Small,382192.230030317,9288.310604323,2.4302719612029304
Asia,india,Emmiganuru,Small,130092.260400649,7027.622387624,5.402029579608213
Asia,india,Endada,Small,63927.2630625,0.0,0.0
Asia,india,Erode,Medium,852700.899299945,1061.493680924,0.12448605153289635
Asia,india,Etah,Small,303225.413811671,104972.205507591,34.618538132423076
Asia,india,Etawah,Small,488756.221281845,133354.236046536,27.284406876047985
Asia,india,Etmadpur,Small,276741.95504418004,17481.816482360002,6.317009822225598
Asia,india,Ettumanoor,Medium,966662.540505585,0.0,0.0
Asia,india,Faizabad,Medium,926968.107047273,206853.08314141902,22.315016187592533
Asia,india,Falakata,Small,115421.009495365,7267.063395433001,6.296135709785858
Asia,india,Faridkot,Small,130600.21610465598,5659.054068575,4.3331123311772615
Asia,india,Faridpur,Small,119109.372633399,41210.004494172004,34.59845651358629
Asia,india,Farrukhabad,Medium,531533.258450725,170606.70977681,32.097090269399544
Asia,india,Fatehabad,Small,95850.715275722,3010.63532307,3.1409628132765355
Asia,india,Fatehgarh Sahib,Small,46756.253166555,0.0,0.0
Asia,india,Fatehpora,Small,66699.85747679001,0.0,0.0
Asia,india,Fatehpur,Small,476560.567230036,166827.242215227,35.00651411108032
Asia,india,Fatehpur Shekhawati,Small,112798.33851436498,0.0,0.0
Asia,india,Fatwah,Small,150722.386265848,29500.766932037,19.572916580555454
Asia,india,Fazilka,Small,108484.55962448499,692.609907105,0.6384409998090437
Asia,india,Firozabad,Medium,867046.1010100761,541677.138609799,62.47385669329064
Asia,india,Firozpur,Small,232363.452739507,7430.975951906,3.1979968726994943
Asia,india,Forbesganj,Small,189799.65363849603,33693.87810138,17.752339087802245
Asia,india,Gadag,Small,237124.10251126305,0.0,0.0
Asia,india,Gadarwara,Small,113450.69338004699,27757.516462292002,24.466590406201803
Asia,india,Gadchiroli,Small,84038.940483092,564.676739052,0.6719227251152801
Asia,india,Gadwal,Small,75888.735936072,19163.861183538,25.252576613848817
Asia,india,Gajraula,Small,152691.30868585999,3311.6895551099997,2.168878886173748
Asia,india,Gajwel,Small,46957.062793588,0.0,0.0
Asia,india,Gandhidham,Small,283256.762823476,7648.956720863001,2.7003615534608745
Asia,india,Gandhinagar,Small,196867.85684466,0.0,0.0
Asia,india,Gangakhed,Small,84741.87838367598,15183.373601309999,17.91720208580461
Asia,india,Gangapur,Small,219038.54525002802,0.0,0.0
Asia,india,Gangawati,Small,143123.46110059,24543.538904057998,17.14850850819511
Asia,india,Gangoh,Small,64237.303250651,4157.24000705,6.4716913641729965
Asia,india,Ganj Dundwara,Small,71288.10631996,40838.8526076,57.28704929305367
Asia,india,Garhmuktesar,Small,70216.570470833,20164.972112209998,28.718252653177146
Asia,india,Garhwa,Small,112209.57368477203,1695.591736536,1.5110936445578074
Asia,india,Gaya,Medium,775150.842781814,200049.935305544,25.807871741146148
Asia,india,Ghatal,Small,81646.08082133,0.0,0.0
Asia,india,Ghatampur,Small,81170.25131698999,0.0,0.0
Asia,india,Ghatkesar,Small,160604.48321463203,708.346653093,0.4410503610577076
Asia,india,Ghazipur,Small,373442.74845821894,100076.02480467,26.798224150245236
Asia,india,Giddalur,Small,54858.91949866399,7672.915088728,13.986631816390155
Asia,india,Gingee,Small,78163.40100735001,11638.351766961001,14.889771449257436
Asia,india,Giridih,Small,363256.06340082496,39736.15603948999,10.93888307533747
Asia,india,Gobichettipalayam,Small,116079.54749107001,0.0,0.0
Asia,india,Godda,Small,158330.677574214,39749.440270463,25.105330741625437
Asia,india,Godhra,Small,329351.43461111403,22854.495023798998,6.939242590755598
Asia,india,Gohad,Small,58116.897371576,13219.6336249,22.746626579837866
Asia,india,Gohana,Small,135440.74354516502,13613.53897034,10.05128782817139
Asia,india,Gokak,Small,102742.66365066601,5302.50451174,5.160956824877518
Asia,india,Gokul,Small,192720.73143539502,8106.86822171,4.2065366612764405
Asia,india,Gokul Shirgaon,Small,47018.645651410996,0.0,0.0
Asia,india,Golaghat,Small,155540.11337814,0.0,0.0
Asia,india,Gonda,Small,382984.9202046909,119011.8322598,31.07480894970817
Asia,india,Gondal,Small,140439.204369447,659.783765767,0.4698002731711132
Asia,india,Gondia,Small,268762.244972158,14641.718834059999,5.4478332087071175
Asia,india,Gopalganj,Small,102847.58569484002,29616.64489225,28.796636004782656
Asia,india,Gopiganj,Small,131953.98980761,21076.62968377,15.972711180995663
Asia,india,Gorakhpur,Large,1613183.291828644,170942.43332893902,10.596590864461849
Asia,india,Gossaigaon,Small,58447.628535276,0.0,0.0
Asia,india,Govardhan,Small,186450.05195793998,62730.199944624,33.644506550620264
Asia,india,Gowribidanur,Small,56432.87957728699,0.0,0.0
Asia,india,Greater Noida,Small,185804.974584789,0.0,0.0
Asia,india,Gudivada,Small,146794.540282549,1183.47060476,0.8062088702223292
Asia,india,Gudiyatham,Small,216435.25612724602,32220.205235186,14.886763742522238
Asia,india,Gudur,Small,81123.75160934901,18325.509964033,22.58957407724361
Asia,india,Gulabpura,Small,48637.533234669005,0.0,0.0
Asia,india,Gulavthi,Small,79708.140412913,15677.616219813,19.668776788165005
Asia,india,Gumia,Small,37411.18678864,0.0,0.0
Asia,india,Gumla,Small,120872.48377894302,952.475994451,0.7880006802813206
Asia,india,Gummidipundi,Small,108076.898297943,0.0,0.0
Asia,india,Guna,Small,234510.145691482,17894.097910912,7.630415246278174
Asia,india,Guntakal,Small,144503.53495107003,3104.74584416,2.148560479998839
Asia,india,Guntur,Medium,862042.124008208,3284.2719177,0.3809874049343705
Asia,india,Gurdaspur,Small,133568.711565222,11981.105086533,8.969993755373308
Asia,india,Gursahaiganj,Small,79909.85719089,6015.860023159999,7.528307814127627
Asia,india,Gursarai,Small,60072.648831372,18679.6838681,31.095156001086522
Asia,india,Guruvayur,Large,1894808.577108944,22849.097416695,1.2058789311349662
Asia,india,Guwahati,Large,1366238.7266127309,58853.663897133,4.307714512166324
Asia,india,Gwalior,Large,1483180.097933458,273466.0489266,18.437818125231406
Asia,india,Habra,Small,285467.437159322,58765.924943959995,20.58585929405398
Asia,india,Hagaribommanahalli,Small,56010.055475795,823.675997855,1.4705859347183745
Asia,india,Hailakandi,Small,135895.67127760197,15744.708783367001,11.585879546673986
Asia,india,Hajipur,Small,386556.588065216,140792.407051451,36.422198301196175
Asia,india,Haldia,Small,161717.70097852702,0.0,0.0
Asia,india,Haldwani,Small,390943.27915667905,9811.808298974,2.5097779708963106
Asia,india,Halol,Small,161981.555915091,780.781722746,0.48201890538406567
Asia,india,Hanagal,Small,38875.583057596,0.0,0.0
Asia,india,Hansi,Small,121665.888336342,7730.477716203,6.353857948114683
Asia,india,Hanumanangarh Junction,Small,156854.382977513,0.0,0.0
Asia,india,Hapur,Small,479868.625965062,102804.073561715,21.423378816434628
Asia,india,Harda,Small,80333.63790221301,0.0,0.0
Asia,india,Hardoi,Small,430445.306481675,199402.63746156002,46.324732656841974
Asia,india,Haridwar,Medium,681660.109620709,19968.013152118,2.929321060495773
Asia,india,Harihara,Small,129730.330767116,958.181896973,0.7385951236747171
Asia,india,Hasanpur,Small,76174.319113499,32506.784193768002,42.67420381576789
Asia,india,Hassan,Small,244154.433065688,0.0,0.0
Asia,india,Hathras,Small,447310.1010510119,140867.88093980702,31.492219963023427
Asia,india,Hatisala,Small,423247.0799927439,11453.8783103,2.7061919270645327
Asia,india,Hatta,Small,44909.01448294,7983.30308007,17.776616058013676
Asia,india,Haveri,Small,100139.409803758,0.0,0.0
Asia,india,Hazaribagh,Small,266873.700750501,5511.030542747,2.0650332075618185
Asia,india,Himatnagar,Small,188302.331143335,0.0,0.0
Asia,india,Hindaun,Small,231190.061990602,54835.889354,23.71896476944113
Asia,india,Hindupur,Small,135637.574746526,5092.706911617999,3.7546431518958103
Asia,india,Hinganghat,Small,144839.70626858698,11385.481671131998,7.860746175512852
Asia,india,Hingoli,Small,162968.21364754002,20174.331386894,12.379304488497429
Asia,india,Hiriyur,Small,71453.25108645001,0.0,0.0
Asia,india,Hisar,Medium,501980.66873524105,3459.689936838,0.6892078026739192
Asia,india,Hodal,Small,101385.24022744401,15010.739872139999,14.805646106341952
Asia,india,Hojai,Small,185496.602357631,1343.49059148,0.724266953898054
Asia,india,Holenarasipura,Small,43382.932754120004,0.0,0.0
Asia,india,Hosapete,Small,247943.20321255404,29715.433168454998,11.98477424806877
Asia,india,Hoshangabad,Small,132560.53737406,3918.1229381559997,2.955723487375297
Asia,india,Hoshiarpur,Small,235571.77914019,0.0,0.0
Asia,india,Hoskote,Small,51535.13127953,0.0,0.0
Asia,india,Hosur,Small,371616.81853327,0.0,0.0
Asia,india,Hubballi,Small,115697.995966702,0.0,0.0
Asia,india,Hunsur,Small,76224.571174112,5433.604583694,7.128416073712731
Asia,india,Huzurnagar,Small,48643.682781478,0.0,0.0
Asia,india,Hyderabad,Very large,9400213.969357245,308519.45206959406,3.282047122281511
Asia,india,Ichalkaranji,Small,427533.99840639904,14923.188385121999,3.4905267044836354
Asia,india,Idar,Small,65591.550146361,0.0,0.0
Asia,india,Iltifatganj,Small,109681.535161109,1000.65796552,0.9123303790835473
Asia,india,Imphal,Medium,781195.855209894,96065.790582551,12.297273461178278
Asia,india,Indapur,Small,20936.314749922,0.0,0.0
Asia,india,Indi,Small,45400.11267011,0.0,0.0
Asia,india,Indore,Large,3590384.625581711,459910.046058208,12.809492408733055
Asia,india,Irinjalakuda,Small,412289.28295306105,0.0,0.0
Asia,india,Islampur,Small,295932.13397517096,20445.732877335,6.908926246938231
Asia,india,Itarsi,Small,122871.60762712898,19355.71768853,15.752799253076939
Asia,india,Itawa,Small,32533.306275225998,0.0,0.0
Asia,india,Jabalpur,Large,1558918.3772872798,399748.978165485,25.642713819379054
Asia,india,Jadcherla,Small,46417.405848878996,0.0,0.0
Asia,india,Jagdalpur,Small,177507.00549885497,0.0,0.0
Asia,india,Jagraon,Small,92102.337180131,2465.337046433,2.676736684337736
Asia,india,Jagtial,Small,129894.770938735,6187.199445522,4.763239813895356
Asia,india,Jahangirabad,Small,80300.726290116,14509.3401896,18.068753372391246
Asia,india,Jaigaon,Small,191261.974235516,33978.475944977,17.76541107075294
Asia,india,Jainpur,Small,84396.06353644801,0.0,0.0
Asia,india,Jaipur,Large,3930151.255950508,197095.79855164,5.014967254840993
Asia,india,Jairampur,Small,43744.777754247,0.0,0.0
Asia,india,Jalalabad,Small,80268.95146801599,1269.71906732,1.5818308874084808
Asia,india,Jalandhar,Large,1149959.11594925,4418.2868165,0.3842125128816308
Asia,india,Jalaun,Small,84591.88803936499,47597.140475092005,56.26679056145737
Asia,india,Jalesar,Small,79797.30313941,0.0,0.0
Asia,india,Jalgaon,Medium,732181.829360987,50878.984397657,6.948954802943105
Asia,india,Jalna,Small,387443.89260798396,8883.568068870001,2.2928656867120636
Asia,india,Jalore,Small,82725.85467099499,2484.02424804,3.002718144066439
Asia,india,Jalpaiguri,Medium,581719.439105395,104832.204128259,18.021093517087312
Asia,india,Jam Jodhpur,Small,23237.746100035998,6424.74451313,27.64788153494821
Asia,india,Jamakhandi,Small,73915.674199676,8890.83659293,12.02835080542223
Asia,india,Jamalpur,Small,196089.405611634,47235.575703832,24.08879539233481
Asia,india,Jammalamadugu,Small,68291.46044414099,0.0,0.0
Asia,india,Jammu,Large,1143537.682271624,34814.16348699,3.0444264344513843
Asia,india,Jamnagar,Medium,667249.611629767,38053.341625978996,5.703014428593394
Asia,india,Jamner,Small,91368.968241266,12580.50080753,13.768898839166408
Asia,india,Jamshedpur,Large,1979056.952568352,200812.906248396,10.146898803886767
Asia,india,Jamtara,Small,46907.819590902,1774.06577481,3.7820256628472424
Asia,india,Jangaon,Small,66867.92557377099,0.0,0.0
Asia,india,Jangareddygudem,Small,62281.841101204,0.0,0.0
Asia,india,Jangipur,Small,326093.56497114105,29918.318573835,9.174765094331972
Asia,india,Jaora,Small,68413.70219926101,3430.8046301779996,5.01479165706524
Asia,india,Jasdan,Small,60911.39956079701,3637.10018683,5.971132190452677
Asia,india,Jaspur,Small,66598.97513202799,20811.377532546,31.248795482646457
Asia,india,Jatani Town,Small,66137.342086649,0.0,0.0
Asia,india,Jaunpur,Small,495943.18600928807,146844.545174318,29.609146635511568
Asia,india,Jaynagar,Small,90443.761067615,17658.270421289,19.52403373416528
Asia,india,Jaynagar Majilpur,Small,457260.301929419,0.0,0.0
Asia,india,Jaysingpur,Small,113398.072213524,0.0,0.0
Asia,india,Jehanabad,Small,176887.929258333,78420.22821596,44.333284099579515
Asia,india,Jetpur,Small,136736.765549624,737.611337483,0.539438924504404
Asia,india,Jewar,Small,39466.170880243,17542.9177956,44.45051902509774
Asia,india,Jeypore,Small,122451.713963904,32862.077731763995,26.836764197070362
Asia,india,Jhajjar,Small,56658.844511128,0.0,0.0
Asia,india,Jhalawar,Small,113861.31619679401,0.0,0.0
Asia,india,Jhalrapatan,Small,54866.20448064501,2034.7174462399998,3.7085077517213376
Asia,india,Jhansi,Medium,604425.314790944,83488.93240700598,13.812944356224188
Asia,india,Jhargram,Small,88487.802762674,0.0,0.0
Asia,india,Jharsuguda,Small,66429.13913651499,0.0,0.0
Asia,india,Jhumri Tilaiya,Small,173988.882290492,0.0,0.0
Asia,india,Jhunjhunu,Small,182047.916250248,8148.49297374,4.476015513706216
Asia,india,Jhusi,Small,248170.92475914498,42947.522645599005,17.30562219860383
Asia,india,Jiaganj,Small,78597.685461977,17564.942424403,22.34791307296237
Asia,india,Jigani,Small,282809.33456151106,0.0,0.0
Asia,india,Jind,Small,245243.03110272603,35801.24683221,14.598272852537766
Asia,india,Jintur,Small,80746.41540532799,15170.671877056,18.788043779903788
Asia,india,Jodhpur,Large,1328861.28754818,4266.42227784,0.32105851211240993
Asia,india,Jolarpet,Small,202396.71677490498,8528.37704164,4.213693372864745
Asia,india,Jorhat,Small,243744.38020885104,0.0,0.0
Asia,india,Jowai,Small,75149.58773953,2367.03509772,3.1497645814428044
Asia,india,Junagadh,Small,355024.56546896,2461.85408208,0.6934320386613476
Asia,india,Kadapa,Small,342662.434961707,77303.90894139302,22.559785098717295
Asia,india,Kadayanallur,Small,82987.730791698,15988.269906237998,19.26582369913101
Asia,india,Kadi,Small,135278.39886102302,9882.97418452,7.305655794073362
Asia,india,Kadiri,Small,101363.02709437002,22285.477037594002,21.985804564465102
Asia,india,Kaduru,Small,59246.935689415004,1950.94804771,3.2929096247901892
Asia,india,Kagal,Small,29981.146133838003,0.0,0.0
Asia,india,Kaghaznagar,Small,78010.78187961201,2316.490986021,2.9694497737451995
Asia,india,Kahalgaon,Small,111460.144556051,23488.077985958,21.073073320971993
Asia,india,Kaimganj,Small,125490.409104552,42947.8839475,34.2240369235852
Asia,india,Kairana,Small,126885.11224401402,29716.369567499998,23.419902494433035
Asia,india,Kaithal,Small,252844.062637358,6295.119527694,2.48972408607545
Asia,india,Kakdwip,Small,97457.43266055999,1623.05108871,1.6653948748711824
Asia,india,Kakinada,Medium,503287.872895881,3468.9130545919998,0.6892502763144545
Asia,india,Kalaburagi,Medium,713302.645714679,637.261494915,0.08933956697672259
Asia,india,Kaliyaganj,Small,78259.12870235501,15010.357622107,19.180328060124825
Asia,india,Kalka,Small,129816.35190281003,1792.16117951,1.3805357747625988
Asia,india,Kallachak,Small,47995.20911357,0.0,0.0
Asia,india,Kallakkurichi,Small,87136.71593280399,475.541040201,0.5457412929903354
Asia,india,Kalmeshwar,Small,44181.175426757,1018.51762191,2.3053203362560732
Asia,india,Kalna,Small,178576.03073417,28708.778468501,16.076501616970738
Asia,india,Kalol,Small,146458.42096491,2909.08394796,1.9862865711606899
Asia,india,Kalpakkam,Small,63904.707155674,0.0,0.0
Asia,india,Kalpi,Small,108936.16272532902,57675.357288214,52.94417927464207
Asia,india,Kalwakurthy,Small,36516.113790993,0.0,0.0
Asia,india,Kalyanpur,Small,67891.381581912,0.0,0.0
Asia,india,Kaman,Small,66744.58271753101,35008.625764068,52.451636280696526
Asia,india,Kamareddy,Small,112510.31326542399,0.0,0.0
Asia,india,Kamptee,Small,34582.121515635,0.0,0.0
Asia,india,Kamrej,Small,133796.949402217,0.0,0.0
Asia,india,Kanakapura,Small,57864.59203301401,0.0,0.0
Asia,india,Kanchipuram,Small,357957.87733989104,20944.678645943,5.851157348900983
Asia,india,Kandhla,Small,73301.056075092,21177.319188729998,28.890878689435606
Asia,india,Kandi,Small,100194.22804074598,4543.317421259,4.534510131073988
Asia,india,Kangeyam,Small,42762.31372864501,0.0,0.0
Asia,india,Kanigiri,Small,46901.422962701,669.82852629,1.4281624820268042
Asia,india,Kanjikode,Small,32749.596828513,0.0,0.0
Asia,india,Kanker,Small,37758.448124252005,0.0,0.0
Asia,india,Kannad,Small,73834.140968796,2023.16682997,2.7401508345915975
Asia,india,Kannauj,Small,202848.77452558,43425.9948488,21.408063691961726
Asia,india,Kannur,Medium,677860.08696502,0.0,0.0
Asia,india,Kanpur,Large,3950574.000190808,1067972.3951949202,27.0333474361786
Asia,india,Kanth,Small,94329.68724280599,0.0,0.0
Asia,india,Kapadvanj,Small,103914.990383909,19525.969141629997,18.790329546769176
Asia,india,Kapurthala,Small,129868.513086607,2450.637778743,1.8870145815165478
Asia,india,Karad,Small,214153.07984552695,1740.0646791089998,0.8125331096634913
Asia,india,Karaikal,Small,129677.33272391198,0.0,0.0
Asia,india,Karamadai - காரமடை,Small,41127.874812680995,0.0,0.0
Asia,india,Karanja,Small,118218.182943746,36458.096890988,30.83966948496963
Asia,india,Karegaon,Small,53648.342217585996,0.0,0.0
Asia,india,Karimnagar,Small,344456.382308261,0.0,0.0
Asia,india,Karimpur,Small,82747.858830707,24167.348037,29.206010135493333
Asia,india,Karjan,Small,44892.68104601499,0.0,0.0
Asia,india,Karnal,Small,448141.947153061,19964.817487551,4.455020917899502
Asia,india,Karur,Small,277727.384459517,2185.91395396,0.7870718108025211
Asia,india,Kasganj,Small,173206.594143285,32906.859533328,18.99861820855725
Asia,india,Kathua,Small,102246.322882821,7060.14666965,6.905037238103177
Asia,india,Katihar,Small,377398.189882718,134325.64383285906,35.59255116581315
Asia,india,Katni,Small,288437.654543781,26902.840921648,9.327090446703277
Asia,india,Katol,Small,85395.956092602,7850.148369054,9.192646500194254
Asia,india,Katra,Small,36793.714609382,0.0,0.0
Asia,india,Katwa,Small,183960.20211748,35681.68441761,19.39641509788247
Asia,india,Kavali,Small,105576.96435286499,5378.068521091,5.093979121350876
Asia,india,Kawardha,Small,92811.80585176399,19528.763302128,21.04124914164337
Asia,india,Kekri,Small,60288.086782499995,0.0,0.0
Asia,india,Kendrapara,Small,186999.83589004495,49043.888593050004,26.226701408383903
Asia,india,Kendujhargarh,Small,74738.84817082499,0.0,0.0
Asia,india,Keotiranway,Small,122922.424008688,6224.394243584,5.06367678133655
Asia,india,Keshod,Small,89907.40514605702,17907.79669874,19.918044202975604
Asia,india,Khaga,Small,107233.361776604,22876.7205182,21.333585126108773
Asia,india,Khagaria,Small,240756.06625126803,73122.14513837,30.371880666157413
Asia,india,Khairthal,Small,88105.51571387501,10605.78693249,12.037597018253175
Asia,india,Khalilabad,Small,223380.40850485,32229.21913292,14.427952455024831
Asia,india,Khambhaliya,Small,82631.91101315501,17232.34829442,20.85435043572526
Asia,india,Khambhat,Small,164034.122619452,55144.45976482,33.617675934873255
Asia,india,Khamgaon,Small,208502.169259621,17002.180122261,8.154438000637953
Asia,india,Khammam,Small,329351.245044352,1384.5144236330002,0.42037625315384947
Asia,india,Khandwa,Small,354845.44754549797,46847.505556209006,13.202228147566206
Asia,india,Khanna,Small,127054.649578532,3550.9091448910003,2.7947888225028685
Asia,india,Kharadpada,Small,55752.617899369,0.0,0.0
Asia,india,Kharagpur,Medium,759170.7316713261,152499.88403582203,20.087692751285495
Asia,india,Khargone,Small,99322.53402606901,15903.82276734,16.012300655927437
Asia,india,Kharupetia,Small,337174.212606,0.0,0.0
Asia,india,Khatauli,Small,147092.18454944398,53523.080679539,36.38744019166267
Asia,india,Khatgaon,Small,70608.97052308501,12508.596766502,17.715308230435706
Asia,india,Khatīma,Small,91964.108664792,8565.0792499,9.313502163240232
Asia,india,Khedbrahma,Small,41660.90487733,0.0,0.0
Asia,india,Khurja,Small,325834.969086449,101119.55858792001,31.03397983078097
Asia,india,Khushkhera,Small,59481.461502743005,0.0,0.0
Asia,india,Kichha,Small,50135.53479519801,3370.871744701,6.7235180764918505
Asia,india,Kinwat,Small,71501.651332734,3901.499964285,5.4565172853551465
Asia,india,Kiratpur,Small,89546.47753417,6942.6601672629995,7.753135978591399
Asia,india,Kishanganj,Small,195902.65471462,10660.428739266,5.441696925851012
Asia,india,Kishangarh,Small,258056.23837248696,7346.50188048,2.84686079546576
Asia,india,Kochi,Large,3734804.197305121,119379.17386900901,3.1963971218396954
Asia,india,Kodada,Small,71042.72361963101,0.0,0.0
Asia,india,Kodaikanal,Small,64556.460229016004,4337.28778081,6.718596040463402
Asia,india,Kodinar,Small,57022.790179448995,7089.3582356160005,12.432499730907598
Asia,india,Kodoli,Small,68560.818094124,0.0,0.0
Asia,india,Kodungallur,Small,244855.21924711202,0.0,0.0
Asia,india,Kolar,Small,149812.50556509502,900.125339798,0.6008345807999897
Asia,india,Kolar Gold Fields,Small,135188.18292421402,1869.193372529,1.3826603273282123
Asia,india,Kolasib,Small,50743.430057164995,0.0,0.0
Asia,india,Kolhapur,Medium,811066.190671572,29697.799118335,3.6615752770738577
Asia,india,Kolkata,Megacity,23858548.78192466,5243360.232073388,21.97686154342204
Asia,india,Kollam,Large,3226264.136075473,19692.383443573002,0.610377285088859
Asia,india,Konch,Small,75555.12083313,0.0,0.0
Asia,india,Kondagaon,Small,74743.87057391301,2137.703424114,2.860038432181619
Asia,india,Kopargaon,Small,80612.353679865,3251.376425955,4.0333475919424915
Asia,india,Koppala,Small,134057.333634011,3181.689267797,2.3733794948386095
Asia,india,Korba,Small,349669.768287851,0.0,0.0
Asia,india,Korutla,Small,79745.737828295,3439.39439823,4.312950750591276
Asia,india,Kosi Kalan,Small,113026.16577549202,26029.309643688,23.029454697588314
Asia,india,Kota,Large,1184044.780513818,53405.439147492,4.51042393213512
Asia,india,Kotdwar,Small,111121.834165828,0.0,0.0
Asia,india,Kothagudem,Small,148006.513521116,0.0,0.0
Asia,india,Kotkapura,Small,94481.93599931701,6933.97203502,7.338939408555434
Asia,india,Kotputli,Small,111102.06071520099,0.0,0.0
Asia,india,Kottarakara,Small,120885.79533921301,0.0,0.0
Asia,india,Kovilpatti,Small,161615.923009096,6752.02537416,4.17782186831924
Asia,india,Kozhikode,Large,4765862.041417237,415181.562837497,8.71157325221343
Asia,india,Krishnagiri,Small,164460.04272686102,0.0,0.0
Asia,india,Krishnanagar,Medium,854292.906837241,331584.59465612203,38.81392342161811
Asia,india,Krishnarajanagara,Small,70361.672064251,4962.92510771,7.053449643973907
Asia,india,Kuchai Kot,Medium,623041.8461131098,0.0,0.0
Asia,india,Kuchaman,Small,91775.894049301,5883.10106841,6.410290119592475
Asia,india,Kulpi,Small,69351.469490108,0.0,0.0
Asia,india,Kumbakonam,Small,374293.375616363,16615.746959154003,4.439230839122446
Asia,india,Kundla,Small,94214.655703086,0.0,0.0
Asia,india,Kuppam,Small,35194.083113738,0.0,0.0
Asia,india,Kurnool,Small,474435.778177039,7564.066190164999,1.5943287876030325
Asia,india,Kurukshetra,Small,321433.897991156,8657.571366426999,2.6934220132144264
Asia,india,Kushalanagara,Small,72846.061758009,0.0,0.0
Asia,india,Kushinagar,Small,347214.35784671595,6994.48895387,2.0144584449926013
Asia,india,LAMKA,Small,162241.63587100696,0.0,0.0
Asia,india,Ladnun,Small,67182.49474357901,2900.02745741,4.316641512761285
Asia,india,Lakheri,Small,55059.83241421,0.0,0.0
Asia,india,Lakhimpur,Small,380032.93487820803,117257.95460552999,30.85468227723697
Asia,india,Lakhisarai,Small,224629.32091720199,39203.698970139994,17.452618745435473
Asia,india,Laksar,Small,59451.315755202,4246.310725822,7.142500837671448
Asia,india,Lakshmeshvara,Small,53052.405475848,2659.20004689,5.012402402942116
Asia,india,Lalganj,Small,110552.22298570201,31540.907659970002,28.530324228802943
Asia,india,Lalgola,Small,146015.470137741,0.0,0.0
Asia,india,Lalitpur,Small,248957.84696760497,13171.89118422,5.2908118159995015
Asia,india,Lalru,Small,38174.204302094,1587.150139753,4.157650876474036
Asia,india,Latur,Small,487758.472964075,700.668910026,0.14365079211604112
Asia,india,Lauiyah Nandangarh,Small,243081.047939142,0.0,0.0
Asia,india,Laxmangarh,Small,58387.904409282,0.0,0.0
Asia,india,Limbdi,Small,64681.963045927994,11400.848646037,17.626009028114574
Asia,india,Lingasugur,Small,67453.535049185,2323.197869889,3.444145467239036
Asia,india,Lohardaga,Small,103450.35834660499,20396.54136114,19.716259747310357
Asia,india,Lonavala,Small,100992.211717735,0.0,0.0
Asia,india,Lucknow,Large,4903016.74716177,669646.798548821,13.657852564677905
Asia,india,Ludhiana,Large,2342363.277084383,181415.828907562,7.744991166928481
Asia,india,Lumding,Small,142869.22749932902,0.0,0.0
Asia,india,Macherla,Small,74266.61364599301,4563.555955308,6.144828384206559
Asia,india,Machilipatnam,Small,182168.67792548,0.0,0.0
Asia,india,Madanapalle,Small,183136.814740144,409.26352393,0.22347419578674618
Asia,india,Madhepura,Small,161228.14130844397,45318.290362376,28.1081763981128
Asia,india,Madhubani,Small,327354.840804553,126434.98198434,38.62322050090835
Asia,india,Madhugiri,Small,55928.144442896,6936.608919140001,12.402715999674275
Asia,india,Madhupur,Small,99587.993315232,1032.81443416,1.037087303175965
Asia,india,Madurai,Large,1954790.5511498502,197054.235214702,10.080580505097615
Asia,india,Mahabubabad,Small,76140.490555364,0.0,0.0
Asia,india,Mahasamund,Small,86217.239256701,0.0,0.0
Asia,india,Mahbubnagar,Small,217697.635078836,3559.9395847789997,1.6352679180413787
Asia,india,Mahendragarh,Small,62553.046156067,0.0,0.0
Asia,india,Mahesana,Small,366898.363003984,10667.039044148,2.90735531137602
Asia,india,Mahoba,Small,156920.30144490098,45639.397049585,29.084443905182177
Asia,india,Mahuva,Small,163476.991960648,6123.15677126,3.7455770979282264
Asia,india,Maihar,Small,106770.138339485,11463.137185913001,10.73627641978411
Asia,india,Mainpuri,Small,314850.6660432879,108500.32909822,34.46088600088989
Asia,india,Majalgaon,Small,105593.111509538,5764.074095334,5.458759584722857
Asia,india,Makhtal,Small,43447.921862831005,8862.30313688,20.39753055361103
Asia,india,Makrana,Small,194409.54900377,4330.36424637,2.2274442117480686
Asia,india,Malapalli,Small,58532.015916184006,0.0,0.0
Asia,india,Malappuram,Medium,852268.774491945,1661.58728145,0.19496047856974535
Asia,india,Malda,Small,125252.152266613,7458.852421836,5.955069263767229
Asia,india,Malegaon,Medium,552439.672331266,29572.48634029,5.353070719105977
Asia,india,Malerkotla,Small,155301.800361798,21134.328688870002,13.608553564501202
Asia,india,Malkapur,Small,129746.30328347698,37914.722528681,29.222198682487928
Asia,india,Malout,Small,101927.810512062,3553.7946034,3.4865799486386977
Asia,india,Malpura,Small,58253.165042639994,8765.13586504,15.046625979247857
Asia,india,Maluru,Small,67744.837648133,0.0,0.0
Asia,india,Manachanallur,Small,34938.296465701,0.0,0.0
Asia,india,Manasa,Small,36871.503520664,3932.63863234,10.66579406000089
Asia,india,Manawar,Small,74226.9151907,2916.52421585,3.9292003559046136
Asia,india,Mancherial,Small,133428.696490739,483.653120545,0.3624805857101132
Asia,india,Mandapeta,Small,95789.794978486,9019.28361599,9.415704061184904
Asia,india,Mandi Dabwali,Small,69007.149455985,0.0,0.0
Asia,india,Mandi Gobindgarh,Small,173065.48205098603,5457.2475072,3.153284781301603
Asia,india,Mandideep,Small,150889.412438275,9614.742212841,6.372045630951175
Asia,india,Mandla,Small,135132.147275064,5103.487030935001,3.7766639055522133
Asia,india,Mandsaur,Small,161518.813845262,0.0,0.0
Asia,india,Mandvi,Small,58814.608767757,16801.984785444,28.567706455024634
Asia,india,Mandya,Small,191462.585753456,0.0,0.0
Asia,india,Manendragarh,Small,60436.168175074,1202.58147186,1.98983739071
Asia,india,Mangalagiri,Small,104813.182999276,3771.91216817,3.5987001446144937
Asia,india,Mangaldoi,Small,140405.155211487,0.0,0.0
Asia,india,Mangaluru,Medium,982642.195574285,0.0,0.0
Asia,india,Mangrol,Small,70636.667555444,4454.42708093,6.306111592019313
Asia,india,Mangrul Pir,Small,68243.008244844,922.990744049,1.3525059457189672
Asia,india,Manjeri,Medium,571576.842394565,10071.87892827,1.7621215873748233
Asia,india,Manjeshwar,Small,156073.593695273,0.0,0.0
Asia,india,Mankachar,Small,116969.403608861,40262.723670304,34.42158584046496
Asia,india,Manmad,Small,72607.139604147,715.311445792,0.9851805892531601
Asia,india,Mannargudi,Small,161664.31543646302,7772.311711241,4.807685412985068
Asia,india,Mannarkkad,Small,103951.965000763,2144.110158808,2.0625970454644724
Asia,india,Mansa,Small,143816.617467697,24632.153077061,17.127473522031405
Asia,india,Mansa Nagar,Small,269353.962372287,0.0,0.0
Asia,india,Manvi,Small,76323.009526377,13065.56011132,17.118769545905526
Asia,india,Margao,Small,166946.793266945,0.0,0.0
Asia,india,Marigaon,Small,109669.78517769798,1773.95817924,1.6175450479506774
Asia,india,Markapur,Small,75277.312040776,8502.949710038,11.295501233402364
Asia,india,Masat,Small,86807.79224565,0.0,0.0
Asia,india,Masaurhi,Small,122959.97992167101,34845.625873024,28.33899769276284
Asia,india,Maski,Small,30397.099646435,0.0,0.0
Asia,india,Matabhanga,Small,95627.90199361,36788.93237605,38.470918643084204
Asia,india,Mathura,Small,344967.637449024,18108.591759619998,5.249359590229942
Asia,india,Mau,Small,405109.558267044,217878.90547700704,53.782711622267755
Asia,india,Mau Ranipur,Small,109451.044814277,36600.972976471,33.440496651793225
Asia,india,Mawana,Small,86329.35072183001,0.0,0.0
Asia,india,Medak,Small,72662.556947929,8023.15874402,11.041668613133869
Asia,india,Medininagar,Small,231904.530242745,2853.80268263,1.2305937618565688
Asia,india,Medinipur,Small,177307.6354788,0.0,0.0
Asia,india,Meerut,Large,2177480.653510503,378060.1845793981,17.36227525006456
Asia,india,Mehidpur,Small,55738.698612292996,10032.49563516,17.999156573324377
Asia,india,Mehkar,Small,94880.589130543,22867.795157938,24.101658060401558
Asia,india,Merta City,Small,59548.360608582996,0.0,0.0
Asia,india,Mettupalayam,Small,78489.60431938201,0.0,0.0
Asia,india,Mettur,Small,138222.235940474,501.337654658,0.3627040549929341
Asia,india,Mirganj,Small,218120.86662024804,5211.343162209,2.38919973267942
Asia,india,Miryalaguda,Small,148544.53140682098,7706.724081352,5.18815738847059
Asia,india,Mirzapur,Medium,582519.974416231,201917.12699326305,34.66269584929051
Asia,india,Mithapur,Small,66496.341113293,0.0,0.0
Asia,india,Modasa,Small,117280.82749366999,0.0,0.0
Asia,india,Modinagar,Small,371066.43933603,50948.96637835,13.730416167389281
Asia,india,Moga,Small,189315.305738632,3705.060332644,1.9570844090964268
Asia,india,Mohania,Small,85770.92332825101,6165.25824557,7.18805162208077
Asia,india,Mokama,Small,178876.59353383598,29182.766803299997,16.31446922527616
Asia,india,Mokokchung,Small,59727.18411347801,0.0,0.0
Asia,india,Moradabad,Large,1509242.2278255788,756478.578854478,50.12307268557975
Asia,india,Moran,Small,58138.708231984005,0.0,0.0
Asia,india,Morbi,Small,226434.88578640495,5576.747630513,2.4628482537684246
Asia,india,Morena,Small,363065.282566203,124158.042731607,34.197167477440495
Asia,india,Morshi,Small,78823.233614041,2661.724766202,3.376827673976394
Asia,india,Motihari,Small,318878.26499817095,36482.414820284,11.440859671164247
Asia,india,Mubarakpur,Small,119816.842204841,50133.686371143005,41.841935948732115
Asia,india,Muddebihala,Small,53560.763491479,1460.96159324,2.727671336261711
Asia,india,Mudhol,Small,52827.96858129,2279.49761951,4.314944679355561
Asia,india,Muhammadabad,Small,256492.313953929,26150.54373472,10.195449263800219
Asia,india,Mukandgarh,Small,30612.877434326,0.0,0.0
Asia,india,Mukkudu,Small,79662.09994152602,0.0,0.0
Asia,india,Mumbai,Megacity,24357086.23083449,3554222.9852815587,14.592151752462668
Asia,india,Mundaragi,Small,37692.121816826,0.0,0.0
Asia,india,Mundra,Small,50153.913878700005,0.0,0.0
Asia,india,Mungeli,Small,59078.626600445,4652.206223941001,7.874601174134198
Asia,india,Munger,Small,382088.365321607,144664.90637355502,37.86163607776681
Asia,india,Murshidabad,Small,62350.00059559,0.0,0.0
Asia,india,Murtijapur,Small,86548.796242907,4035.957820046,4.663216584455688
Asia,india,Musiri,Small,100113.317657329,8282.620016758,8.273244969373616
Asia,india,Muvattupuzha,Small,204717.680101566,0.0,0.0
Asia,india,Muzaffarnagar,Medium,878075.2141335041,276632.97190599004,31.50447335869456
Asia,india,Muzaffarpur,Large,1301664.270706913,291330.266934597,22.381367722137767
Asia,india,Mysuru,Large,1268517.89855817,0.0,0.0
Asia,india,N/A,Large,2444975.02183938,73805.301612121,3.018652581431957
Asia,india,Nabadwip,Small,89139.65033960201,14880.444441902999,16.69340678947231
Asia,india,Nabha,Small,133963.712990067,10717.754648590999,8.000490886204153
Asia,india,Nadiad,Small,376572.98345847405,37705.919218070994,10.01291140744539
Asia,india,Nagaon,Small,346522.56236667,5843.326420089999,1.686275889275842
Asia,india,Nagapattinam,Small,264547.490089499,15094.354104229002,5.705725689978172
Asia,india,Nagari,Small,80675.53272089601,695.607347402,0.862228390618149
Asia,india,Nagarkurnool,Small,41541.185362927004,0.0,0.0
Asia,india,Nagaur,Small,182977.70565453,1915.12197088,1.0466422474964436
Asia,india,Nagda,Small,139197.292843965,18859.41973449,13.548697211827754
Asia,india,Nagercoil,Small,423467.63801981404,3136.3290573100003,0.7406301629035585
Asia,india,Nagina,Small,76210.741386926,8823.34224723,11.577557292656977
Asia,india,Nagpur,Large,3335354.015086598,156826.14801677802,4.701934106766961
Asia,india,Najibabad,Small,268785.826705717,89656.136047204,33.35597607435044
Asia,india,Nalbari,Small,146084.533376825,1774.099456402,1.2144334621829616
Asia,india,Nalgonda,Small,181093.55060457904,0.0,0.0
Asia,india,Namakkal,Small,186994.417864117,0.0,0.0
Asia,india,Nanded-Waghala,Medium,724452.87980493,20030.054985672,2.764852696984985
Asia,india,Nandurbar,Small,191531.40448911602,3037.0585651610004,1.5856713280320482
Asia,india,Nandyal,Small,244227.879844354,25024.2928585,10.246288373975952
Asia,india,Nanjanagudu,Small,114421.16219951602,4667.009120369,4.078798913291182
Asia,india,Nanpara,Small,72261.83256044,19286.5792671,26.689856295809623
Asia,india,Naraingarh,Small,47971.955170832,2372.359735026,4.945305494799693
Asia,india,Narasapuram,Small,131859.86117283502,0.0,0.0
Asia,india,Narasaraopet,Small,162603.831459079,21199.950241013998,13.037792560471855
Asia,india,Narayanapet,Small,69862.79990305801,8844.680718449,12.660071927723948
Asia,india,Narayangaon,Small,27989.630316521,0.0,0.0
Asia,india,Nargund,Small,48567.538834729996,0.0,0.0
Asia,india,Narnaul,Small,123241.69881702,0.0,0.0
Asia,india,Narsampet,Small,53814.468392483,1577.98324288,2.9322657828213696
Asia,india,Narsinghpur,Small,141368.53367787,8795.85429575,6.221932184564289
Asia,india,Narsipatnam,Small,77279.306929196,2817.79460712,3.6462472543933258
Asia,india,Narwana,Small,94830.762032884,4778.21717399,5.03867845365735
Asia,india,Nashik,Large,1937159.065718382,25800.515246623996,1.3318738612234744
Asia,india,Nathdwara,Small,60055.849041026,6901.675171530001,11.492094911213817
Asia,india,Naugachia,Small,164103.59547270098,15538.059715112002,9.468445630550974
Asia,india,Navapur,Small,65288.275676745,9423.855252116,14.434222920475564
Asia,india,Navsari,Small,398360.76618243504,32020.699185915997,8.038115674085148
Asia,india,Nawa,Small,24706.53101729,0.0,0.0
Asia,india,Nawabganj,Small,94126.18504598999,7877.76146146,8.369362316778197
Asia,india,Nawada,Small,271169.590206968,77397.21118875199,28.54199511445188
Asia,india,Nawalgarh,Small,84500.517953394,0.0,0.0
Asia,india,Nazira,Small,72325.946672233,0.0,0.0
Asia,india,Neeleshwaram,Small,409968.786842204,0.0,0.0
Asia,india,Neem Ka Thana,Small,92447.515415623,3331.69944074,3.6038820792115795
Asia,india,Neemrana,Small,55271.087202168004,0.0,0.0
Asia,india,Neemuch,Small,127152.910394934,3253.93325137,2.5590709966947345
Asia,india,Nellore,Medium,643320.126035913,8817.775911338,1.3706668817704224
Asia,india,Neyveli,Small,111367.82294329102,0.0,0.0
Asia,india,Nibua Raiganj,Small,180435.657047388,0.0,0.0
Asia,india,Nidadavolu,Small,62150.415640348,3110.74836769,5.005193184372696
Asia,india,Nilanga,Small,69825.18935906,0.0,0.0
Asia,india,Nimbahera,Small,70575.1261912,0.0,0.0
Asia,india,Nippani,Small,63584.295980865994,3505.050017306,5.5124460580026735
Asia,india,Nirmal,Small,116326.117338668,12508.284068933,10.75277362908692
Asia,india,Niwai,Small,82691.531745629,0.0,0.0
Asia,india,Nizamabad,Small,424790.00089720497,1264.412826761,0.2976559768568977
Asia,india,Nokha,Small,88355.797212157,0.0,0.0
Asia,india,North Lakhimpur,Small,136475.369848303,0.0,0.0
Asia,india,Notun Digha,Small,231214.430317348,0.0,0.0
Asia,india,Nowgaon,Small,64219.53335250101,8565.954843651,13.338550432362183
Asia,india,Nuzvid,Small,76179.98010366202,0.0,0.0
Asia,india,Obra,Small,241752.666929104,6967.403680148001,2.8820379806570036
Asia,india,Omalur,Small,32949.183940873,1192.74352238,3.6199485987888713
Asia,india,Ongole,Small,244577.620414843,7480.702989708,3.0586212168633926
Asia,india,Orai,Small,295958.28897428,36291.414221395,12.262340868090664
Asia,india,Osmanabad,Small,219651.25377059303,2034.525562897,0.9262526518614314
Asia,india,Pachora,Small,123048.87973738002,18468.003875450002,15.00867290695029
Asia,india,Padi Meena,Small,149496.383215558,0.0,0.0
Asia,india,Padmanabhapuram,Small,264885.937333286,1884.322715698,0.7113713678680869
Asia,india,Padrauna,Small,181576.977271194,41037.708181092006,22.60072218285703
Asia,india,Paithan,Small,58290.021118642995,1424.45088145,2.443730254533079
Asia,india,Palacode,Small,38472.389428771,0.0,0.0
Asia,india,Palakkad,Small,373436.162035431,0.0,0.0
Asia,india,Palakollu,Small,132573.690427072,752.945491413,0.567944883322978
Asia,india,Palani,Small,106377.37761855799,8648.88031457,8.130375563103904
Asia,india,Palanpur,Small,210289.332034149,2300.8556013,1.094138052103548
Asia,india,Palghar,Small,118580.336301706,0.0,0.0
Asia,india,Pali,Small,260290.74916518503,6195.72786335,2.380310434858399
Asia,india,Palitana,Small,108159.86982226398,4160.592428445,3.8467062093195774
Asia,india,Palladam,Small,71629.06438363799,0.0,0.0
Asia,india,Palwal,Small,252174.11045078505,36999.692260929995,14.67228027285971
Asia,india,Palwancha,Small,117776.60526894599,0.0,0.0
Asia,india,Pampore,Small,212442.392395979,21437.55332991,10.090996005143726
Asia,india,Panaji,Small,254513.47030439,0.0,0.0
Asia,india,Pandharkawada,Small,56756.502785118,4365.976198738001,7.692468676704291
Asia,india,Pandharpur,Small,127684.161634197,11520.084562894,9.02232854525681
Asia,india,Pandhurna,Small,80707.26100196899,7042.379558132,8.72583144403846
Asia,india,Pandua,Small,103744.49169051,0.0,0.0
Asia,india,Panipat,Medium,720941.81031926,21718.815211240002,3.0125614717257276
Asia,india,Panna,Small,101573.926449185,30982.131828447997,30.502051965026293
Asia,india,Panruti,Small,114747.75274218898,879.694284174,0.7666331262717316
Asia,india,Panskura,Small,120086.05913214601,0.0,0.0
Asia,india,Paonta Sahib,Small,46903.79082890599,0.0,0.0
Asia,india,Paratas,Small,95557.854624663,9363.757061999999,9.799044881008934
Asia,india,Parbatsar,Small,41863.535496236,0.0,0.0
Asia,india,Parbhani,Small,426062.35730848997,10591.836077233,2.4859826022048677
Asia,india,Parli,Small,175556.95170146602,40985.804125842995,23.34615845662393
Asia,india,Parola,Small,44186.202500137006,5434.917935095,12.300034009662062
Asia,india,Partapur,Small,45613.376479996,0.0,0.0
Asia,india,Parvathipuram,Small,87815.173418154,5516.54773476,6.281998338136365
Asia,india,Patan,Small,207185.49868732895,19445.911742286,9.385749420442076
Asia,india,Pathanamthitta,Small,58804.160259557,0.0,0.0
Asia,india,Pathankot,Small,250825.001360541,17791.300874884997,7.093113038325639
Asia,india,Patiala,Medium,676046.069893104,19977.300795641,2.9550206243784243
Asia,india,Patna,Large,3118141.756187065,1082526.4690391521,34.71703834154385
Asia,india,Patran,Small,62149.49563296801,491.308937992,0.7905276350004339
Asia,india,Pattambi,Small,113957.15588243701,0.0,0.0
Asia,india,Payyanur,Small,332374.69683715596,672.547926572,0.20234630763770473
Asia,india,Peddapalli,Small,59911.014951105004,0.0,0.0
Asia,india,Peddapuram,Small,74901.61319387998,0.0,0.0
Asia,india,Pehowa,Small,82108.44019184502,6392.45905729,7.785386060621933
Asia,india,Pen,Small,61254.124315004,6138.057490002,10.020643603419375
Asia,india,Perambalur,Small,81632.51099960998,0.0,0.0
Asia,india,Perinthalmanna,Small,220350.26781290103,0.0,0.0
Asia,india,Pernampattu,Small,98113.831003859,0.0,0.0
Asia,india,Perundurai,Small,37470.169522821,0.0,0.0
Asia,india,Petlad,Small,96997.36829096,21865.562877138997,22.542428998227606
Asia,india,Phagwara,Small,160152.42186734802,0.0,0.0
Asia,india,Phalodi,Small,118456.457388151,19325.41864723,16.314364850457775
Asia,india,Phaltan,Small,81718.22773287902,0.0,0.0
Asia,india,Phulbani,Small,57790.892232385,3850.721001371,6.6631970066956745
Asia,india,Phulera,Small,43041.207474623,0.0,0.0
Asia,india,Piduguralla,Small,94890.234830255,0.0,0.0
Asia,india,Pilani,Small,92832.318063897,0.0,0.0
Asia,india,Pileru,Small,45348.782804252,0.0,0.0
Asia,india,Pilibhit,Small,326807.512080439,124991.110034287,38.24609454005519
Asia,india,Pilol,Small,49548.909594485995,0.0,0.0
Asia,india,Pimpalgaon Basvant,Small,55934.581819588,0.0,0.0
Asia,india,Pindwara,Small,50763.71248106,0.0,0.0
Asia,india,Piparcity,Small,38953.37885496,4903.332675778,12.587695393601653
Asia,india,Pipariya,Small,108231.025815371,2027.61320209,1.8734121633004406
Asia,india,Piprakothi,Small,80656.769481367,0.0,0.0
Asia,india,Pithampur,Small,129042.51086274802,1137.38880056,0.8814062846078278
Asia,india,Pithapuram,Small,94773.840029467,10831.274489783998,11.428548728653759
Asia,india,Pokaran,Small,53350.161362494,3094.10705966,5.799620808335934
Asia,india,Pollachi,Small,217112.889237096,0.0,0.0
Asia,india,Polur,Small,63604.646607789015,14793.94610166,23.25922222771746
Asia,india,Ponda,Small,76338.10943760199,0.0,0.0
Asia,india,Ponnur,Small,80885.78539682299,8423.502452903,10.414070175096372
Asia,india,Porbandar,Small,233872.02127026703,7749.44135403,3.313539307497837
Asia,india,Port Blair,Small,182153.671459102,1374.91762078,0.7548119177431474
Asia,india,Pratapgarh,Small,360651.175649867,66236.103740854,18.36569744199541
Asia,india,Prayagraj,Large,2283528.981978435,723994.389296267,31.70506680712249
Asia,india,Proddatur,Small,238144.17487865296,21559.224678303,9.05301365833893
Asia,india,Puducherry,Large,1084468.2848086231,21535.685769897,1.9858290068572562
Asia,india,Pudukadai,Small,143679.143024332,5293.045679266001,3.683934611420689
Asia,india,Pukhrayan,Small,109311.52040528398,54668.3330671,50.011501865870486
Asia,india,Pulgaon,Small,50069.857265339,915.063005504,1.8275726264900995
Asia,india,Pulivendula,Small,62391.27284707,0.0,0.0
Asia,india,Pulwama,Small,68460.298710951,769.232465554,1.1236183306792271
Asia,india,Pune,Very large,6841492.9599744165,499463.238640593,7.300500659178646
Asia,india,Punganuru,Small,54489.905050441,4818.910261374001,8.843675276940127
Asia,india,Punhana,Small,54760.755423994,20591.457320999998,37.602580829222156
Asia,india,Pupri,Small,77868.29356238901,13758.324511908999,17.668711978240108
Asia,india,Puranpur,Small,140225.407006097,81804.01962881,58.33751627139379
Asia,india,Puri,Small,326321.217571854,32182.853200025,9.862323216215179
Asia,india,Purna,Small,51736.567478114,4625.278614634,8.94005698501475
Asia,india,Purnea,Small,101148.365731715,0.0,0.0
Asia,india,Purnia,Small,313178.217880222,3517.526300637,1.1231708017389355
Asia,india,Puruliya,Small,321316.51169662306,134441.020450564,41.84068217991206
Asia,india,Pusad,Small,195647.292669928,22604.704145547,11.55380370311736
Asia,india,Puttur,Small,91791.50502019002,0.0,0.0
Asia,india,Rabakavi Banahatti,Small,72798.560871261,2455.58808587,3.3731272383427067
Asia,india,Radhanpur,Small,66518.87077215599,14185.0872465,21.32490687505433
Asia,india,Rae Bareli,Small,425026.818480779,186410.883251653,43.858616714578694
Asia,india,Rafiganj,Small,163610.17368860598,14393.408636293001,8.797379962255597
Asia,india,Rahuri,Small,28058.111887198997,0.0,0.0
Asia,india,Raichur,Small,307472.930488702,39542.271041331005,12.860407249016015
Asia,india,Raiganj,Small,339733.890582802,31767.431212256,9.350680662962429
Asia,india,Raigarh,Small,248250.03725260904,947.326216698,0.381601641305713
Asia,india,Raipur,Large,1538556.218382069,33278.239366689995,2.1629524465271133
Asia,india,Rajam,Small,79052.195031997,629.125506368,0.7958355945883051
Asia,india,Rajamahendravaram,Medium,564216.13013333,8563.036779543,1.5176873404025983
Asia,india,Rajapalaiyam,Small,250297.298889507,34074.285383051996,13.613525009750102
Asia,india,Rajgarh,Small,155936.89764869201,0.0,0.0
Asia,india,Rajgir,Small,98681.26907101399,21138.362566675998,21.42084588663346
Asia,india,Rajim,Small,144085.24714040902,36381.1357185,25.249729892920335
Asia,india,Rajkot,Large,1533713.0452113259,6822.189075105,0.44481522123096956
Asia,india,Rajnandgaon,Small,220363.608402971,22943.928745673,10.411850174333805
Asia,india,Rajpura,Small,176484.639338363,5910.659753451,3.349107194603413
Asia,india,Rajsamand,Small,121718.848622176,0.0,0.0
Asia,india,Rajula,Small,61217.533421582,7541.61255563,12.319366910283312
Asia,india,Ramachandrapuram,Small,78842.455694841,1088.86867523,1.3810689502676783
Asia,india,Ramagundam,Small,222485.39095826502,0.0,0.0
Asia,india,Raman Mandi,Small,81890.35588798298,0.0,0.0
Asia,india,Ramanagara,Small,98364.54276236099,503.631295073,0.5120049165375814
Asia,india,Ramanathapuram,Small,131927.352623799,0.0,0.0
Asia,india,Ramgarh,Small,173612.32178277997,10929.60321448,6.295407550712262
Asia,india,Rampur,Medium,519068.16352069395,281051.219106367,54.14533944830584
Asia,india,Rampur Hat,Small,107240.243016713,2354.41127017,2.1954549933303245
Asia,india,Ranaghat,Small,150880.300455704,26823.101632634,17.77773609385728
Asia,india,Ranchi,Large,1676605.22333174,280266.620154728,16.716315579512738
Asia,india,Ranebennur,Small,120928.93099084498,3769.04169095,3.1167410974924916
Asia,india,Raniganj,Small,215359.245336106,52433.991728774,24.347221149916983
Asia,india,Ranipettai,Small,302766.46846035,1679.36950802,0.5546748675836038
Asia,india,Ranjangoan,Small,220492.259328279,754.386669242,0.3421374843453504
Asia,india,Rasipuram,Small,68958.249900062,0.0,0.0
Asia,india,Rasra,Small,89253.75501678101,11119.7035488,12.458527427455946
Asia,india,Ratangarh,Small,88893.86038660999,2761.4362988989997,3.106442094976171
Asia,india,Rath,Small,111991.67354313399,50842.158221781,45.39815917850264
Asia,india,Ratlam,Small,333879.17794210505,47311.655246419,14.170292241052207
Asia,india,Ratnagiri,Small,210946.80622628,3590.916022,1.702285086102735
Asia,india,Raver,Small,83232.097739383,11512.32250302,13.831589994364283
Asia,india,Ravulapalem,Small,54372.586050987,0.0,0.0
Asia,india,Rawatbhata,Small,55867.591448736996,0.0,0.0
Asia,india,Rayachoti,Small,108942.56325974499,1112.3138496,1.021009434988214
Asia,india,Rayadurg,Small,63985.737125739994,8241.84043342,12.880746246970245
Asia,india,Rayagada,Small,142390.65166204702,6933.156504430999,4.869109329512937
Asia,india,Renukut,Small,117397.35913362399,0.0,0.0
Asia,india,Renwal,Small,47126.55197362601,0.0,0.0
Asia,india,Repalle,Small,72313.050090919,0.0,0.0
Asia,india,"Rewa, Madhya Pradesh",Small,321118.08432451996,23472.256626106002,7.3095405621519225
Asia,india,Rewari,Small,183769.51334556102,0.0,0.0
Asia,india,Rishikesh,Small,301114.51195115503,8760.470678787,2.9093485471759895
Asia,india,Risod,Small,69868.946291906,15635.53409917,22.378373982979767
Asia,india,Robertsganj,Small,144924.559788702,2828.0867107649997,1.9514199076321577
Asia,india,Roha,Small,62282.74322018099,2388.6611464879998,3.835189368656486
Asia,india,Rohtak,Medium,510075.4461532141,20327.842528826004,3.985261921962819
Asia,india,Roorkee,Small,465854.507610068,74780.02049557498,16.052226451389785
Asia,india,Rourkela,Medium,779034.339247779,25479.752367528996,3.2706841128635955
Asia,india,Rudauli,Small,93352.301337567,0.0,0.0
Asia,india,Rudrapur,Small,327786.540528239,27368.261090497002,8.349415765025658
Asia,india,Runkata,Small,69294.123359866,12638.743654719998,18.239272021789002
Asia,india,Rupnagar,Small,78969.186746741,0.0,0.0
Asia,india,Rusera,Small,74678.94870888001,0.0,0.0
Asia,india,Rāmnagar,Small,40594.713371437,623.873472018,1.5368342826062815
Asia,india,Sadabad,Small,81678.13542899999,24944.13602495,30.539551244571545
Asia,india,Sadasivpet,Small,46703.098029321,0.0,0.0
Asia,india,Sagar,Medium,578656.864390207,168663.22823373802,29.147364977943642
Asia,india,Sagara,Small,69799.312018316,0.0,0.0
Asia,india,Sagwara,Small,69520.207044421,0.0,0.0
Asia,india,Saharanpur,Large,1242489.860196351,413022.714817783,33.2415360518526
Asia,india,Saharsa,Small,381805.91810334,126250.232931185,33.06659927073576
Asia,india,Sahibganj,Small,120542.979387193,22208.110853434002,18.42339634073578
Asia,india,Sailu,Small,77406.31667044,3302.061260169,4.265880876657182
Asia,india,Sakoli,Small,41399.821744419,0.0,0.0
Asia,india,Sakri,Small,49297.414273075,0.0,0.0
Asia,india,Salem,Large,1323390.436667556,16654.55435431,1.2584762510637462
Asia,india,Salhapur,Small,90101.179102163,8160.480006475,9.057017996648055
Asia,india,Samana,Small,95949.47173798502,17900.127881879,18.65578575644476
Asia,india,Samarlakota,Small,110178.726905064,0.0,0.0
Asia,india,Samastipur,Small,371965.919744623,18532.28406247,4.982253233090152
Asia,india,Sambalpur,Small,236486.780471085,3604.465613366,1.52417213604323
Asia,india,Sambhal,Small,426359.85636347195,174023.95949033898,40.816215901429395
Asia,india,Sambhar,Small,28455.752387299,4303.78132588,15.124468568966599
Asia,india,Sanawad,Small,62877.237837304,0.0,0.0
Asia,india,Sanchore,Small,72673.634654789,0.0,0.0
Asia,india,Sandila,Small,115692.826685955,69396.994114622,59.9838348690349
Asia,india,Sangamner,Small,119468.48011823697,1549.67847423,1.2971442113403433
Asia,india,Sangareddy,Small,109803.94954643698,1904.8834207740001,1.7348041018947225
Asia,india,Sangli,Medium,709411.71291415,17988.71355733,2.5357226600383065
Asia,india,Sangole,Small,35842.112520274,0.0,0.0
Asia,india,Sangrur,Small,133597.548553064,3498.16838057,2.618437552527809
Asia,india,Sankarankovil,Small,71349.230266508,0.0,0.0
Asia,india,Sankari,Small,37252.423452307,0.0,0.0
Asia,india,Sansarpur,Small,174681.290599634,76622.47919212,43.86415908028592
Asia,india,Santaldih,Small,29273.171188679,0.0,0.0
Asia,india,Saoner,Small,49249.566940964,1105.282778737,2.2442487262109627
Asia,india,Sardarshahar,Small,71020.883841746,0.0,0.0
Asia,india,Sardhana,Small,84631.07999506599,42132.531583171,49.783757439497805
Asia,india,Sarwar,Small,25552.47661569,8199.41364389,32.08852811885682
Asia,india,Sasaram,Small,324090.81370892905,77570.15238219,23.934696418719522
Asia,india,Satana,Small,45329.75628504901,629.301275521,1.3882741207866602
Asia,india,Satara,Small,343143.924443541,0.0,0.0
Asia,india,Sathupally,Small,50461.226300944,0.0,0.0
Asia,india,Satna,Small,491322.57326207304,57074.487426707,11.616500143229382
Asia,india,Sattenapalle,Small,74138.055377997,0.0,0.0
Asia,india,Sattur,Small,77556.662233195,0.0,0.0
Asia,india,Satyamangalam,Small,52355.06171336999,0.0,0.0
Asia,india,Saundatti,Small,59344.047055378,14337.991231498001,24.160791086792983
Asia,india,Sawai Madhopur,Small,230387.23063987299,2189.1620895,0.9502098199712996
Asia,india,Sehore,Small,158154.100299326,18046.13972137,11.410478569455657
Asia,india,Sela Kui,Small,55236.11892481899,0.0,0.0
Asia,india,Senapati,Small,107558.404879806,0.0,0.0
Asia,india,Sendhwa,Small,148132.17941880002,0.0,0.0
Asia,india,Seohara,Small,146575.38004207,50922.7086105,34.74165210820821
Asia,india,Shadnagar,Small,55509.460761589005,0.0,0.0
Asia,india,Shahabad,Small,74700.08689066001,0.0,0.0
Asia,india,Shahabad Markanda,Small,47191.79128876099,8422.140506006,17.84662178740349
Asia,india,Shahada,Small,173411.16709117498,6582.02771516,3.795619293479148
Asia,india,Shahapura,Small,85153.58525390699,9369.174693528,11.00267788560098
Asia,india,Shahdol,Small,109970.335636526,0.0,0.0
Asia,india,Shahganj,Small,106724.73370618302,31995.388965205,29.979357037600522
Asia,india,Shahjahanpur,Medium,626718.945091006,225276.55000380002,35.94538696625607
Asia,india,Shahpura,Small,50158.43690318301,16938.294622824,33.76958228486803
Asia,india,Shaikhpura,Small,124209.70542361202,0.0,0.0
Asia,india,Shajapur,Small,79407.98457387999,0.0,0.0
Asia,india,Shamirpet,Small,48143.65713850399,0.0,0.0
Asia,india,Shamli,Small,202124.848146649,83204.083527591,41.1646981014543
Asia,india,Shamsabad,Small,63030.59653055,16081.78663346,25.514254217260017
Asia,india,Shantipur,Small,155825.06258173604,30635.575610365,19.66023635915147
Asia,india,Shapar - Veraval,Small,69441.37501521,0.0,0.0
Asia,india,Shegaon,Small,95887.509999794,7172.36094717,7.479974135510881
Asia,india,Shencottai,Small,70898.189472754,1861.067031335,2.624985271380172
Asia,india,Sheopur,Small,106272.660685378,9095.644726691,8.558781410036218
Asia,india,Sherkot,Small,119877.26226355002,106265.69113829,88.6454104237591
Asia,india,Shevgaon,Small,54583.783784192005,0.0,0.0
Asia,india,Shiggaon,Small,41698.603543755,4014.973675569,9.628556676618738
Asia,india,Shihi Village,Small,102575.032590269,9303.923449240001,9.070358755238297
Asia,india,Shikarpur,Small,66759.230069804,34183.17713929,51.20367191704845
Asia,india,Shikohabad,Small,234064.24999863602,42955.403763595,18.351971206130504
Asia,india,Shillong,Medium,533155.5330923051,12709.172900445,2.383764607436732
Asia,india,Shirdi,Small,71739.423003691,0.0,0.0
Asia,india,Shirpur,Small,150713.407610401,25376.713720128,16.837728057829878
Asia,india,Shivamogga,Small,377031.779548069,0.0,0.0
Asia,india,Shivpuri,Small,230805.699099054,40324.008662692,17.470976158776004
Asia,india,Shoranur,Small,228805.51486640697,0.0,0.0
Asia,india,Shorapur,Small,102785.826045893,19489.6725266,18.961439798030156
Asia,india,Shrirampur,Small,108451.71921539401,540.932781352,0.49877750695465056
Asia,india,Siddhapur,Small,71203.65628797401,4962.359391579999,6.969247999724026
Asia,india,Siddipet,Small,130208.29328619999,671.028229557,0.515349838801795
Asia,india,Sikandarabad,Small,237115.04680528498,41289.586968640004,17.413313716251142
Asia,india,Sikandra Rao,Small,93557.85322539,25336.016678874003,27.080587898737974
Asia,india,Sikar,Small,308363.609458123,0.0,0.0
Asia,india,Silchar,Medium,530462.9603173321,35789.055194481996,6.746758562194874
Asia,india,Siliguri,Medium,523370.8488617339,18105.026525693,3.4593112255046616
Asia,india,Sillod,Small,88959.13611132,3822.7363863,4.29718245185787
Asia,india,Silvassa,Small,372534.120091508,0.0,0.0
Asia,india,Sindhanur,Small,115579.24088549502,9383.99091929,8.119097207591777
Asia,india,Sindri,Small,35043.652668644005,2059.32030328,5.876443083008346
Asia,india,Singhana,Small,50044.824132967995,0.0,0.0
Asia,india,Sinnar,Small,103425.96156116901,502.757376044,0.48610365178636045
Asia,india,Sirohi,Small,57587.311083092,1291.74023302,2.2430987117216925
Asia,india,Sironj,Small,87607.47308079999,35660.502851684,40.7048640916677
Asia,india,Sirsa,Small,288008.968502608,3048.081322428,1.0583286132634437
Asia,india,Sirsi,Small,94184.58349448201,1160.556398507,1.2322148226891012
Asia,india,Sirsilla,Small,110664.182110992,0.0,0.0
Asia,india,Siruguppa,Small,105126.942160695,21388.85049169,20.345736356523542
Asia,india,Sitamarhi,Small,487986.457632671,71989.96360861098,14.75245111469897
Asia,india,Sitapur,Small,359231.71376259,97739.535985374,27.20793633770551
Asia,india,Sitarganj,Small,58558.251540966,10598.4061849,18.098911606822142
Asia,india,Sithana,Small,86893.239988288,0.0,0.0
Asia,india,Siuri,Small,470536.68410131,40540.21223168,8.615738921420927
Asia,india,Sivakasi,Small,255218.682963425,1591.953635251,0.6237606184493713
Asia,india,Sivani,Small,164968.71801653897,12524.9696185,7.592330090874748
Asia,india,Siwan,Small,259021.363992941,54466.652143775995,21.027860908515773
Asia,india,Siwana,Small,37799.526413807995,0.0,0.0
Asia,india,Sohna,Small,93236.82735359001,11102.69270315,11.908055023198404
Asia,india,Sojat,Small,37992.829310579,8314.322502222,21.883925606737844
Asia,india,Solapur,Large,1106674.128123543,78246.361044329,7.070406640571071
Asia,india,Sonamukhi,Small,48440.368018927,6278.3575548300005,12.961003005544613
Asia,india,Sonari,Small,48508.21126688301,0.0,0.0
Asia,india,Songadh,Small,51842.016863651,2444.4967840199997,4.715281024751098
Asia,india,Sopore,Small,88939.375299192,0.0,0.0
Asia,india,Sri Dungargarh,Small,51832.696313083004,0.0,0.0
Asia,india,Sri Ganganagar,Small,293358.13932948594,0.0,0.0
Asia,india,Sri Kalahasti,Small,91458.02098698297,20639.164624741003,22.566817433845994
Asia,india,Sri Muktsar Sahib,Small,169124.551585495,6382.1704193410005,3.7736510515533976
Asia,india,Srikakulam,Small,197278.007887026,0.0,0.0
Asia,india,Srinagar,Large,1328088.2570951178,95578.900279309,7.196728061459219
Asia,india,Srivilliputtur,Small,91749.819985875,30966.690001307998,33.75122698450564
Asia,india,Sujangarh,Small,116816.38730183001,935.572441705,0.8008914359658026
Asia,india,Sujapur,Small,65478.813639656,2355.256329139,3.5969746521378387
Asia,india,Suket,Small,110796.51125265399,0.0,0.0
Asia,india,Sultanganj,Small,122779.28926553999,19726.15036552,16.06635002004077
Asia,india,Sultanpur,Small,402426.615573236,48430.661728021005,12.034656718476242
Asia,india,Sumerpur,Small,78976.89335065702,0.0,0.0
Asia,india,Sunam,Small,94056.80112882503,15272.41145688,16.23743447957806
Asia,india,Sundargarh,Small,75534.68607625701,677.556895793,0.8970142473471905
Asia,india,Supaul,Small,171398.24405425505,32328.836155719004,18.86182459692266
Asia,india,Surajpur,Small,52958.146317236,3489.25320877,6.588699664577141
Asia,india,Surat,Very large,6993761.732554603,593854.0871946691,8.491197011050485
Asia,india,Surendranagar,Small,303397.377309466,13692.61070428,4.5130946172660895
Asia,india,Sursand,Small,108619.74102536801,21880.483963386996,20.14411354403509
Asia,india,Suryapet,Small,137512.73852691503,16570.716838874,12.050314041001121
Asia,india,Tadepallegudem,Small,140794.242003061,0.0,0.0
Asia,india,Tadipatri,Small,114783.097752522,0.0,0.0
Asia,india,Talcher,Small,79875.19565240399,2225.50505378,2.7862279842979256
Asia,india,Talegaon,Small,94817.057778487,0.0,0.0
Asia,india,Taliparamba,Small,164542.40741239503,0.0,0.0
Asia,india,Tamluk,Large,1508909.1047673896,87075.80532152,5.7707787067096685
Asia,india,Tanda,Small,297987.087419456,116058.16086457498,38.947379186671895
Asia,india,Tanduru,Small,120721.171450051,0.0,0.0
Asia,india,Tanuku,Small,123991.111519562,0.0,0.0
Asia,india,Tarn Taran Sahib,Small,110527.638818913,14059.781511039999,12.720602431465453
Asia,india,Tenali,Small,219129.49957677303,466.766954909,0.21300963850623225
Asia,india,Tengar,Small,47512.246233637,6018.675447801999,12.667629768977307
Asia,india,Tenkasi,Small,100033.68492895401,2948.5056600999997,2.9475127925099325
Asia,india,Tezpur,Small,379077.857831115,0.0,0.0
Asia,india,Thakurdwara,Small,323637.89360462,28573.856171847,8.828958764252413
Asia,india,Thalassery,Large,1020360.696649699,8712.765413337,0.8538907311840714
Asia,india,Than,Small,80146.78462672999,0.0,0.0
Asia,india,Thana Bhawan,Small,75145.592870259,12950.31391958,17.233630642769807
Asia,india,Thanjavur,Small,391459.83946039004,3401.717927621,0.8689826093808541
Asia,india,Theni,Small,170853.58442474197,1392.507614317,0.8150297923251211
Asia,india,Thiruvallur,Small,220879.18761612297,0.0,0.0
Asia,india,Thiruvananthapuram,Large,3224218.376639133,23892.969737467,0.7410468816436869
Asia,india,Thiruvarur,Small,121807.51240022399,1824.614164859,1.4979487955257225
Asia,india,Thoothukudi,Small,332467.65558658505,13103.034730692001,3.9411457056097174
Asia,india,Thoubal,Small,124080.09554086099,0.0,0.0
Asia,india,Thrissur,Large,1361062.45308761,420.044787664,0.0308615366408144
Asia,india,Thuraiyur,Small,66421.543983489,2921.432661728,4.398320915957941
Asia,india,Tikamgarh,Small,138180.933775,20868.142286875,15.102041733814445
Asia,india,Tilhar,Small,109270.184832051,82819.64464271002,75.79345158974917
Asia,india,Tindivanam,Small,122356.27568994799,4395.844764235,3.592659828396636
Asia,india,Tinsukia,Small,192145.840127714,0.0,0.0
Asia,india,Tipaturu,Small,68176.82224686901,0.0,0.0
Asia,india,Tiruchchendur,Small,44855.777126034,8260.407867771,18.415482680327287
Asia,india,Tiruchengodu,Small,166979.51536912197,0.0,0.0
Asia,india,Tiruchirappalli,Large,1360043.605100262,133799.24340880002,9.837864235164458
Asia,india,Tirukkovilur,Small,108983.182155119,6778.448125252,6.219719401846822
Asia,india,Tirumakudalu Narasipura,Small,34883.518369467,0.0,0.0
Asia,india,Tirunelveli,Small,275932.646244069,59175.15032022699,21.445505316498565
Asia,india,Tirupati,Small,476596.10951310303,1503.79103228,0.3155273411308987
Asia,india,Tiruppur,Large,1133032.283328006,476.096438676,0.042019671079237285
Asia,india,Tiruttani,Small,89066.569188575,13886.99866396,15.591707180904137
Asia,india,Tiruvannamalai,Small,315794.63138476806,24480.992160231002,7.752187569776341
Asia,india,Tiruvethipuram,Small,101436.76406773,3685.10361851,3.632907311642387
Asia,india,Tiruvuru,Small,49250.36600537299,0.0,0.0
Asia,india,Titlagarh,Small,69962.605022292,6632.760291999999,9.480436427269424
Asia,india,Tohana,Small,83310.395535698,8491.17063469,10.192210203889363
Asia,india,Tonk,Small,213982.988038074,17653.65406347,8.250026894815061
Asia,india,Toranagallu,Small,151217.67281343899,0.0,0.0
Asia,india,Triprayar,Small,320147.069292979,0.0,0.0
Asia,india,Tufanganj,Small,118478.92519532901,7876.709820136,6.648194864318821
Asia,india,Tumakuru,Small,367484.563823041,920.002066453,0.2503512139073191
Asia,india,Tuni,Small,131230.548366754,1177.24332021,0.8970802414998088
Asia,india,Tura,Small,88859.721040209,0.0,0.0
Asia,india,Udaipur,Medium,918537.883687252,5346.612431578,0.5820785975767592
Asia,india,Udgir,Small,193335.95149259298,10069.803999459999,5.208448776194524
Asia,india,Udhagamandalam,Small,93076.29484607301,0.0,0.0
Asia,india,Udhampur,Small,203963.58658565202,7523.13075597,3.688467574976062
Asia,india,Udumalaippettai,Small,129428.68193240599,0.0,0.0
Asia,india,Udupi,Small,298313.18690898095,0.0,0.0
Asia,india,Ujhani,Small,106074.893156681,58853.964220487,55.48340655272218
Asia,india,Ujjain,Medium,583976.777154242,64190.598677623,10.991977967073979
Asia,india,Ukhrul,Small,85049.22182206,0.0,0.0
Asia,india,Umargam road,Small,61789.862977044,0.0,0.0
Asia,india,Umarkhed,Small,72621.134112143,18649.544166120002,25.68060165147105
Asia,india,Umred,Small,68659.694306766,551.215910403,0.802823135128175
Asia,india,Una,Small,150561.102259666,0.0,0.0
Asia,india,Unchahar,Small,86687.505390617,0.0,0.0
Asia,india,Unnao,Small,429041.328832435,87320.31116982899,20.352424184275385
Asia,india,Upleta,Small,83262.021731732,1480.687594148,1.778346914177433
Asia,india,Uran,Small,94173.35269501,0.0,0.0
Asia,india,Vadanappally,Small,148456.683031325,0.0,0.0
Asia,india,Vadnagar,Small,35853.678630379996,5151.63338703,14.368493230886642
Asia,india,Vadodara,Large,2348439.715255669,26551.689507421004,1.130609797430137
Asia,india,Vaijapur,Small,39386.64361807101,0.0,0.0
Asia,india,Valsad,Small,285049.810440478,23931.008303239,8.395377729337623
Asia,india,Vandavasi,Small,67877.34315498499,6776.386610067,9.983282042425277
Asia,india,Vaniyambadi,Small,178094.66688790396,19746.02085823,11.087373475736086
Asia,india,Vapi,Medium,506915.45083272597,0.0,0.0
Asia,india,Varanasi,Large,3969923.099206486,1113755.4944963409,28.054838007289362
Asia,india,Vasai-Virar,Large,1607384.8993714368,72702.497616076,4.523029776160402
Asia,india,Vasco da Gama,Small,114610.07997761,0.0,0.0
Asia,india,Vellore,Medium,771423.4403119651,40564.70955729,5.258423252070945
Asia,india,Velpuru,Small,50602.393711287994,5288.42984715,10.450947987407751
Asia,india,Veraval,Small,227660.20230283897,13758.909543501,6.043616497010125
Asia,india,Vidisha,Small,240072.49520288198,77229.103544395,32.16907604477128
Asia,india,Vijapur,Small,57338.617040537996,5112.838369892999,8.916919580181466
Asia,india,Vijayapura,Small,401731.077169331,0.0,0.0
Asia,india,Vijayawada,Large,1249694.2518311809,79505.69113478399,6.36201142945837
Asia,india,Vikramasingapuram,Small,66749.851375014,1679.094864244,2.515503524959943
Asia,india,Viluppuram,Small,316182.883778809,21906.450958060002,6.928411397937981
Asia,india,Vinukonda,Small,80648.29938821,15281.05340827,18.947768922829813
Asia,india,Virudhunagar,Small,139627.246713459,0.0,0.0
Asia,india,Visakhapatnam,Large,1628911.7302283868,23410.147671550996,1.4371649020090673
Asia,india,Visnagar,Small,141981.586860961,19870.396408,13.995051645294387
Asia,india,Vita,Small,32983.081765779,0.0,0.0
Asia,india,Vizianagaram,Small,297402.74843374605,1807.9425178729998,0.6079104942353163
Asia,india,Vns HOSTEL,Small,40275.06090161399,0.0,0.0
Asia,india,Vriddhachalam,Small,109624.57647935199,4854.067707933,4.4279009906572115
Asia,india,Vrindavan,Small,225522.70748105302,23123.809251439998,10.253428361923472
Asia,india,Vuyyuru,Small,50571.243805032995,0.0,0.0
Asia,india,Wadi,Small,65695.625731786,0.0,0.0
Asia,india,Waidhan,Small,282812.300802098,0.0,0.0
Asia,india,Wanaparthy,Small,84285.277293153,4157.58390198,4.932752237997021
Asia,india,Wani,Small,102185.92836110601,12813.946276737,12.539834478437095
Asia,india,Wankaner,Small,70041.96526427,3455.63489517,4.933663528902719
Asia,india,Warangal,Medium,797422.171961404,0.0,0.0
Asia,india,Wardha,Small,287563.587925645,0.0,0.0
Asia,india,Waria,Small,162413.73195467296,1760.844615344,1.084172252033112
Asia,india,Warora,Small,79749.959037874,3439.26583911,4.312561260974015
Asia,india,Warud,Small,66785.907737088,1006.07041886,1.5064112369641451
Asia,india,Washim,Small,155512.366312129,2400.49233786,1.5436022194157666
Asia,india,Wokha,Small,57450.262180182996,6897.69755219,12.00638132956912
Asia,india,Yadgir,Small,126730.474686296,10167.525575149,8.022952332749737
Asia,india,Yamunanagar,Medium,672374.046934248,39777.734306166996,5.9160127443254655
Asia,india,Yanam,Small,73400.41296032199,418.534854853,0.5702077658326624
Asia,india,Yavatmal,Small,350140.958869007,0.0,0.0
Asia,india,Yeleswaram,Small,55527.444985229,0.0,0.0
Asia,india,Yeola,Small,42678.335049675006,0.0,0.0
Asia,india,Zaheerabad,Small,113971.77855944098,0.0,0.0
Asia,india,Zakiganj,Small,306812.106959935,12427.309052789999,4.050462407082526
Asia,indonesia,Ajibarang,Small,60136.71745687901,1640.495711644,2.7279435609705773
Asia,indonesia,Alasdowo,Small,33738.740180401,0.0,0.0
Asia,indonesia,Ambon,Small,145376.639291268,50722.653521182,34.89051182395069
Asia,indonesia,Ampana,Small,57058.663146834006,0.0,0.0
Asia,indonesia,Amuntai,Small,114083.41249287399,602.109087098,0.5277796955237551
Asia,indonesia,Arga Makmur,Small,50289.571009994994,0.0,0.0
Asia,indonesia,Arjawinangun,Small,153771.951374161,24328.048605327996,15.820862249535029
Asia,indonesia,Asembagus,Small,72508.995704365,0.0,0.0
Asia,indonesia,Atambua,Small,105104.435561301,0.0,0.0
Asia,indonesia,Babakan,Small,358373.182926096,3576.2997070849997,0.9979261500218075
Asia,indonesia,Babat,Small,88923.790941301,5330.8670046550005,5.994871505392668
Asia,indonesia,Bagan Batu,Small,49456.791339143994,0.0,0.0
Asia,indonesia,Bagan Siapi-api,Small,156877.244218323,17555.182286706,11.190394358454432
Asia,indonesia,Bajawa,Small,41868.666521759005,764.21005864,1.8252553093441433
Asia,indonesia,Balangnipa,Small,79352.331048005,0.0,0.0
Asia,indonesia,Balikpapan,Medium,684397.02555017,56610.664881924,8.27161176459177
Asia,indonesia,Banda Aceh,Small,361650.32120177196,0.0,0.0
Asia,indonesia,Bandar Lampung,Large,1223623.3477785932,27880.925031174997,2.2785545144909958
Asia,indonesia,Bandung,Very large,8678447.815293789,1956213.3124839908,22.541050590136756
Asia,indonesia,Bangkalan,Small,89159.02000543299,1082.1385024,1.2137173584165224
Asia,indonesia,Bangkinang,Small,129718.62171653999,5088.62754373,3.922819620185007
Asia,indonesia,Bangko,Small,110316.95089857899,0.0,0.0
Asia,indonesia,Banjar,Small,127107.85105734598,4229.01544221,3.327107969359058
Asia,indonesia,Banjarbaru,Small,263787.54263701895,5353.300280920001,2.029398442172204
Asia,indonesia,Banjarmasin,Medium,961361.882217028,87758.320416933,9.128541711530175
Asia,indonesia,Banjarnegara,Small,192578.80784096703,1406.670949296,0.7304391199978966
Asia,indonesia,Bantaeng,Small,71129.071823923,0.0,0.0
Asia,indonesia,Banyuwangi,Small,175899.032710429,32230.962289785,18.323558573994383
Asia,indonesia,Barabai,Small,73620.002587297,4194.40565785,5.697372331488803
Asia,indonesia,Batam City,Large,1324384.6607716419,11696.499724414001,0.883164844086848
Asia,indonesia,Batu Licin,Small,64976.77328393299,0.0,0.0
Asia,indonesia,Baturaja,Small,96796.81673985902,519.644323592,0.5368403022885987
Asia,indonesia,Baubau,Small,146548.23058707203,722.371285094,0.4929239214968215
Asia,indonesia,Bengkalis,Small,83703.800308874,0.0,0.0
Asia,indonesia,Bengkulu,Small,415350.375638865,686.401543464,0.1652584381098059
Asia,indonesia,Besuki,Small,54657.737764243,12185.815884202999,22.294768101754368
Asia,indonesia,Biak Kota,Small,191487.864681417,2837.015798,1.4815642770470139
Asia,indonesia,Bima,Small,126900.06795077099,9073.417800824,7.150049599929212
Asia,indonesia,Binangun,Small,245763.27747527102,0.0,0.0
Asia,indonesia,Bireuen,Small,119124.83478328801,624.121785522,0.523922477338502
Asia,indonesia,Bitung,Small,216034.35408858096,5345.426456237999,2.4743409347043963
Asia,indonesia,Blitar,Small,416605.326545395,11934.770324787998,2.86476661826539
Asia,indonesia,Blora,Small,126487.186992049,0.0,0.0
Asia,indonesia,Bojonegoro,Small,225787.074513017,3203.235918156,1.4186976491301888
Asia,indonesia,Bojong,Small,82733.928729569,0.0,0.0
Asia,indonesia,Bondowoso,Small,183626.52571212198,4478.33332451,2.4388270197579445
Asia,indonesia,Bontang,Small,97655.795424127,0.0,0.0
Asia,indonesia,Bukittinggi,Small,323012.314609676,4864.897787103,1.5061028843379178
Asia,indonesia,Bulukumba,Small,118000.03726458098,0.0,0.0
Asia,indonesia,Ciherang,Small,77803.67606716501,4146.526644811,5.329473945718783
Asia,indonesia,Cikajang,Small,154510.76287733906,2637.544685473,1.7070297475437737
Asia,indonesia,Cikembulan,Small,213953.433558879,13855.415495598001,6.475902379844283
Asia,indonesia,Cilacap,Medium,527966.30328005,14552.636414669001,2.756357048595547
Asia,indonesia,Cilegon,Medium,720464.564570939,4415.317004077,0.6128430489439088
Asia,indonesia,Cipeuyeum,Small,125500.710320387,0.0,0.0
Asia,indonesia,Cirebon,Large,1815788.21242094,97778.64834213,5.38491480852629
Asia,indonesia,Citeko Kaler,Small,123314.019577991,0.0,0.0
Asia,indonesia,Ciwidey,Small,78451.25679800402,3504.694739925,4.4673532113690335
Asia,indonesia,Combongan,Small,70622.09351967499,0.0,0.0
Asia,indonesia,Curup,Small,160375.95206807202,0.0,0.0
Asia,indonesia,Demak,Small,103485.81536647501,0.0,0.0
Asia,indonesia,Denpasar,Large,2028133.1997797922,184105.67864983302,9.077593062912365
Asia,indonesia,Dompu,Small,88319.71754737599,24170.230047806002,27.366742918806032
Asia,indonesia,Dumai,Small,321201.07110633596,10050.20998097,3.1289465960849188
Asia,indonesia,Duri,Small,318395.444734126,3186.49114835,1.0007967139765013
Asia,indonesia,Ende,Small,183197.74248430599,1559.64512945,0.8513451685047977
Asia,indonesia,Fakfak,Small,74609.00650733501,6855.34078468,9.18835554257921
Asia,indonesia,Garut,Large,1385034.127996965,210201.10601814097,15.17660119481197
Asia,indonesia,Gedong Tataan,Small,84295.32928748298,0.0,0.0
Asia,indonesia,Gembongan,Small,268509.955544965,604.091717368,0.22497926236736426
Asia,indonesia,Genteng,Small,83419.87386958001,454.523643953,0.5448625403864906
Asia,indonesia,Gombong,Small,123427.15286699399,2149.343740608,1.7413864702235728
Asia,indonesia,Gorontalo,Small,467037.022249612,10151.499606439,2.1735963366547506
Asia,indonesia,Gresik,Small,411030.78848712996,13608.521511167999,3.310827775519328
Asia,indonesia,Gunung Sugih,Small,141852.539651104,0.0,0.0
Asia,indonesia,Gunung Tua,Small,50372.656032425,3179.161561602,6.311284359426204
Asia,indonesia,Gunungsitoli,Small,69642.747249856,2183.9298122729997,3.1359041659252114
Asia,indonesia,Haurgeulis,Small,166359.593647718,0.0,0.0
Asia,indonesia,Indramayu,Small,265832.13636592,3189.393425491,1.1997772237367024
Asia,indonesia,Jakarta,Megacity,41328614.63847742,2569033.436466016,6.216113119054844
Asia,indonesia,Jambi,Medium,854382.525355185,555.642872439,0.06503443784831713
Asia,indonesia,Jatibarang,Small,142298.99776086299,3560.3559801379997,2.5020246355643816
Asia,indonesia,Jatiwangi,Small,297011.40205998207,14822.033603128,4.990392119739114
Asia,indonesia,Jayapura,Small,162056.017589508,1666.671568972,1.028453983852498
Asia,indonesia,Jember,Large,1216266.02913983,64076.60142668,5.268304786247822
Asia,indonesia,Jombang,Medium,658017.810369091,4175.0567519119995,0.6344899311418568
Asia,indonesia,Juwana,Small,105152.84393656299,0.0,0.0
Asia,indonesia,Kalabahi,Small,80036.49653183298,0.0,0.0
Asia,indonesia,Kalianda,Small,45112.949116888,0.0,0.0
Asia,indonesia,Kalibening,Small,36842.906706202004,0.0,0.0
Asia,indonesia,Kandangan,Small,80482.47172224501,0.0,0.0
Asia,indonesia,Karang Baru,Small,65398.139246388,0.0,0.0
Asia,indonesia,Karangsembung,Small,80021.120278914,0.0,0.0
Asia,indonesia,Kebumen,Small,295837.716558749,12962.431951656,4.381602218418236
Asia,indonesia,Kecamatan Sape,Small,56581.529335359,1228.38799946,2.1710052978231436
Asia,indonesia,Kecamatan Wanasaba,Small,199387.791122531,44312.320827651,22.224189644801008
Asia,indonesia,Kediri,Small,451469.709206756,1654.6158395520001,0.3664954272257165
Asia,indonesia,Kel Rijali,Small,189582.325353355,18444.435713539002,9.72898485086157
Asia,indonesia,Kendari,Small,405118.02946656605,8141.462389048,2.0096519524860854
Asia,indonesia,Kepuh Rubuh,Small,79773.799735729,0.0,0.0
Asia,indonesia,Kertosono,Small,269944.222716542,0.0,0.0
Asia,indonesia,Ketapang,Small,158211.675453942,0.0,0.0
Asia,indonesia,Kisaran,Small,182912.943539205,0.0,0.0
Asia,indonesia,Klampok,Small,102001.03856361701,0.0,0.0
Asia,indonesia,Kolaka,Small,88905.752101714,0.0,0.0
Asia,indonesia,Kotabaru,Small,100756.44574303701,3296.557440125,3.271807987880335
Asia,indonesia,Kotabumi,Small,188913.417995941,1934.2202905959998,1.0238660181552368
Asia,indonesia,Kotamobagu,Small,144271.385239402,0.0,0.0
Asia,indonesia,Kuala Kapuas,Small,104164.744367057,1091.95829856,1.0482993120130397
Asia,indonesia,Kuningan,Medium,615653.518552304,2449.512297033,0.39787189112359417
Asia,indonesia,Kunjang,Small,150371.659106709,0.0,0.0
Asia,indonesia,Kupang,Small,449117.098602277,8797.074112572,1.9587484288507113
Asia,indonesia,Labuan Bajo,Small,72283.498585586,0.0,0.0
Asia,indonesia,Lahat,Small,122619.466672154,0.0,0.0
Asia,indonesia,Lamongan,Small,75452.07313186699,10468.459260595999,13.874316272662723
Asia,indonesia,Langkap,Small,32395.153106278995,0.0,0.0
Asia,indonesia,Langsa,Small,133929.807173846,0.0,0.0
Asia,indonesia,Langseb,Small,45932.18299191301,0.0,0.0
Asia,indonesia,Larantuka,Small,63673.937664452,1124.66591182,1.7662892434055957
Asia,indonesia,Lepar Samura,Small,94559.880709653,0.0,0.0
Asia,indonesia,Lhokseumawe,Small,68917.09294527001,743.854385198,1.079346724315151
Asia,indonesia,Limboto,Small,29323.762373318998,0.0,0.0
Asia,indonesia,Lubuk Pakam,Small,115665.278860672,0.0,0.0
Asia,indonesia,Lubuklinggau,Small,151373.458614312,0.0,0.0
Asia,indonesia,Lumajang,Small,263162.421301895,0.0,0.0
Asia,indonesia,Luwuk,Small,114216.606660015,0.0,0.0
Asia,indonesia,Madiun,Medium,903509.692749539,32988.324698022,3.6511312454914258
Asia,indonesia,Magelang,Medium,694636.797255593,24227.133487149003,3.48774115953356
Asia,indonesia,Majalengka,Small,103644.02135848897,0.0,0.0
Asia,indonesia,Majenang,Small,58799.827137779,2375.30803542,4.039651391923668
Asia,indonesia,Makassar,Large,2329114.940303332,64723.652325188,2.7788947297190374
Asia,indonesia,Malangbong,Small,102685.13478593699,3663.5800230610002,3.5677803127962955
Asia,indonesia,Mamuju,Small,142419.75934219896,2841.28387969,1.9950067973806274
Asia,indonesia,Manado,Small,478552.757360013,25776.526754713,5.386350064496951
Asia,indonesia,Mandalakasih,Small,49846.694952769,1145.68649135,2.2984201709573058
Asia,indonesia,Mandiraja,Small,98750.743102426,1236.21817088,1.2518570818224353
Asia,indonesia,Manna,Small,77578.44861937701,0.0,0.0
Asia,indonesia,Manokwari,Small,180061.66869734504,0.0,0.0
Asia,indonesia,Maos,Small,52323.70861480301,0.0,0.0
Asia,indonesia,Marabahan,Small,31692.198924452005,0.0,0.0
Asia,indonesia,Masohi,Small,106508.57610551601,3404.98029353,3.1969071581210056
Asia,indonesia,Mataram,Large,1077599.2928451498,138495.59456530501,12.852235101197932
Asia,indonesia,Maumere,Small,164935.414367543,8011.8408538700005,4.857562509902434
Asia,indonesia,Medan,Large,4519246.55646709,46987.94286867401,1.0397295717675277
Asia,indonesia,Mekarjaya,Small,141476.869974749,14699.954393187,10.39035878855015
Asia,indonesia,Merauke,Small,259274.04901561898,0.0,0.0
Asia,indonesia,Metro,Small,178766.39416916302,0.0,0.0
Asia,indonesia,Meulaboh,Small,53093.917767439,0.0,0.0
Asia,indonesia,Mojokerto,Medium,674227.611710981,3870.286013763,0.574032559114779
Asia,indonesia,Muara Bungo,Small,191174.14392423502,0.0,0.0
Asia,indonesia,Muara Enim,Small,86529.681857384,0.0,0.0
Asia,indonesia,Muaratewe,Small,56127.536716441995,0.0,0.0
Asia,indonesia,Muncar,Small,172009.61491807402,8426.990965764,4.899139486927908
Asia,indonesia,Muntok,Small,61861.588183099,0.0,0.0
Asia,indonesia,Nabire,Small,104330.61792975,0.0,0.0
Asia,indonesia,Negara,Small,104264.22207155,0.0,0.0
Asia,indonesia,Ngabang,Small,53983.932072660005,0.0,0.0
Asia,indonesia,Nganjuk,Small,264691.947912627,520.857928992,0.196778909634203
Asia,indonesia,Ngawi,Small,77904.61955512,0.0,0.0
Asia,indonesia,Nunukan,Small,73182.097848096,0.0,0.0
Asia,indonesia,Pacitan,Small,179385.03112293698,3674.0142471249997,2.048116403094474
Asia,indonesia,Padang,Large,1155634.785145618,4871.9695738380005,0.42158384607850813
Asia,indonesia,Padang Sidempuan,Small,250302.04262118798,6198.013333467,2.4762136451467938
Asia,indonesia,Pagar Alam,Small,61379.9604879,407.389224213,0.6637169867408268
Asia,indonesia,Pagojengan,Small,84314.162236284,3306.0733543809997,3.921136457616672
Asia,indonesia,Palabuhanratu,Small,159378.10394160598,11348.261945069,7.120339409500601
Asia,indonesia,Palangka Raya,Small,83371.146597456,0.0,0.0
Asia,indonesia,Palembang,Large,2251500.70865157,51599.509165387,2.291782941356038
Asia,indonesia,Palopo,Small,96291.75283926599,0.0,0.0
Asia,indonesia,Palu,Small,348874.189092531,3467.25642226,0.9938414851722919
Asia,indonesia,Pamekasan,Small,281433.56892822694,2875.033618445,1.0215674091025757
Asia,indonesia,Pandan,Small,92473.426960796,536.08915855,0.5797223874673471
Asia,indonesia,Pandanwangi,Small,92939.92567629801,1739.728321687,1.871884778288212
Asia,indonesia,Pandeglang,Small,270552.31791489106,7411.214661653999,2.7392907659306696
Asia,indonesia,Pangkajene,Small,147867.62393085897,0.0,0.0
Asia,indonesia,Pangkalan Brandan,Small,88748.09964416901,906.041022116,1.0209131527871869
Asia,indonesia,Pangkalan Kerinci,Small,129057.93877012798,2691.624809922,2.085594141338486
Asia,indonesia,Pangkalpinang,Small,290079.358007794,0.0,0.0
Asia,indonesia,Panjunan,Small,98059.71990254498,0.0,0.0
Asia,indonesia,Panyabungan,Small,118813.48918868901,8837.619004262,7.438228659564808
Asia,indonesia,Pare,Small,298962.393622227,13678.520459661999,4.575331463577444
Asia,indonesia,Pare-Pare,Small,141756.43504822598,0.0,0.0
Asia,indonesia,Parigi,Small,34354.523848961006,0.0,0.0
Asia,indonesia,Pasirian,Small,58042.84385839801,0.0,0.0
Asia,indonesia,Pasuruan,Small,243595.736304884,0.0,0.0
Asia,indonesia,Pati,Large,1653386.582321394,7449.995337853001,0.45059004454923246
Asia,indonesia,Payakumbuh,Small,107422.802583804,0.0,0.0
Asia,indonesia,Pedurungan,Small,37802.267950794994,0.0,0.0
Asia,indonesia,Pekalongan,Large,1334795.009346857,11056.673972494,0.8283424716956547
Asia,indonesia,Pekanbaru,Large,1095975.077003764,0.0,0.0
Asia,indonesia,Pelaihari,Small,69139.007124199,0.0,0.0
Asia,indonesia,Pemalang,Small,314529.400621766,25269.222410947,8.033977860573433
Asia,indonesia,Pemangkat,Small,59532.35008217099,10427.823714814,17.516230587942086
Asia,indonesia,Pematang Siantar,Small,459325.133588823,4254.263501259,0.926198718545917
Asia,indonesia,Perak,Small,58259.179310249,0.0,0.0
Asia,indonesia,Perawang,Small,152839.620961629,0.0,0.0
Asia,indonesia,Pinrang,Small,87481.768503331,0.0,0.0
Asia,indonesia,Polewali,Small,49952.679523217,4021.8189591120004,8.051257705290343
Asia,indonesia,Pontianak,Medium,848638.587859591,6410.800439029001,0.7554217461638311
Asia,indonesia,Poso,Small,70643.219068201,1043.11555857,1.476596865670782
Asia,indonesia,Prabumulih,Small,131832.924839608,0.0,0.0
Asia,indonesia,Pringsewu,Small,97122.435267834,0.0,0.0
Asia,indonesia,Probolinggo,Small,392503.13555147196,18063.076669817998,4.602020986262732
Asia,indonesia,Purwakarta,Medium,529183.894147899,3236.037982941,0.6115148285364436
Asia,indonesia,Purwodadi,Small,208621.879368795,0.0,0.0
Asia,indonesia,Purwokerto,Large,1322465.983536952,14754.837811174999,1.1157064147474705
Asia,indonesia,Purworejo,Small,365435.55976750504,5063.875674311999,1.3857096111647438
Asia,indonesia,Raha,Small,105799.57898418601,0.0,0.0
Asia,indonesia,Rangkasbitung,Small,320176.36750622,22874.155886028,7.144236179637345
Asia,indonesia,Rantau Prapat,Small,199716.766737986,0.0,0.0
Asia,indonesia,Rantepao,Small,77034.361696504,0.0,0.0
Asia,indonesia,Rembang,Small,85232.36782259602,0.0,0.0
Asia,indonesia,Rowosari,Small,46896.615713984,0.0,0.0
Asia,indonesia,Ruteng,Small,128531.722177449,0.0,0.0
Asia,indonesia,Salatiga,Small,317688.52644625097,0.0,0.0
Asia,indonesia,Samarinda,Large,1196188.955004108,77153.786788142,6.449966492783495
Asia,indonesia,Sampang,Small,94579.73187914699,8822.130431628,9.327717742846668
Asia,indonesia,Sampit,Small,217637.703709347,10301.008376737998,4.733099183262333
Asia,indonesia,Sangatta,Small,125029.41050789601,0.0,0.0
Asia,indonesia,Sanggau,Small,60188.160177688,0.0,0.0
Asia,indonesia,Selatpanjang,Small,138877.528542978,7302.053112773,5.2579083091281085
Asia,indonesia,Selong,Medium,502723.092580835,69504.363369263,13.825576026843663
Asia,indonesia,Semarang,Large,3536234.5581150427,120498.89100015302,3.407548029404018
Asia,indonesia,Semarapura,Small,83741.83908834198,12201.80312372,14.570736989484937
Asia,indonesia,Sembulung,Small,58639.271954676,0.0,0.0
Asia,indonesia,Semurup,Small,55570.85733845699,0.0,0.0
Asia,indonesia,Sengkang,Small,112619.410286535,0.0,0.0
Asia,indonesia,Serang,Small,67449.731585133,3408.47830386,5.053360812204155
Asia,indonesia,Seririt,Small,73982.200595792,6690.092414092,9.042840521389577
Asia,indonesia,Serui Kota,Small,135889.441016662,4341.36473405,3.1947770934738684
Asia,indonesia,Sibolga,Small,76416.89606873799,0.0,0.0
Asia,indonesia,Sidikalang,Small,73257.11118971302,1430.73505251,1.9530323121871997
Asia,indonesia,Sidogede,Small,81618.09991454698,0.0,0.0
Asia,indonesia,Sidorejo,Small,97872.71011907,0.0,0.0
Asia,indonesia,Sigli,Small,70478.63044354,737.824392575,1.0468767453789651
Asia,indonesia,Singaraja,Small,352430.806789256,24926.20901165,7.072653278734283
Asia,indonesia,Singkawang,Small,162857.695617511,0.0,0.0
Asia,indonesia,Sintang,Small,126947.306572947,0.0,0.0
Asia,indonesia,Situbondo,Small,180500.419187353,2519.9838611289997,1.3961097001737965
Asia,indonesia,Slorok,Small,56233.314397126,0.0,0.0
Asia,indonesia,Solok,Small,70567.133489437,0.0,0.0
Asia,indonesia,Sorong,Small,294517.37155625306,0.0,0.0
Asia,indonesia,Sragen,Small,152123.983455627,0.0,0.0
Asia,indonesia,Sri Tejo Kencono,Small,52266.61823052899,0.0,0.0
Asia,indonesia,Stabat,Small,115810.031391283,0.0,0.0
Asia,indonesia,Subang,Small,250507.44943582598,4863.878933617,1.9416104968419352
Asia,indonesia,Sukoharjo,Small,93565.16708442,0.0,0.0
Asia,indonesia,Sukorejo,Small,102095.070739004,508.538480731,0.4981028731847677
Asia,indonesia,Sumbawa Besar,Small,160756.82843478996,442.320172481,0.27514860599556085
Asia,indonesia,Sumedang,Small,198685.509174326,24470.018341035004,12.315955221256267
Asia,indonesia,Sumenep,Small,187537.34498105597,0.0,0.0
Asia,indonesia,Sumuradem,Small,120837.485880862,0.0,0.0
Asia,indonesia,Sungai Tendang,Small,20113.747760416998,0.0,0.0
Asia,indonesia,Surabaya,Very large,8591570.60702645,1072417.480263931,12.48220528371
Asia,indonesia,Tabanan,Small,211027.00511788603,34339.891582885,16.272747444670273
Asia,indonesia,Tajungan,Small,41193.114300294,0.0,0.0
Asia,indonesia,Takatidung,Small,67870.01699421101,442.813791688,0.6524439086640716
Asia,indonesia,Tambakrejo,Small,80616.335068485,0.0,0.0
Asia,indonesia,Tana Paser,Small,62725.503481504,0.0,0.0
Asia,indonesia,Tanjung Balai,Small,275767.341766024,8439.328299866,3.0603073757103494
Asia,indonesia,Tanjung Balai Karimun,Small,171828.410647649,12324.348691841,7.17247435705687
Asia,indonesia,Tanjung Enim,Small,103009.72571836601,1599.73988995,1.5529988831576667
Asia,indonesia,Tanjung Pandan,Small,108899.19985409701,0.0,0.0
Asia,indonesia,Tanjung Pinang,Small,112841.548277428,0.0,0.0
Asia,indonesia,Tanjung Redeb,Small,99635.83560466,0.0,0.0
Asia,indonesia,Tanjungsari,Small,117995.74808410901,0.0,0.0
Asia,indonesia,Tarakan,Small,265576.21731022495,8868.670617034999,3.339406934422643
Asia,indonesia,Tarutung,Small,64911.85687250899,561.36675865,0.864813896408109
Asia,indonesia,Tasikmalaya,Large,2884283.940601892,323937.655987344,11.231129204281626
Asia,indonesia,Tebing Suluh,Small,26449.692408033,0.0,0.0
Asia,indonesia,Tebing Tinggi,Small,265252.110544688,0.0,0.0
Asia,indonesia,Tegal,Large,2072913.0115750139,44364.390462138,2.1401954744077574
Asia,indonesia,Tegalsari,Small,119267.74496536299,0.0,0.0
Asia,indonesia,Temanggung,Small,353299.568920501,3611.875489648,1.0223266053462803
Asia,indonesia,Tembilahan,Small,191262.391505795,29260.131879832996,15.29842414364376
Asia,indonesia,Ternate,Small,261988.56068459502,1782.0541978,0.6802030566309322
Asia,indonesia,Timika,Small,356238.011699459,30768.873664976003,8.637167470756667
Asia,indonesia,Tobelo,Small,92416.129245306,0.0,0.0
Asia,indonesia,Toboali,Small,96719.954247212,0.0,0.0
Asia,indonesia,Tolitoli,Small,87789.07078971501,4016.0425722620002,4.574649823873637
Asia,indonesia,Tomohon,Small,78982.795948281,550.03421996,0.6963975044896737
Asia,indonesia,Tondano,Small,81395.531150327,0.0,0.0
Asia,indonesia,Trenggalek,Small,305934.154175887,0.0,0.0
Asia,indonesia,Tual,Small,93218.150540637,3655.685343095,3.921645432668567
Asia,indonesia,Tuban,Small,191672.16070592002,1167.28268858,0.6089995982102722
Asia,indonesia,Tulungagung,Medium,640696.634559831,13557.018898051001,2.115980975515018
Asia,indonesia,Ujung Batu,Small,76211.003550525,0.0,0.0
Asia,indonesia,Uteun Geulinggang,Small,51635.85246406699,0.0,0.0
Asia,indonesia,Waingapu,Small,122108.608890447,561.466260554,0.4598089075420837
Asia,indonesia,Wangon,Small,189233.480975661,0.0,0.0
Asia,indonesia,Watampone,Small,156437.27380177297,0.0,0.0
Asia,indonesia,Wates,Small,100123.42059334199,0.0,0.0
Asia,indonesia,Wonokarto,Small,125715.904429259,0.0,0.0
Asia,indonesia,Wonosari,Small,94971.532059023,0.0,0.0
Asia,indonesia,Wonosobo,Small,319293.827048418,14250.969040840999,4.463277343185206
Asia,indonesia,Yogyakarta,Large,4970575.816738557,191815.001690507,3.859009675389408
Asia,iran,Ab Pakhsh,Small,27888.368160962,0.0,0.0
Asia,iran,Abadan,Small,194799.09499581804,0.0,0.0
Asia,iran,Abadeh,Small,46812.38825011501,0.0,0.0
Asia,iran,Abhar,Small,68490.650510293,0.0,0.0
Asia,iran,Aghghala,Small,30174.92028341,0.0,0.0
Asia,iran,Ahar,Small,101086.34214402702,0.0,0.0
Asia,iran,Ahwaz,Large,1012658.6376835901,0.0,0.0
Asia,iran,Ajab Shir,Small,53448.79469456,0.0,0.0
Asia,iran,Aliabad-e Katul,Small,42733.9024833,0.0,0.0
Asia,iran,Aligudarz,Small,89630.159659203,0.0,0.0
Asia,iran,Alvand,Small,74227.74728517598,0.0,0.0
Asia,iran,Amol,Small,185046.199624317,0.0,0.0
Asia,iran,Andimeshk,Small,101930.44087987,0.0,0.0
Asia,iran,Arak,Small,361869.756937159,0.0,0.0
Asia,iran,Ardabil,Small,387490.222001018,0.0,0.0
Asia,iran,Ardakan,Small,104069.458965094,0.0,0.0
Asia,iran,Asadabad,Small,61973.347957323,0.0,0.0
Asia,iran,Ashkhaneh,Small,35535.52341612401,0.0,0.0
Asia,iran,Astara,Small,79110.93984498299,0.0,0.0
Asia,iran,Azadshahr,Small,42431.38225417001,0.0,0.0
Asia,iran,Babol,Small,240727.631058281,0.0,0.0
Asia,iran,Bagh-e Zahra,Small,112081.72308542099,0.0,0.0
Asia,iran,Baharestan,Small,63569.22086678499,0.0,0.0
Asia,iran,Bam,Small,95513.97699478701,0.0,0.0
Asia,iran,Bandar Abbas,Small,391849.977032049,0.0,0.0
Asia,iran,Bandar Ganaveh,Small,65002.665714216004,0.0,0.0
Asia,iran,Bandar-e Anzali,Small,87567.27368349301,0.0,0.0
Asia,iran,Bandar-e Mahshahr,Small,80603.629853083,0.0,0.0
Asia,iran,Bandar-e Torkaman,Small,78190.556502127,0.0,0.0
Asia,iran,Baneh,Small,101732.627296722,0.0,0.0
Asia,iran,Bardaskan,Small,28267.287702486,0.0,0.0
Asia,iran,Behbahan,Small,90631.27668736601,0.0,0.0
Asia,iran,Behshahr,Small,59855.373736534,0.0,0.0
Asia,iran,Bijar,Small,45958.629220250004,0.0,0.0
Asia,iran,Birjand,Small,147828.03120527498,0.0,0.0
Asia,iran,Bojnurd,Small,239457.49746855197,0.0,0.0
Asia,iran,Bonab,Small,57714.513735144996,0.0,0.0
Asia,iran,Borujerd,Small,190031.877451484,0.0,0.0
Asia,iran,Bushehr,Small,74763.263358114,0.0,0.0
Asia,iran,Chabahar,Small,157272.877530264,0.0,0.0
Asia,iran,Chalus,Small,108663.64684027275,0.0,0.0
Asia,iran,Chenaran,Small,42423.563983004,0.0,0.0
Asia,iran,Darab,Small,75855.803520395,0.0,0.0
Asia,iran,Dargaz,Small,30078.532283256,0.0,0.0
Asia,iran,Dehdasht,Small,53771.865418852016,0.0,0.0
Asia,iran,Dezful,Small,228709.475797115,0.0,0.0
Asia,iran,Divandarreh,Small,30527.124499162004,0.0,0.0
Asia,iran,Dogonbadan,Small,64064.304932559004,0.0,0.0
Asia,iran,Dolatabad,Small,153562.724548087,0.0,0.0
Asia,iran,Dorud,Small,92985.682033686,0.0,0.0
Asia,iran,Esfarayen,Small,66992.53812764601,0.0,0.0
Asia,iran,Eslamabad-e Gharb,Small,92259.92423975699,0.0,0.0
Asia,iran,Fasa,Small,74585.99954554002,0.0,0.0
Asia,iran,Firuzabad,Small,63036.16325493301,0.0,0.0
Asia,iran,Fuladshahr,Small,54013.538860256995,0.0,0.0
Asia,iran,Fuman,Small,43568.717198275,0.0,0.0
Asia,iran,Gheydar,Small,33040.442692897996,0.0,0.0
Asia,iran,Gilan Tappeh,Small,34445.326955332,0.0,0.0
Asia,iran,Gonbad-e Qabus,Small,158048.17219376098,0.0,0.0
Asia,iran,Gorgan,Small,306758.193684741,0.0,0.0
Asia,iran,Hamedan,Medium,501460.25180868397,0.0,0.0
Asia,iran,Hashtgerd,Small,36512.528646016,0.0,0.0
Asia,iran,Ilam,Small,149517.982732739,0.0,0.0
Asia,iran,Iranshahr,Small,93823.245554369,0.0,0.0
Asia,iran,Isfahan,Large,1839646.4756358997,0.0,0.0
Asia,iran,Izeh,Small,144006.6262006,0.0,0.0
Asia,iran,Jahrom,Small,129278.25746556601,0.0,0.0
Asia,iran,Javanrud,Small,62392.408224688996,0.0,0.0
Asia,iran,Jiroft,Small,275349.54125304404,0.0,0.0
Asia,iran,Kahnuj,Small,54688.156141268,0.0,0.0
Asia,iran,Kamyaran,Small,46341.95503952201,0.0,0.0
Asia,iran,Kangan Seaport,Small,35801.89264348999,0.0,0.0
Asia,iran,Kashan,Small,246521.12589574797,0.0,0.0
Asia,iran,Kashmar,Small,85398.582226041,0.0,0.0
Asia,iran,Kazerun,Small,78044.732173896,0.0,0.0
Asia,iran,Kerman,Small,497258.18457720603,0.0,0.0
Asia,iran,Kermanshah,Medium,834950.26983962,0.0,0.0
Asia,iran,Khaf,Small,31161.907427659,0.0,0.0
Asia,iran,Khomein,Small,57820.61133504,0.0,0.0
Asia,iran,Khorramabad,Small,313437.535673807,0.0,0.0
Asia,iran,Khorramdarreh,Small,43365.75764779101,0.0,0.0
Asia,iran,Khorramshahr,Small,116913.787704962,0.0,0.0
Asia,iran,Khoy,Small,191321.97136749,0.0,0.0
Asia,iran,Kuhdasht,Small,115186.789203306,0.0,0.0
Asia,iran,Lahijan,Small,95688.39805641401,0.0,0.0
Asia,iran,Lordegan,Small,49683.22749181499,0.0,0.0
Asia,iran,Mahabad,Small,150395.92435978304,0.0,0.0
Asia,iran,Mahdasht,Small,75935.239536336,0.0,0.0
Asia,iran,Malayer,Small,131903.13781217003,0.0,0.0
Asia,iran,Malekan,Small,31003.916576391,0.0,0.0
Asia,iran,Maragheh,Small,147282.01586583204,0.0,0.0
Asia,iran,Marand,Small,107291.991476251,0.0,0.0
Asia,iran,Marivan,Small,122177.74393971502,2944.9117759580004,2.410350429625775
Asia,iran,Marvdasht,Small,119070.641109953,0.0,0.0
Asia,iran,Mashhad,Large,3230317.79549545,14543.288222291,0.45021230550662966
Asia,iran,Masjed Soleyman,Small,12442.577344565998,0.0,0.0
Asia,iran,Meshginshahr,Small,73351.917354005,0.0,0.0
Asia,iran,Miandoab,Small,128969.35949688501,0.0,0.0
Asia,iran,Mianeh,Small,91953.76793677201,0.0,0.0
Asia,iran,Nahavand,Small,65676.383895287,0.0,0.0
Asia,iran,Najafabad,Small,149189.25387129502,0.0,0.0
Asia,iran,Naqadeh,Small,75760.92054883699,0.0,0.0
Asia,iran,Nazarabad,Small,79090.401902352,0.0,0.0
Asia,iran,Neka,Small,54356.995181362,0.0,0.0
Asia,iran,Neyshabur,Small,231281.76856884797,0.0,0.0
Asia,iran,Nurabad,Small,77291.076851481,0.0,0.0
Asia,iran,Nurabad Mamasani,Small,37335.757138649,0.0,0.0
Asia,iran,Omidieh,Small,42696.822932065,0.0,0.0
Asia,iran,Pakdasht,Small,147177.842732495,0.0,0.0
Asia,iran,Pardis,Small,284964.099384539,0.0,0.0
Asia,iran,Pardisan,Small,68930.387278856,0.0,0.0
Asia,iran,Pars Abad,Small,78910.70845057999,0.0,0.0
Asia,iran,Piranshahr,Small,85949.288776778,0.0,0.0
Asia,iran,Qaem Shahr,Small,183599.470151936,0.0,0.0
Asia,iran,Qaen,Small,44100.225892628994,0.0,0.0
Asia,iran,Qarchak,Small,200994.206098489,0.0,0.0
Asia,iran,Qazvin,Small,346797.79426178697,0.0,0.0
Asia,iran,Qeshm,Small,33887.465842073,0.0,0.0
Asia,iran,Qom,Medium,847027.169718558,0.0,0.0
Asia,iran,Quchan,Small,105387.78216402499,0.0,0.0
Asia,iran,Rafsanjan,Small,118353.390790329,0.0,0.0
Asia,iran,Ramhormoz,Small,56938.538063317996,0.0,0.0
Asia,iran,Rasht,Medium,566812.3340437689,0.0,0.0
Asia,iran,Rooh Abad,Small,118711.39043243701,0.0,0.0
Asia,iran,Roudan,Small,50319.091208177,0.0,0.0
Asia,iran,Sabzevar,Small,119511.63432725899,0.0,0.0
Asia,iran,Safadasht,Small,235895.88224929498,2248.261600703,0.9530736947442919
Asia,iran,Salmas,Small,107281.75413536599,0.0,0.0
Asia,iran,Sanandaj,Small,338313.74076501495,0.0,0.0
Asia,iran,Saqqez,Small,140381.906865932,0.0,0.0
Asia,iran,Sarakhs,Small,28657.498531540998,0.0,0.0
Asia,iran,Saravan,Small,36641.44859500201,0.0,0.0
Asia,iran,Sardasht,Small,56156.320541815,0.0,0.0
Asia,iran,Sari,Small,271701.30684443703,0.0,0.0
Asia,iran,Sarpol-e Zahab,Small,43132.33906370301,0.0,0.0
Asia,iran,Saveh,Small,121661.37645657301,0.0,0.0
Asia,iran,Semnan,Small,96289.353629317,0.0,0.0
Asia,iran,Shadegan,Small,81438.359386057,0.0,0.0
Asia,iran,Shahin Shahr,Small,144169.632046239,0.0,0.0
Asia,iran,Shahindezh,Small,45935.11403360099,0.0,0.0
Asia,iran,Shahr-e Babak,Small,43175.814904648,0.0,0.0
Asia,iran,Shahr-e Kord,Small,93309.64602312101,0.0,0.0
Asia,iran,Shahreza,Small,90552.218209107,0.0,0.0
Asia,iran,Shahrud,Small,98339.023905469,0.0,0.0
Asia,iran,Shiraz,Medium,784784.950004983,0.0,0.0
Asia,iran,Shirvan,Small,91530.898003629,0.0,0.0
Asia,iran,Shoushtar,Small,115865.979161422,0.0,0.0
Asia,iran,Shush,Small,59423.006429406,0.0,0.0
Asia,iran,Sirjan,Small,169453.779018033,0.0,0.0
Asia,iran,Songhor,Small,48683.828337408,0.0,0.0
Asia,iran,Susangerd,Small,43202.08390557201,0.0,0.0
Asia,iran,Tabas,Small,34030.845729835,0.0,0.0
Asia,iran,Tabriz,Large,1422839.901908257,0.0,0.0
Asia,iran,Takestan,Small,57237.774790293995,0.0,0.0
Asia,iran,Talesh,Small,67568.559771562,0.0,0.0
Asia,iran,Taybad,Small,29896.982375636002,0.0,0.0
Asia,iran,Tehran,Megacity,13402834.662114156,174333.243671699,1.300719199084709
Asia,iran,Tikab,Small,49894.165238830996,0.0,0.0
Asia,iran,Torbat-e Jam,Small,91209.10944413299,0.0,0.0
Asia,iran,Torbate Heydariye,Small,113887.577502774,0.0,0.0
Asia,iran,Toyserkan,Small,39317.610994648996,0.0,0.0
Asia,iran,Urmia,Medium,683947.6246605241,0.0,0.0
Asia,iran,Varamin,Small,162258.09205617098,0.0,0.0
Asia,iran,Yasuj,Small,119692.613830694,0.0,0.0
Asia,iran,Yazd,Small,459223.646623154,0.0,0.0
Asia,iran,Zabol,Small,115219.497321621,0.0,0.0
Asia,iran,Zahedan,Medium,541057.4420977971,0.0,0.0
Asia,iran,Zanjan,Small,370465.120731915,0.0,0.0
Asia,iran,Zarand,Small,50008.809007363,0.0,0.0
Asia,iran,Zarrinshahr,Small,55750.009616441,0.0,0.0
Asia,iran,kangavar,Small,45533.174786104006,0.0,0.0
Asia,iran,بوکان,Small,166211.98560777298,0.0,0.0
Asia,iran,مهریان,Small,26621.093557519,0.0,0.0
Asia,iraq,Ad Diwaniyah,Medium,861802.399134615,9012.241793171,1.045743409651761
Asia,iraq,Al Hillah,Small,478207.655790526,0.0,0.0
Asia,iraq,Al Khalis,Small,115641.88399653499,5951.883177260999,5.146823081366728
Asia,iraq,Al Khan,Small,71321.887957458,0.0,0.0
Asia,iraq,Al Khidhr,Small,63506.21414757,0.0,0.0
Asia,iraq,Al Madhatiyah,Small,129867.29238944099,1531.27152402,1.1791048352868423
Asia,iraq,Al Musaiyib,Small,45624.91002099299,0.0,0.0
Asia,iraq,Al Qurna,Small,190422.60245182202,2723.1927619489998,1.4300785342107605
Asia,iraq,Al ‘Azīzīyah,Small,72613.229143659,0.0,0.0
Asia,iraq,Al-Manathera,Small,102766.21979721301,2005.39280629,1.9514124488058533
Asia,iraq,Al-Rumaitha,Small,149008.87354130897,3966.93208115,2.6622119789733647
Asia,iraq,Al-Shatrah,Small,269084.25249026204,20984.180023282002,7.798367919743429
Asia,iraq,Amarah,Medium,607520.831870301,0.0,0.0
Asia,iraq,An Numaniyah,Small,74210.856227647,0.0,0.0
Asia,iraq,As Samawah,Small,388550.191141856,0.0,0.0
Asia,iraq,As Suwayrah,Small,63154.950547313,0.0,0.0
Asia,iraq,Ash Shamiya,Small,104820.67735940401,3943.294002661,3.7619428742483954
Asia,iraq,At Tarimiyah,Small,488181.136275439,17001.825090061,3.4826878440604716
Asia,iraq,Az Zubayr,Small,205033.117481341,0.0,0.0
Asia,iraq,Baba Murda,Small,57041.94295395599,0.0,0.0
Asia,iraq,Baghdad,Very large,7065263.160443925,361480.529565233,5.116306659163711
Asia,iraq,Baiji,Small,88501.442747118,0.0,0.0
Asia,iraq,Bani Saad,Small,69702.06438341201,1311.66689562,1.8818192936221785
Asia,iraq,Baqubah,Small,111716.069320186,0.0,0.0
Asia,iraq,Basra,Large,2009024.443277452,14139.15623597,0.7037821905692634
Asia,iraq,Chamchamal,Small,233819.563040735,2998.1556538859995,1.2822518419314957
Asia,iraq,Duhok,Large,1139668.946121976,25805.187902419002,2.264270513838949
Asia,iraq,Erbil,Large,1468611.680688655,3137.5448392339995,0.21364019369386708
Asia,iraq,Fallujah,Small,377387.660652598,0.0,0.0
Asia,iraq,Gaiyara,Small,318572.396701645,0.0,0.0
Asia,iraq,Hajiruk,Small,57991.301985146005,0.0,0.0
Asia,iraq,Halabja,Small,63051.690147749,0.0,0.0
Asia,iraq,Hamam al Alil,Small,47094.111516038,1392.6744704970001,2.957215723292119
Asia,iraq,Hamdi al Bajaji,Small,122874.38426518199,0.0,0.0
Asia,iraq,Hindiya,Small,440250.617102363,9242.824541096,2.0994461295546456
Asia,iraq,Husainīya,Small,156185.40376782202,0.0,0.0
Asia,iraq,Hīt,Small,70713.497246348,0.0,0.0
Asia,iraq,Kalar,Small,158152.48460958299,0.0,0.0
Asia,iraq,Karbala,Large,1017149.115275759,4181.16171732,0.41106674080785555
Asia,iraq,Kirkuk,Large,1219341.712610541,5487.20707434,0.45001389008436393
Asia,iraq,Kut,Small,464381.203463636,0.0,0.0
Asia,iraq,Mosul,Large,1626559.507002238,239299.345023048,14.711994488543404
Asia,iraq,Najaf,Large,1181260.992008163,48373.11930220501,4.095040776718608
Asia,iraq,Nasiriyah,Medium,779401.306737884,2467.784132706,0.316625608832335
Asia,iraq,Qadiyah,Small,125934.528336846,0.0,0.0
Asia,iraq,Qaryat Arfaylah,Small,36445.350304591,0.0,0.0
Asia,iraq,Qaryat Qabr al Abd,Small,42136.027887219,0.0,0.0
Asia,iraq,Ramadi,Small,470745.998649905,0.0,0.0
Asia,iraq,Saab Al Bour,Small,62094.860606759,0.0,0.0
Asia,iraq,Samarra,Small,192084.65335740498,11255.135293404,5.85946617633319
Asia,iraq,Sinjar,Small,55422.187395049004,0.0,0.0
Asia,iraq,Soran,Small,143093.327370445,0.0,0.0
Asia,iraq,Sulaymaniyah,Medium,780398.320679826,0.0,0.0
Asia,iraq,Suq al Shyukh,Small,197479.58126484402,0.0,0.0
Asia,iraq,Tal Afar,Small,229946.05013339303,2021.996655611,0.8793352416525652
Asia,iraq,Tikrit,Small,94673.68522821998,0.0,0.0
Asia,iraq,Tuz Khormato,Small,159417.562680929,0.0,0.0
Asia,iraq,Zakho,Medium,921847.387466132,60432.693403706,6.55560716723583
Asia,iraq,Zawa,Small,145900.367798254,902.978280183,0.6189006195183876
Latin America and the Caribbean,jamaica,Kingston,Medium,967217.6452022869,116611.003429905,12.056335407892254
Latin America and the Caribbean,jamaica,Mandeville,Small,86407.982375351,0.0,0.0
Latin America and the Caribbean,jamaica,May Pen,Small,74354.93796625,4768.926426186,6.4137319680780775
Latin America and the Caribbean,jamaica,Montego Bay,Small,97504.60232716001,12274.325107063,12.588457174440446
Asia,jordan,Al Mafraq,Small,91636.721363688,0.0,0.0
Asia,jordan,Al Salt,Small,144157.91399645503,0.0,0.0
Asia,jordan,Amman,Very large,6428004.945246715,118205.23352797702,1.8389101211781993
Asia,jordan,Aqaba,Small,105916.624851204,0.0,0.0
Asia,jordan,Ar Ramtha,Small,123669.019841303,0.0,0.0
Asia,jordan,Irbid,Medium,833547.853119613,0.0,0.0
Asia,jordan,Jerash,Small,115698.94092625,752.149621396,0.6500920538896229
Asia,jordan,Madaba,Small,146678.96798569697,0.0,0.0
Asia,jordan,Wadi Khaw,Small,47866.571144942,0.0,0.0
Asia,kazakhstan,Aktau,Small,273424.588080613,0.0,0.0
Asia,kazakhstan,Aktobe,Small,426697.087400166,0.0,0.0
Asia,kazakhstan,Almaty,Large,2293999.809068285,0.0,0.0
Asia,kazakhstan,Atyrau,Small,169442.34822868,0.0,0.0
Asia,kazakhstan,Ayagoz,Small,37044.932621215994,0.0,0.0
Asia,kazakhstan,Ayteke Bi,Small,46425.003086323,0.0,0.0
Asia,kazakhstan,Jetisay,Small,61506.766233783,0.0,0.0
Asia,kazakhstan,Karaganda,Small,297311.93097401806,0.0,0.0
Asia,kazakhstan,Kokshetau,Small,143421.06657690302,0.0,0.0
Asia,kazakhstan,Kostanay,Small,162917.574109833,0.0,0.0
Asia,kazakhstan,Kyzylorda,Small,191299.45265653502,0.0,0.0
Asia,kazakhstan,Nur-Sultan,Large,1077040.679062119,0.0,0.0
Asia,kazakhstan,Oral,Small,188240.271514085,0.0,0.0
Asia,kazakhstan,Oskemen,Small,224767.98844524502,0.0,0.0
Asia,kazakhstan,Pavlodar,Small,272522.653047663,0.0,0.0
Asia,kazakhstan,Petropavl,Small,129043.52852398201,0.0,0.0
Asia,kazakhstan,Rudny,Small,50720.430552791,0.0,0.0
Asia,kazakhstan,Saryagash,Small,53909.696669857,0.0,0.0
Asia,kazakhstan,Semey,Small,290410.312300505,0.0,0.0
Asia,kazakhstan,Shieli,Small,25702.622974968,0.0,0.0
Asia,kazakhstan,Shymkent,Medium,990371.020374359,0.0,0.0
Asia,kazakhstan,Taldykorgan,Small,145738.013231071,0.0,0.0
Asia,kazakhstan,Taraz,Small,183678.577344799,0.0,0.0
Asia,kazakhstan,Temirtau,Small,157373.84775869502,0.0,0.0
Asia,kazakhstan,Turkestan,Small,143741.04386041302,0.0,0.0
Asia,kazakhstan,Zhanaozen,Small,136823.321444539,0.0,0.0
Asia,kazakhstan,Аксу,Small,49910.004461074,0.0,0.0
Africa,kenya,Bungoma,Small,78616.547914219,15857.078068074,20.170153089621994
Africa,kenya,Busia,Small,136238.476729187,68738.314913155,50.45440654022585
Africa,kenya,El Wak,Small,206285.64367620603,30748.364751547004,14.90572208689948
Africa,kenya,Eldoret,Small,232175.462284593,35233.065990749994,15.175189334849893
Africa,kenya,Free Area,Small,151426.520285192,36311.57123366,23.979664305348834
Africa,kenya,Garissa,Small,317148.39733765,200889.25954317802,63.34235368350374
Africa,kenya,Kilifi,Small,49469.873552943005,26612.502820635,53.79537263654841
Africa,kenya,Kisii,Small,116047.59151775,13113.192004909002,11.299839861737485
Africa,kenya,Kisumu,Small,392231.729426127,240540.87366270198,61.326214994038494
Africa,kenya,Kitale,Small,140316.82195719,50449.434219186,35.95394587441403
Africa,kenya,Kitengela,Small,88807.539134171,611.861454923,0.6889746758984007
Africa,kenya,Mandera,Small,105024.410063701,47089.013291999,44.8362559365369
Africa,kenya,Meru,Small,105883.61194291699,1087.55498179,1.0271230474989017
Africa,kenya,Mombasa,Large,1476591.7569015622,708550.915259659,47.985566216789806
Africa,kenya,Mtwapa,Small,56660.168138262,24255.855260029,42.80935983253689
Africa,kenya,Nairobi,Very large,6020735.212510306,3995202.014840414,66.35737785875224
Africa,kenya,Naivasha,Small,163531.112645554,93241.517094617,57.017600862726106
Africa,kenya,Nakuru,Small,402032.687602579,259490.846944939,64.54471363817392
Africa,kenya,Ngong,Small,68173.866354342,11153.967724522001,16.3610608008469
Africa,kenya,Nyeri,Small,67703.347052634,4770.467032319001,7.046131749749891
Africa,kenya,Ongata Rongai,Small,143615.65499674104,77125.081731043,53.702419651111946
Africa,kenya,Ruaka,Small,101347.920859163,13095.440602425999,12.92127208077996
Africa,kenya,Ruiru,Small,100916.006001559,18905.791381118997,18.73418512106685
Africa,kenya,Thika,Small,112483.47676676497,8884.586929703999,7.898570692410435
Africa,kenya,Ukunda,Small,58875.19621355701,499.028781399,0.8476044471917875
Asia,kyrgyzstan,Bishkek,Large,1377644.9372691251,4473.017374227,0.3246857919061324
Asia,kyrgyzstan,Gul'cha,Small,27631.39517101,0.0,0.0
Asia,kyrgyzstan,Jalalabat,Small,98311.669345733,0.0,0.0
Asia,kyrgyzstan,Kara-Balta,Small,48802.012051280006,0.0,0.0
Asia,kyrgyzstan,Kerben,Small,40103.396797648,0.0,0.0
Asia,kyrgyzstan,Nookat,Small,91292.04635725402,0.0,0.0
Asia,kyrgyzstan,Osh,Small,465703.264034384,0.0,0.0
Asia,kyrgyzstan,Uzgen,Small,82921.227708386,0.0,0.0
Asia,kyrgyzstan,Масадан,Small,79620.582312492,0.0,0.0
Asia,laos,Luang Prabang,Small,56663.06375124201,0.0,0.0
Asia,laos,Pakse,Small,80997.714185737,0.0,0.0
Asia,laos,Thakhek,Small,92983.25116370499,0.0,0.0
Asia,laos,Vientiane,Small,217246.751809504,0.0,0.0
Asia,lebanon,Baalbek,Small,62664.20470592401,0.0,0.0
Asia,lebanon,Beirut,Large,1653505.216963286,42352.686263742005,2.561388124406649
Asia,lebanon,Nabatieh,Small,103468.463073119,0.0,0.0
Asia,lebanon,Saida,Small,214116.761980312,10922.5030952,5.101190114300497
Asia,lebanon,Tripoli,Small,345943.92308338505,12812.428544981,3.7036142825647325
Asia,lebanon,Tyre,Small,95963.07307523,0.0,0.0
Asia,lebanon,Zahlé,Small,102826.970730133,0.0,0.0
Africa,lesotho,Maseru,Small,234325.79196567798,36960.996333826006,15.773336781996125
Africa,liberia,Buchanan,Small,77870.73477870101,0.0,0.0
Africa,liberia,Ganta,Small,58523.33012872799,0.0,0.0
Africa,liberia,Gbarnga,Small,65323.232631053004,0.0,0.0
Africa,liberia,Kakata,Small,67675.15757881901,4188.222857191,6.188715338140315
Africa,liberia,Monrovia,Large,1947174.754823365,399909.370901787,20.537929115564367
Africa,libya,Ajdabiya,Small,89242.27557415099,0.0,0.0
Africa,libya,Al Zawiyah,Small,127145.92823620401,7016.706530882,5.51862464509818
Africa,libya,Bayda,Small,115160.22227888099,5096.743061467,4.425784320843293
Africa,libya,Benghazi,Medium,624474.532164237,2060.537943222,0.3299634872347489
Africa,libya,Derna,Small,58816.302270283995,1010.91262559,1.7187626330952592
Africa,libya,Khoms,Small,37741.138358293996,0.0,0.0
Africa,libya,Marj,Small,103483.14446940999,6620.678321517999,6.397832570187406
Africa,libya,Misrata,Small,265286.036291019,7006.646380095999,2.6411666735484345
Africa,libya,Qabilat alturki,Small,101068.28785052302,0.0,0.0
Africa,libya,Sabha,Small,109895.36640871201,0.0,0.0
Africa,libya,Sirte,Small,58845.448341913,0.0,0.0
Africa,libya,Surman,Small,56627.555981397,2550.740223267,4.504415172191003
Africa,libya,Tobruk,Small,121731.812350284,0.0,0.0
Africa,libya,Tripoli,Large,1187393.720754516,37470.43287255301,3.1556873021648486
Africa,libya,Zliten,Small,59954.028581668,0.0,0.0
Africa,madagascar,Antananarivo,Large,3456463.173688236,2158807.863195472,62.45713478532176
Africa,madagascar,Antsirabe,Small,44490.030910388,25886.220116976,58.18431587318096
Africa,madagascar,Mahajanga,Small,176482.19419708295,136650.048956252,77.42993539827071
Africa,madagascar,Manakara,Small,64107.077842461,31978.232052309002,49.88252955608652
Africa,madagascar,Toliara,Small,91732.14148222297,69817.882299323,76.11059893641881
Africa,malawi,Blantyre,Medium,514829.632055481,277800.65683052404,53.95972561279974
Africa,malawi,Likuni,Small,153017.679208414,118194.212308393,77.24219379082953
Africa,malawi,Lilongwe,Large,1002786.1445995381,745397.594742525,74.33265794076154
Africa,malawi,Limbe,Small,404503.655505709,162639.503751491,40.20717774432957
Africa,malawi,Mangochi,Small,67587.84418364201,24329.070730396998,35.9962224335678
Africa,malawi,Mchinji,Small,34500.208468454,9656.734074678001,27.990364416226182
Africa,malawi,Mzuzu,Small,191815.58802598703,127157.36309988798,66.29146484312881
Asia,malaysia,Alor Setar,Small,241959.710312104,0.0,0.0
Asia,malaysia,Batu Pahat,Small,90243.450307669,0.0,0.0
Asia,malaysia,Bintulu,Small,104146.641707847,0.0,0.0
Asia,malaysia,Bukit Mertajam,Medium,572953.445576172,0.0,0.0
Asia,malaysia,Chukai,Small,59292.458939383,0.0,0.0
Asia,malaysia,Dungun,Small,64181.443008331,0.0,0.0
Asia,malaysia,George Town,Medium,766515.370306618,7196.470558697,0.9388553494782891
Asia,malaysia,Ipoh,Medium,830257.171194018,0.0,0.0
Asia,malaysia,Iskandar Puteri,Small,41583.597666803995,0.0,0.0
Asia,malaysia,Kampong Luak,Small,51490.48416130101,0.0,0.0
Asia,malaysia,Kg. Karamunting Baru,Small,61695.158118246996,0.0,0.0
Asia,malaysia,Kluang,Small,112633.129333946,0.0,0.0
Asia,malaysia,Kota Bharu,Small,399476.371493368,0.0,0.0
Asia,malaysia,Kota Kinabalu,Medium,802039.625877024,0.0,0.0
Asia,malaysia,Kuala Lumpur,Very large,8421562.814634807,5903.349157006,0.07009802440406059
Asia,malaysia,Kuala Terengganu,Small,186220.57639577298,0.0,0.0
Asia,malaysia,Kuantan,Small,261463.790823419,0.0,0.0
Asia,malaysia,Kuching,Medium,592546.511205056,0.0,0.0
Asia,malaysia,Kulai,Small,141724.08958362901,0.0,0.0
Asia,malaysia,Kulim,Small,197884.38886224502,0.0,0.0
Asia,malaysia,Lahad Datu,Small,117187.386702883,0.0,0.0
Asia,malaysia,Melaka City,Small,493704.065061747,0.0,0.0
Asia,malaysia,Meru,Small,132834.64714195402,0.0,0.0
Asia,malaysia,Miri,Small,69694.35085190498,0.0,0.0
Asia,malaysia,Muar,Small,118882.74790928299,0.0,0.0
Asia,malaysia,Rawang,Small,124911.771305154,0.0,0.0
Asia,malaysia,Sandakan,Small,159347.629463326,0.0,0.0
Asia,malaysia,Semporna,Small,78717.113591331,0.0,0.0
Asia,malaysia,Seremban,Small,412315.56958043895,0.0,0.0
Asia,malaysia,Sibu,Small,165595.890600469,0.0,0.0
Asia,malaysia,Sitiawan,Small,83389.460868492,0.0,0.0
Asia,malaysia,Sungai Petani,Small,265202.48469022696,0.0,0.0
Asia,malaysia,Taiping,Small,211058.1977213,0.0,0.0
Asia,malaysia,Tanjung Kidurong,Small,38823.547418731,0.0,0.0
Asia,malaysia,Tawau,Small,361127.669584139,0.0,0.0
Asia,malaysia,Teluk Intan,Small,78140.29116326201,0.0,0.0
Asia,maldives,Malé,Small,209964.01449489,40736.182852564,19.401506944208013
Africa,mali,Bamako,Large,3783597.187262366,1836584.270644419,48.54069235560684
Africa,mali,Bougouni,Small,61032.129102604,6697.780342974001,10.974187598328818
Africa,mali,Gao,Small,134662.495309222,66472.442521139,49.36225366127373
Africa,mali,Kati,Small,168514.312420366,60540.120812262,35.92580353723435
Africa,mali,Kayes,Small,197901.322721366,68199.562112986,34.46139781946135
Africa,mali,Kita,Small,70431.67570408,5595.8534939989995,7.945080729741662
Africa,mali,Koutiala,Small,267708.83631354396,137212.30295917098,51.25430480690828
Africa,mali,Mopti,Small,63144.160823312006,36632.636801091,58.01429035314174
Africa,mali,Niono,Small,72304.851713853,8364.821281122,11.568824335918485
Africa,mali,San,Small,83509.286208793,3426.1448306409998,4.102711190794789
Africa,mali,Sikasso,Small,344584.22410123004,109724.662093257,31.842624942987147
Africa,mali,Socoura,Small,127948.096152118,64043.442858801005,50.05423666692117
Africa,mali,Ségou,Small,244103.167569297,92760.65733387502,38.000595509495696
Africa,mali,Sénou,Small,174974.873218177,68201.747864035,38.97802387831647
Africa,mali,Timbuktu,Small,122932.824691696,29471.693579536997,23.97381956645773
Africa,mali,Virage de Dioila,Small,43367.055405156,650.600130278,1.500217444324451
Africa,mauritania,Nouadhibou,Small,165251.435249211,60209.338942522,36.43498699525484
Africa,mauritania,Nouakchott,Large,1500486.7293059188,708133.2940507189,47.193572606822094
Africa,mauritania,Rosso Sénégal,Small,40708.728171363,27583.574519548998,67.75837948912627
Africa,mauritius,Port Louis,Medium,561324.3734052279,98793.89194822601,17.60014291716945
Latin America and the Caribbean,mexico,Acapulco,Medium,738908.504295675,305187.41742855404,41.30246379008151
Latin America and the Caribbean,mexico,Acayucan,Small,79691.04324173999,16472.147365547004,20.67001095164399
Latin America and the Caribbean,mexico,Acámbaro,Small,67593.646115372,18600.232323541,27.517723029459383
Latin America and the Caribbean,mexico,Agua Prieta,Small,111252.98816604502,475.984804378,0.4278400178048188
Latin America and the Caribbean,mexico,Aguascalientes,Medium,873449.7513920551,9708.357268063002,1.1114957961337064
Latin America and the Caribbean,mexico,Altamira,Small,157947.083247305,21736.464058275003,13.761864803949067
Latin America and the Caribbean,mexico,Apatzingán,Small,118828.908441541,0.0,0.0
Latin America and the Caribbean,mexico,Apizaco,Small,119150.823658939,748.143301742,0.6278960386237098
Latin America and the Caribbean,mexico,Arandas,Small,63275.338526749,613.093993505,0.9689304044510497
Latin America and the Caribbean,mexico,Atlixco,Small,67620.26791014601,20250.178750232,29.946907008917044
Latin America and the Caribbean,mexico,Cabo San Lucas,Small,253371.782637741,32294.399004665003,12.745854596933553
Latin America and the Caribbean,mexico,Cadereyta Jiménez,Small,75687.458772507,5461.877800244,7.21635775440778
Latin America and the Caribbean,mexico,Campeche,Small,226457.867639217,77540.092318845,34.240405567351964
Latin America and the Caribbean,mexico,Cancún,Medium,608347.640299154,31923.910451804,5.247642686031537
Latin America and the Caribbean,mexico,Capulhuac de Mirafuentes,Small,121672.04025945,47409.506500699,38.96499672365509
Latin America and the Caribbean,mexico,Celaya,Small,379465.16538408096,6416.332031574,1.6908882861697252
Latin America and the Caribbean,mexico,Chetumal,Small,180455.429007345,15852.955518235,8.784970120012153
Latin America and the Caribbean,mexico,Chiconcuac,Small,231269.95373277902,47936.539763315996,20.72752598839722
Latin America and the Caribbean,mexico,Chihuahua,Medium,786048.183666029,12629.270032837001,1.6066788646385122
Latin America and the Caribbean,mexico,Chilpancingo,Small,219721.04534583603,23372.285374267,10.637253858627673
Latin America and the Caribbean,mexico,Ciudad Acuña,Small,118088.744132777,10124.896281523,8.573972359413643
Latin America and the Caribbean,mexico,Ciudad Guzmán,Small,92429.72929795501,0.0,0.0
Latin America and the Caribbean,mexico,Ciudad Hidalgo,Small,72640.94234581599,3282.22667197,4.518425237856309
Latin America and the Caribbean,mexico,Ciudad Juárez,Large,1724864.183176829,158655.243140295,9.198129608563507
Latin America and the Caribbean,mexico,Ciudad Mante,Small,81881.75977362199,7328.013197212,8.949506236152855
Latin America and the Caribbean,mexico,Ciudad Obregón,Small,330236.56381738,1262.574704579,0.3823243222931549
Latin America and the Caribbean,mexico,Ciudad Valles,Small,115508.041573231,22714.241253426,19.66464061207841
Latin America and the Caribbean,mexico,Ciudad Victoria,Small,322740.353431994,54072.149237929,16.754071396071264
Latin America and the Caribbean,mexico,Ciudad del Carmen,Small,214783.480925896,44096.736682370996,20.530785930220176
Latin America and the Caribbean,mexico,Coatepec,Small,63879.790047377,1192.44946365,1.8667084891256056
Latin America and the Caribbean,mexico,Coatzacoalcos,Small,303596.65439809405,78747.51209608401,25.93820154316509
Latin America and the Caribbean,mexico,Colima,Small,303840.761019139,16231.085731035,5.341971128756026
Latin America and the Caribbean,mexico,Colonia Santa Teresa,Small,56605.600550443,5417.4336566580005,9.570490559198923
Latin America and the Caribbean,mexico,Comitán,Small,125025.541884051,55469.061306449,44.36618347784579
Latin America and the Caribbean,mexico,Cortazar,Small,77608.48258400099,9387.153514817,12.095525131104889
Latin America and the Caribbean,mexico,Coyotepec,Small,100028.659455587,48121.910592563996,48.10812306640004
Latin America and the Caribbean,mexico,Cuauhtémoc,Small,116578.456895544,4606.50161915,3.9514175618892367
Latin America and the Caribbean,mexico,Cuautla,Small,229787.17588675302,80983.06001862901,35.24263689046783
Latin America and the Caribbean,mexico,Cuernavaca,Medium,877086.185253467,386779.51936499897,44.09823411518271
Latin America and the Caribbean,mexico,Culiacán,Medium,667018.94030294,79950.76459724401,11.98628101338963
Latin America and the Caribbean,mexico,Cárdenas,Small,134170.57353004802,6220.85093928,4.636524072014059
Latin America and the Caribbean,mexico,Córdoba,Small,229213.414310681,724.696650193,0.31616677076793154
Latin America and the Caribbean,mexico,Delicias,Small,133693.890467066,584.961633088,0.4375380438435957
Latin America and the Caribbean,mexico,Dolores Hidalgo,Small,83620.20843098701,4321.948966868,5.168546034461237
Latin America and the Caribbean,mexico,Durango,Medium,547226.712699329,34497.687149026,6.304094143880104
Latin America and the Caribbean,mexico,El Tejar,Small,43408.602923292,6764.553044755,15.583438740723226
Latin America and the Caribbean,mexico,Ensenada,Small,332786.16661203303,23130.772636293997,6.950641269671581
Latin America and the Caribbean,mexico,Fraccionamientos del Sur,Small,83208.48528224799,2366.8397184759997,2.844469179372203
Latin America and the Caribbean,mexico,Fresnillo,Small,151502.879281278,1243.611217666,0.8208498898275919
Latin America and the Caribbean,mexico,García,Small,176821.642459872,61099.707690364005,34.55442831565712
Latin America and the Caribbean,mexico,Guadalajara,Large,4135081.1074847556,215933.087851367,5.221979502663554
Latin America and the Caribbean,mexico,Guamúchil,Small,66184.840154334,0.0,0.0
Latin America and the Caribbean,mexico,Guanajuato,Small,135322.93532886603,30629.836449020997,22.634623151340467
Latin America and the Caribbean,mexico,Guasave,Small,86078.48795294102,1860.385238721,2.1612661687761867
Latin America and the Caribbean,mexico,Guaymas,Small,124388.23571040001,19873.468042448003,15.976967539532676
Latin America and the Caribbean,mexico,Hermosillo,Medium,769747.987021671,126885.645143629,16.484050271385346
Latin America and the Caribbean,mexico,Heroica Caborca,Small,67088.963367377,0.0,0.0
Latin America and the Caribbean,mexico,Heroica Nogales,Small,286510.889841947,62700.267825957,21.88407842387612
Latin America and the Caribbean,mexico,Hidalgo del Parral,Small,115314.36049007499,5050.9796624,4.380182694448306
Latin America and the Caribbean,mexico,Huajuapan,Small,72709.20907847601,0.0,0.0
Latin America and the Caribbean,mexico,Huamantla,Small,64989.427271453,6779.291449568,10.431375893269095
Latin America and the Caribbean,mexico,Huauchinango,Small,71432.07472504901,619.296511457,0.8669725943712956
Latin America and the Caribbean,mexico,Huehuetoca,Small,60013.061060702,10870.104811911,18.112898458747352
Latin America and the Caribbean,mexico,Iguala,Small,109444.34457808902,15521.550359841998,14.182140173325545
Latin America and the Caribbean,mexico,Irapuato,Small,463417.314423064,9460.494020077002,2.0414632180618755
Latin America and the Caribbean,mexico,Jacona de Plancarte,Small,57164.143463118,3056.298406385,5.346530571838109
Latin America and the Caribbean,mexico,Juchitán,Small,85750.23244,19619.233379048997,22.879510434886228
Latin America and the Caribbean,mexico,La Paz,Small,365481.550374895,49472.050909061,13.536128118728492
Latin America and the Caribbean,mexico,La Piedad de Cabadas,Small,109892.80048597898,7243.909489444,6.591796239070491
Latin America and the Caribbean,mexico,Lagos de Moreno,Small,116431.665401657,3641.299755841,3.1274136149126823
Latin America and the Caribbean,mexico,Las Delicias,Small,56171.304018402,8000.371241928,14.242808461963138
Latin America and the Caribbean,mexico,León,Large,1379752.6679431791,110490.98886042999,8.008028643651096
Latin America and the Caribbean,mexico,Linares,Small,73193.072404916,10099.254576584999,13.798101712023067
Latin America and the Caribbean,mexico,Los Mochis,Small,248805.482291998,7322.627282965001,2.9431133170816426
Latin America and the Caribbean,mexico,Los Reyes Acozac,Small,62352.537949221005,19818.848201363,31.7851507784706
Latin America and the Caribbean,mexico,Lázaro Cárdenas,Small,121769.979164342,13804.626111347001,11.336641597610965
Latin America and the Caribbean,mexico,Manzanillo,Small,175569.266261715,38509.140543721,21.933873372983605
Latin America and the Caribbean,mexico,Martínez de la Torre,Small,80473.57120781299,8747.328306936,10.869814990995135
Latin America and the Caribbean,mexico,Matamoros,Medium,577057.537378253,8314.696184772001,1.4408781873898022
Latin America and the Caribbean,mexico,Matehuala,Small,84683.03268994502,0.0,0.0
Latin America and the Caribbean,mexico,Mazatlán,Small,418975.18964715395,30916.520592866,7.379081472318873
Latin America and the Caribbean,mexico,Mexicali,Medium,785346.0032749709,3466.51298209,0.4413994554800427
Latin America and the Caribbean,mexico,Mexico City,Megacity,17596021.147334848,2104062.2659857757,11.957602507794576
Latin America and the Caribbean,mexico,Minatitlán,Small,166196.587687197,50240.698576735995,30.22968117209202
Latin America and the Caribbean,mexico,Monclova,Small,290742.83727305895,9252.12989674,3.1822382912396954
Latin America and the Caribbean,mexico,Monterrey,Large,3992307.514880431,126031.75013419302,3.156864787204842
Latin America and the Caribbean,mexico,Morelia,Medium,635587.9009036589,19764.070284315996,3.1095730828444124
Latin America and the Caribbean,mexico,Mérida,Medium,858445.671995391,79737.58184383201,9.288599668571702
Latin America and the Caribbean,mexico,Navojoa,Small,106378.04874009,22062.053457587,20.739291347118513
Latin America and the Caribbean,mexico,Nuevo Casas Grandes,Small,51912.115113338994,1184.02506545,2.280826090142801
Latin America and the Caribbean,mexico,Nuevo Laredo,Medium,609316.238256644,8242.967707501,1.3528225886586438
Latin America and the Caribbean,mexico,Oaxaca,Medium,507794.61824918503,180098.45762749502,35.466791327653866
Latin America and the Caribbean,mexico,Ocotlán,Small,103386.60721499698,1740.97299736,1.6839444143278346
Latin America and the Caribbean,mexico,Orizaba,Small,304747.561473096,24110.863618719,7.911749482808437
Latin America and the Caribbean,mexico,Pachuca,Small,332445.16852564306,10028.75559823,3.0166645653797297
Latin America and the Caribbean,mexico,Papantla de Olarte,Small,52856.292831756,29799.148001207996,56.377673129782394
Latin America and the Caribbean,mexico,Piedras Negras,Small,152610.555971288,3002.8400858319997,1.9676490048283102
Latin America and the Caribbean,mexico,Playa del Carmen,Small,235504.55948868702,30393.061366978,12.905508680156997
Latin America and the Caribbean,mexico,Poza Rica,Small,227665.93325391202,51237.039861799,22.505360872175455
Latin America and the Caribbean,mexico,Puebla,Large,2003877.066730427,534685.597881969,26.68255487121146
Latin America and the Caribbean,mexico,Puerto Peñasco,Small,73716.63309219801,0.0,0.0
Latin America and the Caribbean,mexico,Puerto Vallarta,Small,202833.592297935,16086.689185823,7.9309787908276235
Latin America and the Caribbean,mexico,Pátzcuaro,Small,73681.641832418,1510.6365209800001,2.050221036626466
Latin America and the Caribbean,mexico,Querétaro,Medium,903133.426412375,13922.690766120002,1.541598434843318
Latin America and the Caribbean,mexico,Ramos Arizpe,Small,88152.22986160898,8242.633749625,9.350454052682714
Latin America and the Caribbean,mexico,Reynosa,Medium,627578.116237054,14272.444460799,2.2742100292432594
Latin America and the Caribbean,mexico,Rioverde,Small,60940.81510954999,0.0,0.0
Latin America and the Caribbean,mexico,Rosarito,Small,78430.92274205001,3856.471057158,4.917028797227689
Latin America and the Caribbean,mexico,Río Bravo,Small,86934.93038890099,3599.2418480450006,4.140156128202889
Latin America and the Caribbean,mexico,Sahuayo de Morelos,Small,82902.09779496401,3938.021269393,4.750207020252532
Latin America and the Caribbean,mexico,Salamanca,Small,177442.75550795702,6744.013675300001,3.8006700560945585
Latin America and the Caribbean,mexico,Salina Cruz,Small,89915.518050762,25525.151705593,28.387927088606357
Latin America and the Caribbean,mexico,Saltillo,Medium,730247.173773989,9506.745014219,1.3018530376621944
Latin America and the Caribbean,mexico,San Andrés Tuxtla,Small,74351.327249135,0.0,0.0
Latin America and the Caribbean,mexico,San Cristóbal,Small,206034.31421760202,91516.23725064802,44.41795901725071
Latin America and the Caribbean,mexico,San Francisco del Rincón,Small,127694.69918203799,4212.756432847,3.2990848170145357
Latin America and the Caribbean,mexico,San José del Cabo,Small,146468.72984481198,25151.780043995997,17.172115898489093
Latin America and the Caribbean,mexico,San Juan de los Lagos,Small,64562.886295766,0.0,0.0
Latin America and the Caribbean,mexico,San Juan del Río,Small,178359.82505880803,4534.004512114,2.5420548100554976
Latin America and the Caribbean,mexico,San Luis,Small,224616.92096075398,143837.32834487304,64.03672872446012
Latin America and the Caribbean,mexico,San Luis Potosí,Large,1002330.225301492,25895.447054066997,2.583524511223622
Latin America and the Caribbean,mexico,San Luis Río Colorado,Small,222704.705608553,3846.76129502,1.7272923284258908
Latin America and the Caribbean,mexico,San Luis de la Paz,Small,78508.282152256,1374.934246588,1.7513238207422555
Latin America and the Caribbean,mexico,San Miguel de Allende,Small,92834.277149104,26815.078573836,28.88488971672335
Latin America and the Caribbean,mexico,San Miguel de Cozumel,Small,112027.252850369,20163.257328616,17.998528764734935
Latin America and the Caribbean,mexico,San Pedro de las Colonias,Small,50755.971075022,0.0,0.0
Latin America and the Caribbean,mexico,Santo Domingo Tehuantepec,Small,56185.192990966,20784.251266126,36.9923998827732
Latin America and the Caribbean,mexico,Silao,Small,104909.279795557,6619.690420784001,6.309918849585268
Latin America and the Caribbean,mexico,Tampico,Medium,623797.488892085,118881.399627263,19.057691277085134
Latin America and the Caribbean,mexico,Tapachula,Small,302227.247490788,37543.02809781,12.422118921939466
Latin America and the Caribbean,mexico,Taxco,Small,62184.21741962001,14971.337441323,24.075783313788765
Latin America and the Caribbean,mexico,Tecate,Small,69365.726282271,3256.3032259989996,4.694397940487317
Latin America and the Caribbean,mexico,Tecoman,Small,120868.8489477,1524.241063447,1.2610702234010185
Latin America and the Caribbean,mexico,Tehuacán,Small,226841.07915815202,28745.885763473,12.672257542661209
Latin America and the Caribbean,mexico,Tepatitlán,Small,84762.641600811,0.0,0.0
Latin America and the Caribbean,mexico,Tepetlixpa,Small,56406.949451574,38821.413482225,68.8238131288302
Latin America and the Caribbean,mexico,Tepic,Small,415882.45283513103,18687.039560131,4.493346481136374
Latin America and the Caribbean,mexico,Tesistán,Small,58872.453462035,4558.806022097,7.743529875201874
Latin America and the Caribbean,mexico,Texmelucan,Small,151703.21995471002,24432.206712689,16.10526574187619
Latin America and the Caribbean,mexico,Teziutlán,Small,102345.28418368498,7290.912526187,7.123838273878433
Latin America and the Caribbean,mexico,Tierra Blanca,Small,58731.33027303901,0.0,0.0
Latin America and the Caribbean,mexico,Tizayuca,Small,96544.17621686701,10159.408559938001,10.523067219629013
Latin America and the Caribbean,mexico,Tlajomulco,Small,49294.780558804,1341.21462794,2.7208045410407253
Latin America and the Caribbean,mexico,Tlapa de Comonfort,Small,63877.055050023,3897.181197078,6.101065858509074
Latin America and the Caribbean,mexico,Tlaxcala,Small,269544.97100276296,17648.07226541,6.547357273910741
Latin America and the Caribbean,mexico,Toluca,Large,1569756.662191275,519207.490561332,33.075667271674654
Latin America and the Caribbean,mexico,Torreon,Large,1333791.973562571,29169.51739108,2.186961532926903
Latin America and the Caribbean,mexico,Tula de Allende,Small,66881.84342910399,5915.257764481999,8.844340199373068
Latin America and the Caribbean,mexico,Tulancingo,Small,127959.41625202101,11584.853249092,9.053537120140643
Latin America and the Caribbean,mexico,Tuxtepec,Small,96633.85497172398,34486.048779377,35.687336275126306
Latin America and the Caribbean,mexico,Tuxtla Gutiérrez,Medium,574717.903438712,102331.606889768,17.80553664284458
Latin America and the Caribbean,mexico,Túxpam,Small,125764.244590197,50696.22988839,40.31052709264365
Latin America and the Caribbean,mexico,Uriangato,Small,120106.63612822197,14329.717830727,11.930829380176009
Latin America and the Caribbean,mexico,Uruapan,Small,331080.170355506,54379.018064738,16.42472818784257
Latin America and the Caribbean,mexico,Valladolid,Small,56294.41093932299,27694.250144722,49.19538135779107
Latin America and the Caribbean,mexico,Valle de Santiago,Small,89826.81287197901,9496.514585789999,10.572026638999663
Latin America and the Caribbean,mexico,Veracruz,Medium,677938.06091647,49225.678934147,7.261087962460952
Latin America and the Caribbean,mexico,Villahermosa,Medium,500174.615454928,77062.734174288,15.407166176195583
Latin America and the Caribbean,mexico,Xalapa,Medium,555457.784413009,81775.06490715501,14.722102597512867
Latin America and the Caribbean,mexico,Xonacatlán,Small,67221.018428537,26383.611193163004,39.249050088718235
Latin America and the Caribbean,mexico,Zacatecas,Small,280937.58984635,16570.470056188,5.898274440686524
Latin America and the Caribbean,mexico,Zacatelco,Small,144140.02703234,74290.70345474398,51.54064764957741
Latin America and the Caribbean,mexico,Zamora,Small,127828.548892622,2600.21599352,2.0341434022725413
Latin America and the Caribbean,mexico,Zihuatanejo,Small,83886.081522817,30998.065739851,36.95257327214591
Latin America and the Caribbean,mexico,Zitácuaro,Small,108182.499408157,3321.4479897700003,3.070226707592191
Latin America and the Caribbean,mexico,Zumpango,Small,63177.85719610599,20497.149394339995,32.44356536296604
Europe,moldova,Bender,Small,67595.01634856101,0.0,0.0
Europe,moldova,Bălți,Small,66193.196749842,0.0,0.0
Europe,moldova,Chișinău,Small,474638.35374102497,0.0,0.0
Europe,moldova,Rybnitsa,Small,69609.078210339,0.0,0.0
Europe,moldova,Tiraspol,Small,97961.375274193,0.0,0.0
Asia,mongolia,Ulaanbaatar,Large,1405983.738511537,0.0,0.0
Africa,morocco,Agadir,Large,1113255.217572292,237321.351603946,21.317784804232005
Africa,morocco,Ain El Aouda,Small,57989.458898903,2041.5720363320002,3.5205916300947258
Africa,morocco,Ain Taoujdate,Small,55484.060569718,15131.51202161,27.27181800725748
Africa,morocco,Al Hoceima,Small,59837.75390923901,0.0,0.0
Africa,morocco,Azemmour,Small,70294.714801093,34198.326250428,48.64992531400989
Africa,morocco,Azrou,Small,65160.11924523499,24106.015848081,36.99504563114165
Africa,morocco,Bejaad,Small,55154.403088014,40446.417856185,73.33307150771195
Africa,morocco,Beni Mellal,Small,232643.58855117203,152078.66820785397,65.36980845032096
Africa,morocco,Berkane,Small,164866.88972906698,30480.010945736,18.487648427058424
Africa,morocco,Berrechid,Small,171082.049345296,3563.2921323829996,2.082797199366711
Africa,morocco,Casablanca,Large,4538070.198067658,538296.314956151,11.861789074689971
Africa,morocco,Chefchaouen,Small,68127.184896848,3510.765614051,5.15325214063473
Africa,morocco,Dar Bouazza,Small,64890.63869398801,2395.1921346209997,3.6911212199902566
Africa,morocco,Deroua,Small,70482.460330546,38685.585241443005,54.886825828747746
Africa,morocco,El Jadida,Small,250575.823549757,73408.995083514,29.296120449121116
Africa,morocco,El Kelaa des Sraghna,Small,110605.19281462698,43372.760158007004,39.21403602695151
Africa,morocco,Errachidia,Small,104773.66956777801,47690.989950091,45.51810597722717
Africa,morocco,Essaouira,Small,74048.67912760301,15104.345117511,20.397858942875562
Africa,morocco,Fez,Large,1438524.30268308,274934.62592689204,19.11226841382482
Africa,morocco,Fkih Ben Salah,Small,114307.44812478099,66290.75548138999,57.99338238136965
Africa,morocco,Guelmim,Small,122094.43014281902,85838.61831566201,70.30510582280695
Africa,morocco,Guercif,Small,114448.403512065,570.684379692,0.49863900428444086
Africa,morocco,Kasba Tadla,Small,68366.114505211,0.0,0.0
Africa,morocco,Kenitra,Medium,592415.911894278,138377.40249922,23.358150873556333
Africa,morocco,Khemisset,Small,156824.005780681,16428.193292958003,10.475560301611537
Africa,morocco,Khenifra,Small,125779.17132781501,79537.464059459,63.23579907531952
Africa,morocco,Khouribga,Small,229866.842653803,163329.75256048102,71.05407229457103
Africa,morocco,Ksar el-Kebir,Small,157788.55036012304,79864.08424303,50.61462575120632
Africa,morocco,Larache,Small,134339.711369592,17177.20416271,12.786393529946267
Africa,morocco,Marrakesh,Large,1079192.448194694,508829.55171266303,47.14910232774966
Africa,morocco,Martil,Small,75452.291547313,1926.0699164970001,2.5526990327248598
Africa,morocco,Meknes,Medium,757145.6167758789,74955.52370016,9.89975006648522
Africa,morocco,Melilla,Small,134643.025239243,3836.79670649,2.8496067283637716
Africa,morocco,Midelt,Small,58084.29140319901,17331.221445881,29.838052642450723
Africa,morocco,Nador,Small,257011.99251681098,747.185154983,0.29071995733200157
Africa,morocco,Ouazzane,Small,78072.69370927902,25820.535512731003,33.07242812561264
Africa,morocco,Oued Zem,Small,104588.33593284298,70133.763507545,67.05696470070855
Africa,morocco,Oujda,Medium,602153.3113106671,23158.597813010005,3.8459637069174666
Africa,morocco,Ouled-Teima,Small,72269.357540731,51766.562024911,71.63002936027952
Africa,morocco,Rabat,Large,2143514.757639471,682694.9575808169,31.849323880215756
Africa,morocco,Safi,Small,374925.75084765395,176819.563735403,47.161221478023066
Africa,morocco,Sefrou,Small,106209.23457827001,8132.010197125,7.656594296546015
Africa,morocco,Settat,Small,159482.574478888,15236.212635275,9.553528142531922
Africa,morocco,Sidi Bennour,Small,76972.811645508,47691.149207362,61.95843465742124
Africa,morocco,Sidi Kacem,Small,99199.985805766,12069.651976450003,12.166989620424374
Africa,morocco,Sidi Slimane,Small,139172.960736912,47273.059557276996,33.96712932380625
Africa,morocco,Sidi Yahya du Gharb,Small,59629.84984863701,39846.446806722,66.82298699035344
Africa,morocco,Souk El Arba Du Gharb,Small,96457.27677050601,63779.02113739301,66.12152371784032
Africa,morocco,Souk Sebt Oulad Nemma,Small,65670.87924703301,30337.796419059,46.19672641345007
Africa,morocco,Tangier,Large,1340676.863069676,379794.933398713,28.32859608907674
Africa,morocco,Taourirt,Small,109333.408386466,13664.884897496999,12.498361753431375
Africa,morocco,Taroudant,Small,75775.51173865201,31969.594660989,42.18987629044511
Africa,morocco,Taza,Small,174777.039708354,4334.439170686999,2.4799820261973586
Africa,morocco,Tiflet,Small,102667.901982204,50685.456240018,49.36835686854066
Africa,morocco,Tiznit,Small,79999.150375456,24239.194349844,30.299314725323217
Africa,morocco,Tétouan,Small,490547.76404203,27805.536571113,5.668262829698808
Africa,morocco,Youssoufia ⵍⵉⵡⵙⵓⴼⵉⵢⴰ اليوسفية,Small,77188.46016283802,44106.097487629,57.140792023292164
Africa,morocco,Zagora,Small,47239.07431333401,2712.376740311,5.741807560241262
Africa,mozambique,Beira,Small,301863.545204944,207735.60495692497,68.81771855421867
Africa,mozambique,Catandica,Small,73092.34461605201,27160.354432210996,37.15895908782523
Africa,mozambique,Chibuto,Small,78309.69249873799,20227.533702098,25.83017894295011
Africa,mozambique,Chimoio,Small,400312.688570241,324123.958690532,80.9676954902866
Africa,mozambique,Cuamba,Small,29172.600638938,11125.179756705,38.13571472217569
Africa,mozambique,Dondo,Small,85072.270307448,36727.648593138,43.172291582681005
Africa,mozambique,Inhambane,Small,43636.41118384399,19598.551421070002,44.91329806775264
Africa,mozambique,Lichinga,Small,223332.96069593698,168316.652270168,75.36579094535334
Africa,mozambique,Manga,Small,194493.10510220198,144208.431425923,74.14578082351275
Africa,mozambique,Maputo,Large,3216385.283813557,1903096.4681365788,59.16879665237565
Africa,mozambique,Massinga,Small,55793.316995315,8352.800625957,14.970969778796963
Africa,mozambique,Maxixe,Small,48692.495755462,23838.333255334,48.956893429846374
Africa,mozambique,Moatize,Small,139514.84179909198,93919.51546625899,67.31865531662041
Africa,mozambique,Mocuba,Small,139259.87588497502,95044.12193717499,68.24946621069728
Africa,mozambique,Mocímboa da Praia,Small,56950.317623416,2190.602815242,3.846515536098257
Africa,mozambique,Moma,Small,50931.747463053005,22354.198400672998,43.890499568838116
Africa,mozambique,Montepuez,Small,86757.95319919301,520.174729631,0.599570080263072
Africa,mozambique,N/A,Small,254857.64367967797,82589.771382517,32.40623674851256
Africa,mozambique,Nacala,Small,234107.96865796007,169060.1453975,72.21460523819366
Africa,mozambique,Namacurra,Small,45363.782166116995,6012.681396577,13.2543652876192
Africa,mozambique,Nampula,Medium,711305.3650853462,527063.401590657,74.09804951034175
Africa,mozambique,Quelimane,Small,438473.270122302,332530.60346730397,75.8382839105682
Africa,mozambique,Tete,Small,250891.04653335304,171862.982644554,68.50104259169201
Africa,mozambique,Xai-Xai,Small,152184.949671552,14217.777476952,9.342433340246217
Asia,myanmar,Aunglan,Small,78979.180849753,0.0,0.0
Asia,myanmar,Aungpan,Small,100115.81581330801,8901.503424434,8.891206001890021
Asia,myanmar,Bago,Small,386670.205083978,756.923222108,0.19575421435525645
Asia,myanmar,Bhamo,Small,106930.76568277602,0.0,0.0
Asia,myanmar,Chauk,Small,68324.857574405,1469.78190353,2.1511671677169963
Asia,myanmar,Dagon Seikkan,Small,134685.697284182,1218.78624464,0.9049114116908825
Asia,myanmar,Dawei,Small,92332.599621477,0.0,0.0
Asia,myanmar,Hinthada,Small,209242.38269897102,13870.795874768999,6.629056549563566
Asia,myanmar,Hopong,Small,82604.867127823,0.0,0.0
Asia,myanmar,Hpa-An,Small,275014.392226845,12288.237953668999,4.468216319214695
Asia,myanmar,Hsipaw,Small,75124.393420212,0.0,0.0
Asia,myanmar,Katha,Small,62128.406201759004,0.0,0.0
Asia,myanmar,Kawthaung,Small,97900.507035324,430.417963186,0.4396483493499156
Asia,myanmar,Kengtung,Small,144845.222175508,2635.431338956,1.8194810290412378
Asia,myanmar,Kutkai,Small,83300.143984655,2926.674211898,3.5134083470937725
Asia,myanmar,Kyaiklat,Small,122400.64942610501,1033.78689731,0.8445926571117679
Asia,myanmar,Kyaukme,Small,103460.119722678,0.0,0.0
Asia,myanmar,Kyaukpadaung,Small,71803.28955605399,0.0,0.0
Asia,myanmar,Lashio,Small,319023.047041725,901.240212594,0.28250003281929875
Asia,myanmar,Laukkaing,Small,66847.131233607,1638.6388750269998,2.4513226593083535
Asia,myanmar,Lawksawk,Small,65422.716456313006,0.0,0.0
Asia,myanmar,Lewe,Small,14760.069931248998,0.0,0.0
Asia,myanmar,Loikaw,Small,108722.292405963,0.0,0.0
Asia,myanmar,Madaya,Small,61069.02678303501,0.0,0.0
Asia,myanmar,Magway,Small,131086.243808757,0.0,0.0
Asia,myanmar,Mandalay,Large,2023747.0333276982,62917.02832950401,3.1089373964911
Asia,myanmar,Mawlamyine,Small,236439.547538781,3612.80033398,1.5280017118910387
Asia,myanmar,Meiktila,Small,153949.78920577402,0.0,0.0
Asia,myanmar,Mogok,Small,99316.964645692,0.0,0.0
Asia,myanmar,Mohnyin,Small,99342.843224478,0.0,0.0
Asia,myanmar,Monywa,Small,248190.202914089,0.0,0.0
Asia,myanmar,Mudon,Small,73009.60549306001,0.0,0.0
Asia,myanmar,Myan Aung,Small,77353.464665693,0.0,0.0
Asia,myanmar,Myaungmya,Small,178024.662590962,34243.182426634994,19.235077841609943
Asia,myanmar,Myawaddy,Small,138043.037119976,0.0,0.0
Asia,myanmar,Myeik,Small,267724.881156819,2707.139205464,1.0111645932072715
Asia,myanmar,Myingyan,Small,130477.92854412599,0.0,0.0
Asia,myanmar,Myitkyina,Small,455431.302191959,0.0,0.0
Asia,myanmar,N/A,Small,40698.57638788399,0.0,0.0
Asia,myanmar,Namhkam,Small,99662.09213745501,0.0,0.0
Asia,myanmar,Nansang,Small,57414.956137065004,2353.7089238,4.099470037355879
Asia,myanmar,Nattalin,Small,69547.72989260599,0.0,0.0
Asia,myanmar,Nawnghkio,Small,72431.93051641001,7347.367270316001,10.143823611951635
Asia,myanmar,Naypyidaw,Small,377367.760289056,1789.2614733179998,0.47414264322618926
Asia,myanmar,Nyaung Shwe,Small,94789.75949406902,11257.497873535,11.876280659029819
Asia,myanmar,Nyaunglebin,Small,88830.62685291498,6590.92139517,7.419649763457365
Asia,myanmar,Pakokku,Small,119570.112817571,0.0,0.0
Asia,myanmar,Panglong,Small,79111.88215137497,0.0,0.0
Asia,myanmar,Pathein,Small,226018.93141467302,1647.0715738919998,0.7287316879089858
Asia,myanmar,Payathonzu,Small,69712.98404605099,638.292593791,0.9156007342468038
Asia,myanmar,Pyapon,Small,121031.579064771,5873.417537351,4.852797577901379
Asia,myanmar,Pyawbwe,Small,43629.926744385,0.0,0.0
Asia,myanmar,Pyay,Small,181493.421278767,0.0,0.0
Asia,myanmar,Pyin Oo Lwin,Small,167044.405630156,0.0,0.0
Asia,myanmar,Pyu,Small,100789.10597185702,0.0,0.0
Asia,myanmar,Sar Hpo Su,Small,38371.536865190006,0.0,0.0
Asia,myanmar,Shwebo,Small,110675.367948455,0.0,0.0
Asia,myanmar,Sittwe,Small,92958.04672948299,0.0,0.0
Asia,myanmar,Tachileik,Small,157106.268979738,877.291068221,0.5584061501289578
Asia,myanmar,Tan Soe တံစိုး,Small,87402.71145411099,0.0,0.0
Asia,myanmar,Tangyan,Small,106933.957482298,7529.229557602001,7.041008988046103
Asia,myanmar,Tatkon,Small,13723.414342069998,0.0,0.0
Asia,myanmar,Taungdwingyi,Small,59323.047247033,0.0,0.0
Asia,myanmar,Taunggyi,Small,384346.216613241,5961.582382937,1.5510969342872463
Asia,myanmar,Taungoo,Small,177402.408540735,0.0,0.0
Asia,myanmar,Thaton,Small,103429.264400584,1669.397325572,1.6140473735812184
Asia,myanmar,Thazi,Small,37333.518851092005,0.0,0.0
Asia,myanmar,Thongwa,Small,127743.343162661,3274.6543209399997,2.563463770296229
Asia,myanmar,Twante,Small,132545.857363981,5392.79757722,4.06862778246699
Asia,myanmar,War Kha Yu,Small,61265.379899894,4757.535879325,7.765455608205951
Asia,myanmar,Wundwin,Small,53342.72031109799,0.0,0.0
Asia,myanmar,Yamethin,Small,46794.83644239801,0.0,0.0
Asia,myanmar,Yangon,Very large,6214167.127816795,42055.036035517995,0.6767606208604348
Africa,namibia,Windhoek,Small,405575.736074747,250341.076705335,61.72486528119067
Asia,nepal,Bharatpur,Small,94449.766916445,0.0,0.0
Asia,nepal,Biratnagar,Small,278728.688718597,14348.05697898,5.147678570491795
Asia,nepal,Birtamod,Small,49073.473694857006,0.0,0.0
Asia,nepal,Damak,Small,23304.684666771,0.0,0.0
Asia,nepal,Itahari,Medium,588638.614912557,54576.62947291,9.271669933005912
Asia,nepal,Kathmandu,Large,3699278.271054519,968271.6297324761,26.174609174682605
Asia,nepal,Nepalgunj,Small,69241.192643425,0.0,0.0
Asia,nepal,Pokhara,Small,152417.655431132,2264.888471571,1.4859751418984144
Latin America and the Caribbean,nicaragua,Bilwi (Puerto Cabezas),Small,99955.40170864102,72283.218150058,72.31546961389402
Latin America and the Caribbean,nicaragua,Chinandega,Small,111331.92808435998,33453.801665666004,30.0487041240469
Latin America and the Caribbean,nicaragua,El Viejo,Small,46686.980860513,22643.379789976003,48.50041568896429
Latin America and the Caribbean,nicaragua,Esteli,Small,101505.225560839,2322.7830749349996,2.288338420116901
Latin America and the Caribbean,nicaragua,Granada,Small,95620.44380224402,19407.510102602,20.296402454206707
Latin America and the Caribbean,nicaragua,Jinotega,Small,77512.88777324698,8523.883831546,10.996731093907144
Latin America and the Caribbean,nicaragua,Jinotepe,Small,51776.172374833994,6596.904629906,12.74119798224492
Latin America and the Caribbean,nicaragua,Juigalpa,Small,49326.750210264,5633.241189848,11.42025607978493
Latin America and the Caribbean,nicaragua,León,Small,159584.401239296,42304.74212382599,26.50932158487736
Latin America and the Caribbean,nicaragua,Managua,Large,1404911.078701103,338578.969710481,24.09967255888614
Latin America and the Caribbean,nicaragua,Masaya,Small,165806.054996302,69757.10104631502,42.07150399173952
Latin America and the Caribbean,nicaragua,Matagalpa,Small,141809.649335242,43835.405916455,30.91144088003974
Latin America and the Caribbean,nicaragua,Tipitapa,Small,77913.179656871,27258.363957899,34.98556223471383
Africa,nigeria,Aba,Large,1142982.538452431,282966.93592472,24.7568905390147
Africa,nigeria,Abakaliki,Small,190536.994151873,17058.630448912998,8.952923039877456
Africa,nigeria,Abeokuta,Medium,757601.6407249421,147916.951125735,19.524370483700988
Africa,nigeria,Abuja,Large,1716752.532116401,331872.191671349,19.331393748533994
Africa,nigeria,Adikpo,Small,54362.302901533,0.0,0.0
Africa,nigeria,Ado,Small,244954.678563439,70807.997374306,28.906570713230106
Africa,nigeria,Ado Ekiti,Medium,561854.076612617,45858.257267243,8.161951505935413
Africa,nigeria,Agbor,Small,240464.83865599398,7147.932964419999,2.9725480882657207
Africa,nigeria,Agenebode,Small,83614.692232657,15029.206850753999,17.974361262893115
Africa,nigeria,Ago-Iwoye,Small,175681.107795863,60876.982180315,34.651979910698486
Africa,nigeria,Agwa,Small,69039.357535314,4780.163088304,6.923823249454372
Africa,nigeria,Aiyete,Small,67710.90975275499,26648.735633028,39.356635039073204
Africa,nigeria,Aiyetoro,Small,130841.33204627201,11812.131425228,9.027828775887608
Africa,nigeria,Akabuka,Small,62142.349123604996,0.0,0.0
Africa,nigeria,Akugba,Small,161987.755489836,22456.397270979,13.863021438301265
Africa,nigeria,Akure,Medium,598623.454834891,53139.555688661996,8.876958505295898
Africa,nigeria,Akwanga,Small,97244.063026147,14448.566453332998,14.858044803668955
Africa,nigeria,Amaigbo,Large,1878225.7989199008,11527.91347146,0.613766112577587
Africa,nigeria,Anchau,Small,37773.304871887995,17224.618088426,45.59997635061333
Africa,nigeria,Ankpa,Small,164058.89000669197,62943.430200423994,38.36636356484951
Africa,nigeria,Aramoko-Ekiti,Small,170130.808194292,53453.960138728005,31.419330047314393
Africa,nigeria,Argungu,Small,123458.929972895,32719.485701560996,26.502324059300086
Africa,nigeria,Asaba,Small,382419.185707107,44277.99516525301,11.578392721950229
Africa,nigeria,Ata,Small,64650.211102696994,0.0,0.0
Africa,nigeria,Auchi,Small,199421.19017616397,12599.252739859,6.317910713866022
Africa,nigeria,Awala,Small,30609.0461896,0.0,0.0
Africa,nigeria,Awbere,Small,41390.174791474994,10097.211078862,24.39518830189065
Africa,nigeria,Awgu,Small,58968.269925579,14386.524347386001,24.39706025891982
Africa,nigeria,Awka,Small,222434.755066672,30513.049152087,13.71775249013631
Africa,nigeria,Ayangba,Small,156372.301550345,39982.796601917,25.568976222457334
Africa,nigeria,Azare,Small,214654.06671945303,109339.713440446,50.93763892363148
Africa,nigeria,Badagry,Small,75522.899356165,28610.874764772,37.88370813181244
Africa,nigeria,Baga,Small,94039.79339796002,57298.855406765,60.93043522999484
Africa,nigeria,Bagudo,Small,53211.636603285006,15856.20184249,29.79837278959227
Africa,nigeria,Bajoga,Small,124499.409493821,89312.33165223901,71.73715282293901
Africa,nigeria,Barakin Gangare,Small,55072.541109414,12492.454971813997,22.68363638241229
Africa,nigeria,Batsari,Small,57273.982238344,26811.762311381,46.81316238812352
Africa,nigeria,Bauchi,Medium,607528.995768778,269319.10110136995,44.33024645359828
Africa,nigeria,Bena,Small,58385.060784,45290.4393194,77.57196568991415
Africa,nigeria,Benin City,Large,1743801.142370617,176418.226634169,10.11687756978623
Africa,nigeria,Biantubu,Small,162425.1494138,24479.099640277997,15.071003307446054
Africa,nigeria,Bichi,Small,107706.36243372898,56042.873916355995,52.03302075199021
Africa,nigeria,Bida,Small,386400.03310376196,177607.409262509,45.96464649236072
Africa,nigeria,Biliri,Small,152742.183020815,39000.696024931,25.533677242007315
Africa,nigeria,Birnin Kebbi,Small,281387.719071411,101759.048976148,36.16328719389613
Africa,nigeria,Birnin Kudu,Small,95265.52697481101,35516.738683569005,37.28183720955002
Africa,nigeria,Biu,Small,187313.10634083502,120312.53692408602,64.23070935846063
Africa,nigeria,Bokkos,Small,51635.09555626001,0.0,0.0
Africa,nigeria,Bonny,Small,242273.03482635698,21809.477123319997,9.002024157971762
Africa,nigeria,Brass,Small,92999.41557962299,5257.693284807,5.6534691664869
Africa,nigeria,Bugama,Small,274569.519366854,166621.1206871,60.68449297333566
Africa,nigeria,Buni Yadi,Small,79154.06957381498,42497.382299805,53.68944708543905
Africa,nigeria,Bunza,Small,84443.50396949901,34455.37203446,40.80286868117798
Africa,nigeria,Bwari,Small,54665.98007367399,7661.071381159,14.014330980317343
Africa,nigeria,Calabar,Medium,636276.630788898,65286.803634513,10.260757738904553
Africa,nigeria,Chafe,Small,70129.5788238,25102.41655142,35.794335246885794
Africa,nigeria,Dakingari,Small,70009.012010019,24507.800564970996,35.00663680479262
Africa,nigeria,Damagum,Small,62755.523105988,36566.2834377,58.2678330574077
Africa,nigeria,Damask,Small,45776.127163072,35337.765566548995,77.19693158108902
Africa,nigeria,Damaturu,Small,99081.10424442698,12103.081569897,12.215327697639948
Africa,nigeria,Dambarta,Small,106252.356877719,73888.87757575899,69.54093042923682
Africa,nigeria,Daura,Small,350690.051520006,163434.77364514698,46.60376675550587
Africa,nigeria,Dawaki Kudu,Small,91551.71134474,46053.917643099994,50.303721215743245
Africa,nigeria,Dengi,Small,66469.17435535199,19290.038283479,29.02102887626104
Africa,nigeria,Djibia,Small,80631.97888549101,49464.572736866,61.346097938527336
Africa,nigeria,Doka,Small,56347.988812870004,10989.307242452,19.50257227271618
Africa,nigeria,Doka Ashafa,Small,126417.563357385,63209.102673058,50.00025391595675
Africa,nigeria,Doma,Small,115055.24824447499,20898.58083604,18.163952670488946
Africa,nigeria,Donga,Small,46532.401339781994,6889.573315244,14.805969855146698
Africa,nigeria,Dukku,Small,74995.93508594301,44453.358709389,59.27435754810821
Africa,nigeria,Dundewa,Small,38122.163631336,26448.383919752,69.37797176341722
Africa,nigeria,Dutse,Small,152486.906677444,31669.475650376997,20.76865243083954
Africa,nigeria,Ebute Irele,Small,173026.690304194,71472.60846970101,41.30727366052414
Africa,nigeria,Ede,Small,103564.27506094602,3734.0686712220004,3.60555671250975
Africa,nigeria,Effon Alaiye,Small,127594.73623075499,44750.249124773996,35.07217495543327
Africa,nigeria,Egbe,Small,113112.78650761,37581.702895138005,33.22498194544043
Africa,nigeria,Egosi,Small,98473.37664595399,26047.733537196997,26.451549062695033
Africa,nigeria,Ejigbo,Small,131610.438943474,24464.155734067,18.58830950679697
Africa,nigeria,Eket,Small,139972.01584673702,20970.538703896997,14.981950911429884
Africa,nigeria,Ekinrin,Small,35285.102733885,606.083460715,1.7176752049894577
Africa,nigeria,Ekogboro,Small,125354.379252623,11563.305809117002,9.224492896106815
Africa,nigeria,Ekpoma,Small,146650.87916092298,1137.224402467,0.7754637469435833
Africa,nigeria,Elele,Small,27058.472975180004,1933.166544103,7.144403698894024
Africa,nigeria,Elu,Small,86780.77214486999,7106.2494949659995,8.188737342764105
Africa,nigeria,Emure,Small,120934.90461188101,14325.598536399,11.845710369867534
Africa,nigeria,Enugu,Medium,987153.102984655,266331.007059058,26.97970621313015
Africa,nigeria,Enwan,Small,131965.095301688,17210.712709791,13.041867374433558
Africa,nigeria,Epe,Small,128003.66884188801,20460.086096772997,15.983984116928394
Africa,nigeria,Erin-osun,Small,303813.4823317691,123635.10659339,40.69441080905637
Africa,nigeria,Eripa,Small,101633.095163222,22731.525666863003,22.366263302673545
Africa,nigeria,Eruwa Titun,Small,120259.94849750599,5635.6930011389995,4.686259283784638
Africa,nigeria,Funtua,Small,221867.46781946498,117872.93472917599,53.12763330633492
Africa,nigeria,Gamawa,Small,52798.188920539,34045.654523549994,64.48261809659517
Africa,nigeria,Garko,Small,49040.75167673,18139.7316653,36.98909793405015
Africa,nigeria,Gashua,Small,118973.59036261,72203.894346877,60.68901016335859
Africa,nigeria,Gaya,Small,70496.44841169601,57212.69815670101,81.15685179284705
Africa,nigeria,Gboko,Small,295505.406295961,18095.709369223998,6.123647481122694
Africa,nigeria,Gbongan,Small,87083.849546864,28661.735413472998,32.91280250311941
Africa,nigeria,Geidam,Small,128907.96337749499,84851.806854401,65.82355707996128
Africa,nigeria,Giade,Small,61237.40507038699,41838.467744778005,68.3217515449722
Africa,nigeria,Gombe,Small,325491.140395743,171122.277198519,52.57355914218213
Africa,nigeria,Goronyo,Small,47610.398825022,20340.047453596995,42.721858996289555
Africa,nigeria,Gumel,Small,136095.074117848,73775.78403894801,54.20900390198089
Africa,nigeria,Gummi,Small,96207.295659484,42640.705258772,44.32169615253969
Africa,nigeria,Gusau,Small,386330.72462837695,248568.47012012103,64.34084950380958
Africa,nigeria,Gwadabawa,Small,48187.39236321,26140.637638349,54.247877621837844
Africa,nigeria,Gwagwalada,Small,264068.31581674295,91514.146158909,34.65548143322791
Africa,nigeria,Gwarzo,Small,96982.262943732,47147.708217107,48.61477427523171
Africa,nigeria,Gwolong,Small,48850.51655197001,4854.252151178,9.936951528473124
Africa,nigeria,Gwoza,Small,199886.70209476099,158521.48682463,79.30566924330923
Africa,nigeria,Hadejia,Small,243904.66718105,152980.80251963297,62.721556043893
Africa,nigeria,Ibadan,Large,3890740.9555475516,2180303.1094611096,56.03824912456222
Africa,nigeria,Ibi,Small,68942.005295067,0.0,0.0
Africa,nigeria,Idah,Small,136603.34890321599,7039.20719832,5.1530268143772275
Africa,nigeria,Idanre,Small,107157.765174792,21813.822714671,20.35673539765322
Africa,nigeria,Idiroko,Small,108830.666265992,3330.310504542,3.060084642321696
Africa,nigeria,Ido Ekiti,Small,116695.598640256,21402.424827593004,18.34038736419824
Africa,nigeria,Ife,Small,442281.4108841469,87019.984071286,19.675252436526296
Africa,nigeria,Igbara-Odo,Small,74009.137001571,24756.798832987,33.45100326255863
Africa,nigeria,Igbe,Small,330894.830230759,37948.475317749006,11.46844007544166
Africa,nigeria,Igbeti,Small,97334.56780166499,36099.396385522,37.08795056149054
Africa,nigeria,Igbo Ora,Small,134661.80554595098,56231.958093062996,41.75791187789683
Africa,nigeria,Igboho,Small,135058.266093146,56641.259768088996,41.938388079871444
Africa,nigeria,Ijagbo Offa,Small,181109.778578901,16323.014793702001,9.012773866647313
Africa,nigeria,Ijebu-Igbo,Small,242838.27240584604,118183.557956242,48.66759954490472
Africa,nigeria,Ijebu-Ode,Small,358952.126952052,67404.50916369799,18.77813337841058
Africa,nigeria,Ijero-Ekiti,Small,156119.46203645,41209.784314900004,26.3963145768966
Africa,nigeria,Ikerre,Small,366818.607221918,106884.385964612,29.13821269157948
Africa,nigeria,Ikire,Small,225329.11358245596,36055.307655268,16.001175827673983
Africa,nigeria,Ikole,Small,167985.29357583195,33185.613217929,19.7550705252352
Africa,nigeria,Ikolo,Small,105030.96473817498,6569.779652019999,6.255088362177179
Africa,nigeria,Ikom,Small,141872.673694086,7453.323804152002,5.253530232483873
Africa,nigeria,Ikorodu,Medium,806793.934308355,352353.29062863503,43.673269672100226
Africa,nigeria,Ila Orangun,Small,61549.446303056,3565.90059569,5.793554304505497
Africa,nigeria,Ilaro,Small,127472.48764809102,10341.010199326,8.112346742517552
Africa,nigeria,Ilawe-Ekiti,Small,131590.762473248,46718.19244419799,35.502638305402066
Africa,nigeria,Ile Oluji,Small,198013.28029059,79328.90897656299,40.06241847018827
Africa,nigeria,Ilero,Small,62339.74176255499,1230.75719274,1.9742738066317544
Africa,nigeria,Ilesa,Small,434708.68838617,70759.02129462501,16.277342317981645
Africa,nigeria,Ilishan,Small,89760.90919198001,30086.873923036997,33.518905048841916
Africa,nigeria,Ilorin,Large,1189709.760814703,417399.680006592,35.08416033510226
Africa,nigeria,Inisa,Small,81799.46354787902,14471.783722167,17.691783166397354
Africa,nigeria,Iragbiji,Small,263302.076653687,27946.813776587,10.613973931297387
Africa,nigeria,Irri,Small,161233.74848941402,43384.18505438299,26.90763283794238
Africa,nigeria,Isa,Small,85301.48026558702,38644.962890563,45.30397687149335
Africa,nigeria,Isanlu Mopo,Small,118834.766326805,19293.240547962,16.235350263494492
Africa,nigeria,Isarun,Small,74178.912918741,16809.03408397,22.660124586057755
Africa,nigeria,Ise,Small,139072.755662526,32644.483518975,23.47295368058293
Africa,nigeria,Iseyin,Small,352840.23713222897,151636.48347351298,42.97596121858582
Africa,nigeria,Ishara,Small,85698.32035528998,36814.000588041,42.95766875641986
Africa,nigeria,Iwere,Small,191088.06672658402,69751.07401644801,36.50205646606414
Africa,nigeria,Iwo,Small,252222.320147169,26053.754677616,10.32967846081739
Africa,nigeria,Jada,Small,42106.661989919,24958.150490321,59.27363821025846
Africa,nigeria,Jahun,Small,56274.64588597,29385.888598120997,52.21870015435722
Africa,nigeria,Jalingo,Small,221300.11177077697,65355.793012066,29.532652509349678
Africa,nigeria,Jaudiri,Small,110909.034705841,74030.43314539899,66.748785021659
Africa,nigeria,Jega,Small,222475.26505541702,104301.20305165599,46.88215700099303
Africa,nigeria,Jemma’are,Small,74754.49592378201,53768.546040553,71.9268391500816
Africa,nigeria,Jimeta,Small,393685.676223811,71985.42561162398,18.28499992737865
Africa,nigeria,Jos,Medium,847316.1965329449,108699.944949498,12.82873446704752
Africa,nigeria,Kabba,Small,118865.213725417,27595.44120545,23.215741881553743
Africa,nigeria,Kadafa,Small,57331.456343219994,42097.24566375,73.42783237832124
Africa,nigeria,Kaduna,Large,1654072.846497669,859042.993270196,51.93501574547531
Africa,nigeria,Kafanchan,Small,162987.550916509,13429.882625585999,8.23982110907692
Africa,nigeria,Kaiama,Small,44915.459333414,4590.408520743,10.220108151778497
Africa,nigeria,Kaltungo,Small,129070.219281228,24002.798515876,18.596697711946145
Africa,nigeria,Kamba,Small,66963.394371147,17153.049158277,25.615561038028652
Africa,nigeria,Kano,Very large,5029820.1733808145,3399271.530862471,67.58236703674511
Africa,nigeria,Katagum,Small,47108.448606893995,26077.939434169002,55.35724526142148
Africa,nigeria,Katsina,Medium,571112.0421565471,167993.017750217,29.415071886046583
Africa,nigeria,Katsina Ala,Small,65423.41479704499,8345.191128825,12.755664244541896
Africa,nigeria,Katsiro,Small,110739.727821012,79419.54572973298,71.71730262701959
Africa,nigeria,Kaura-Namoda,Small,179396.56643866003,111214.07183159699,61.99342275016381
Africa,nigeria,Kauran Yankwani,Small,48918.698802641,27510.728062696,56.23765295492847
Africa,nigeria,Keffi,Small,158684.947571321,43871.301866597,27.6467948208377
Africa,nigeria,Kishi,Small,154552.968138048,16692.819171962,10.800710832710658
Africa,nigeria,Koko,Small,114283.122447207,52807.399547058994,46.20752252499343
Africa,nigeria,Koko Town,Small,147329.73105593902,1845.713972304,1.2527776702471605
Africa,nigeria,Kontagora,Small,143347.14381546702,52767.741658252,36.81115664653962
Africa,nigeria,Kpeyi,Small,39949.900326344,7076.274990077,17.712872703741695
Africa,nigeria,Krakrama,Small,205758.882440691,31541.027312928003,15.329120638094226
Africa,nigeria,Kuje,Small,54635.843977724,15418.034037571,28.219631866320587
Africa,nigeria,Kura,Small,148425.39193007402,96265.93572555801,64.8581313976996
Africa,nigeria,Lafia,Small,233388.527632259,28851.577492704,12.36203757974097
Africa,nigeria,Lafiagi,Small,61032.282030710994,38420.176955836,62.95058234346088
Africa,nigeria,Lagos,Megacity,12850768.25630015,7865732.660311659,61.20826789056325
Africa,nigeria,Lakuwe,Small,70616.504651947,2457.564341562,3.48015574216649
Africa,nigeria,Langtang,Small,88795.997818389,3193.174399229,3.596079190145343
Africa,nigeria,Lawmu Umunze,Small,126314.888588579,5904.180310379,4.674176081973632
Africa,nigeria,Lokoja,Small,437045.087492456,175614.602599975,40.18226211111602
Africa,nigeria,Madalla,Small,107011.59139532899,47899.695377941,44.76122142786095
Africa,nigeria,Mafara,Small,96706.67396705599,37718.869002723004,39.003377383832145
Africa,nigeria,Magagindoke,Small,55644.542482298006,37263.191885515014,66.96648085006615
Africa,nigeria,Maiduguri,Large,1211048.3125289571,692924.1336168,57.216886101745146
Africa,nigeria,Maigatari,Small,84342.95592803601,35602.834794856,42.211983683893436
Africa,nigeria,Maji,Small,62394.247781082,35903.056570981,57.54225405032746
Africa,nigeria,Makurdi,Small,323957.028292894,25587.682336802998,7.898480385388898
Africa,nigeria,Malumfashi,Small,131496.11340930898,71563.96942559401,54.42287803810314
Africa,nigeria,Malummaduri,Small,56458.06475044,0.0,0.0
Africa,nigeria,Mara-Mawa,Small,36243.71131718,14212.291856147,39.21312509022823
Africa,nigeria,Mashi,Small,58188.781539138996,22772.175021273997,39.134992036148674
Africa,nigeria,Masuri,Small,97140.92205919101,74915.470003871,77.12040241724559
Africa,nigeria,Maturrumi,Small,46034.06143976801,21686.62293039,47.10994913791228
Africa,nigeria,Maya Belwa,Small,47782.651040804,24523.961578685998,51.32398693773553
Africa,nigeria,Meko,Small,86917.247780595,9656.948057234998,11.110508332721267
Africa,nigeria,Minna,Small,462730.02545186697,131333.873078138,28.382397046720133
Africa,nigeria,Misau,Small,118845.925545221,82411.98453497599,69.34355061555571
Africa,nigeria,Mongu Arna,Small,97575.57047583399,37697.696821064,38.63435964271444
Africa,nigeria,Monguno,Small,68141.323081925,65267.618265415,95.78272817941178
Africa,nigeria,Mubi,Small,224870.896340693,120904.47279134899,53.76617194969127
Africa,nigeria,Mutum Biyu,Small,74566.271177699,50893.029751332,68.25207824868798
Africa,nigeria,N/A,Small,122389.085296561,50513.562685132005,41.27293096662385
Africa,nigeria,Nassarawan Eggon,Small,98313.2952315,6691.454387734,6.806255829364195
Africa,nigeria,New Bussa,Small,57385.867837522,18295.054754388002,31.88076689227256
Africa,nigeria,Nguru,Small,181577.75182851698,104782.795644506,57.7068471160847
Africa,nigeria,Ningi,Small,106693.05818776002,66437.77165280002,62.2700040483251
Africa,nigeria,Nshebori,Small,76016.39212078099,9180.520680666,12.077027631197291
Africa,nigeria,Nsukka,Small,249754.225836243,27344.738139368004,10.94865884563539
Africa,nigeria,Numan,Small,94018.49007265898,39236.070597834,41.732291773152
Africa,nigeria,Obinomba,Small,106692.961771294,2989.315299209,2.8017924046544582
Africa,nigeria,Oboama Nguru,Medium,767720.115267281,5738.264525747,0.7474422529295367
Africa,nigeria,Obudu,Small,140066.642925567,29062.249935089,20.748873056472846
Africa,nigeria,Ogbomosho,Small,375264.61516625603,140013.109947393,37.31050152047031
Africa,nigeria,Ogharefe,Small,98343.84069826399,4662.936506748,4.7414626819941885
Africa,nigeria,Ogunrun-Ori,Small,247090.98771086402,13714.647630746,5.550444294955157
Africa,nigeria,Ogwashi Uku,Small,105942.527377742,13789.953921208,13.016447938833299
Africa,nigeria,Ojaima,Small,138812.96147279002,69047.99104200001,49.7417462385418
Africa,nigeria,Oka-Akoko,Small,121306.39416242999,12276.462313723,10.120210396563879
Africa,nigeria,Oke Atan,Small,70906.450960548,16816.968648215003,23.717120826667635
Africa,nigeria,Okene,Large,1001606.8300392579,143085.683661603,14.285613812756726
Africa,nigeria,Okitipupa,Small,202237.90417860803,32689.856850995002,16.164060334666388
Africa,nigeria,Okrika,Small,227770.605908719,69442.048088084,30.48771276303909
Africa,nigeria,Okuku Lepuole,Small,58610.341073510004,0.0,0.0
Africa,nigeria,Okwuzu,Small,69411.919780567,18968.159337735,27.326948163513332
Africa,nigeria,Omenama,Small,237311.03579186503,41157.36242800099,17.343214693183626
Africa,nigeria,Omo,Small,101351.16260456102,0.0,0.0
Africa,nigeria,Omoko,Small,183726.31013665203,70770.387695511,38.5194628046867
Africa,nigeria,Omu Aran,Small,103214.86249535398,17127.733551117,16.59425119312441
Africa,nigeria,Omuo-Obadore,Small,217807.347233424,48482.868470157,22.25951928894205
Africa,nigeria,Ondo,Small,462535.008396072,153864.585013728,33.265500388237136
Africa,nigeria,Onitsha,Large,4860059.9300833065,313521.03503186797,6.450970554729227
Africa,nigeria,Onitu,Small,140992.332031481,12137.694521519,8.60876215509995
Africa,nigeria,Onne,Small,132250.12678608,1095.46411245,0.8283274572749241
Africa,nigeria,Opaetensm,Small,98210.03788895499,3441.07258814,3.5037890852163023
Africa,nigeria,Ore,Small,198164.453391423,39595.792588979006,19.981279140294493
Africa,nigeria,Orogwe,Small,18820.065223125996,1928.42713395,10.24665489246211
Africa,nigeria,Oron,Small,416132.585615465,25955.148105889002,6.237230393169291
Africa,nigeria,Osina,Small,146541.715714468,0.0,0.0
Africa,nigeria,Osogbo,Small,467550.516705247,168368.94543612003,36.01085645730622
Africa,nigeria,Otukpo,Small,231910.58105731301,66447.843960399,28.652355428309445
Africa,nigeria,Otun,Small,152952.67945688797,31941.76389467099,20.883428788623647
Africa,nigeria,Ovwian,Small,211799.44098779498,13499.454231164,6.373696818180889
Africa,nigeria,Owerre,Small,83066.512974649,0.0,0.0
Africa,nigeria,Owerri,Small,434801.94517598,13311.305897352,3.061464201123672
Africa,nigeria,Owo,Small,293935.831743593,34095.67704737,11.599700807185851
Africa,nigeria,Owode,Small,83459.281475068,20897.693591094998,25.039388336140682
Africa,nigeria,Oyigbo,Small,109625.93637282,4414.0023529089995,4.026421574085985
Africa,nigeria,Oyo,Medium,671940.2583763311,219405.077347295,32.65246792586338
Africa,nigeria,Ozizza,Small,165753.295364155,88432.95538004,53.35215519290609
Africa,nigeria,Ozoro,Small,90674.76492786198,16701.499618001002,18.419126458489522
Africa,nigeria,Ozu,Small,136973.75226539202,0.0,0.0
Africa,nigeria,Pategi,Small,62476.982118133994,18485.904626640004,29.58834437887238
Africa,nigeria,Port Harcourt,Large,1749817.771469543,451465.90151068,25.800738160953014
Africa,nigeria,Potiskum,Small,371520.777722877,207962.93217484502,55.9761242559542
Africa,nigeria,Rano,Small,97432.39715885799,52017.794805458005,53.38860206902838
Africa,nigeria,Rijau,Small,49253.204756376,12415.215782058,25.206919719169758
Africa,nigeria,Ringim,Small,57635.55667715399,28480.682649816998,49.41512547428275
Africa,nigeria,Rubuchi,Small,114885.94726256901,41055.398525165,35.73578797355772
Africa,nigeria,Sagamu,Small,103475.603954706,11567.463810811,11.178928528771268
Africa,nigeria,Saki,Small,363391.23956609896,72037.96182301198,19.823802552044917
Africa,nigeria,Salka,Small,43480.717271937,26137.690045710002,60.11329086923687
Africa,nigeria,Samammiya,Small,42086.711694072,14698.044136583998,34.92324190928475
Africa,nigeria,Samaru,Small,41348.729029684,18211.628211575997,44.04398548381494
Africa,nigeria,Samunakar,Small,84648.83725446001,36153.847501457996,42.710388794564466
Africa,nigeria,Sangasumi,Small,142662.525716199,51120.893283008,35.83344191221153
Africa,nigeria,Sapele,Small,318232.81868935295,50981.75276911,16.0202687388055
Africa,nigeria,Share,Small,54760.202177064,14282.00689125,26.08099737300082
Africa,nigeria,Shema,Small,143454.824884103,64013.404418996004,44.622691827000146
Africa,nigeria,Shendam,Small,52359.19964114,11210.506657595999,21.410767800941723
Africa,nigeria,Shinkafi,Small,63647.59898878601,22900.546223984,35.98022013056427
Africa,nigeria,Soba,Small,46597.37612894301,0.0,0.0
Africa,nigeria,Sokoto,Medium,888501.72180547,511605.67355539603,57.58071830359467
Africa,nigeria,Takum,Small,57456.846371419,15117.772458948999,26.31152493337869
Africa,nigeria,Tamaha,Small,86409.164483819,22125.758317052998,25.60580055278312
Africa,nigeria,Tambawal,Small,47019.995749155,18770.176869135998,39.91956309241759
Africa,nigeria,Tudun Wada,Small,138446.004634607,72954.69505556498,52.69541381718478
Africa,nigeria,Tuga Nama,Small,112834.13661789,67040.78617327301,59.415340235468776
Africa,nigeria,Tukurwa,Small,48231.29509919,30701.733043317,63.65521178765239
Africa,nigeria,Uduagba,Small,138349.720157001,8242.665221261,5.957847411550324
Africa,nigeria,Ugbokolo,Small,83840.675632338,16376.33303721,19.532682571672314
Africa,nigeria,Ugep,Small,158509.441745746,42153.343097349,26.59358498338809
Africa,nigeria,Ughelli,Small,286637.346825586,5250.7328012630005,1.8318383348901088
Africa,nigeria,Umu Lawlaw,Small,110314.473069338,7557.740733177,6.851087190006876
Africa,nigeria,Umuahia,Small,360174.090121697,112819.69614569301,31.3236568759216
Africa,nigeria,Ungwan Maidawa,Small,54977.703736323994,26503.31661915,48.20739102939134
Africa,nigeria,Ungwan Sarki,Small,60865.352259134,16713.518174175,27.459823288325452
Africa,nigeria,Ungwan Shekaro,Small,84104.70161299099,33837.036675241994,40.23203938222576
Africa,nigeria,Ungwan Tamowa,Small,52754.724671601994,21720.836172516993,41.1732528370286
Africa,nigeria,Uromi,Small,184252.45120441,16098.741832583,8.737328446568684
Africa,nigeria,Uyo,Medium,719791.5531382819,49125.287582443,6.824932491671704
Africa,nigeria,Warri,Large,1269896.881351026,270098.47672337503,21.269323571849466
Africa,nigeria,Wudil,Small,145584.597790081,60303.400530048,41.42155244815095
Africa,nigeria,Wukari,Small,143355.075646503,23027.857559613003,16.063510451765957
Africa,nigeria,Wurno,Small,88377.213280723,50366.55671266699,56.990433215722405
Africa,nigeria,Yelwa,Small,83368.40218638901,27873.926394660004,33.43464149923553
Africa,nigeria,Yenagoa,Medium,522832.264189686,67727.678177743,12.953997451307075
Africa,nigeria,Yola,Small,246814.851594151,144361.32589629997,58.48972416525401
Africa,nigeria,Zaki Biam,Small,59399.468136162985,27169.768884285,45.74076121692372
Africa,nigeria,Zango,Small,73231.917167903,14592.099974212999,19.925874589295343
Africa,nigeria,Zaria,Medium,694390.283891064,410260.084751253,59.08206008475986
Africa,nigeria,Zinna,Small,104738.20129790601,43581.927224775995,41.61034530354047
Africa,nigeria,Zuru,Small,144901.92823354498,43548.06068097099,30.053472173802003
Africa,nigeria,kazaure,Small,144677.979762771,51057.551073332,35.29047831401243
Africa,niger,Agadez,Small,299696.584220476,233409.78613559203,77.88203083552025
Africa,niger,Aguié,Small,49267.317545383,26454.712460401002,53.69627123707724
Africa,niger,Baléyara,Small,42349.861431731,18015.440669276002,42.53955045004652
Africa,niger,Birni N'Konni,Small,173710.841381485,118640.464542709,68.2976742264253
Africa,niger,Diffa,Small,86921.741420934,45862.450833172996,52.76292223722936
Africa,niger,Dogondoutchi,Small,128057.05973896499,77440.86568606399,60.47371839078733
Africa,niger,Dosso,Small,219462.39795158297,111440.043918446,50.77865044700346
Africa,niger,Filingué,Small,57925.539175731996,25727.204006577005,44.414267648898225
Africa,niger,Gaya,Small,133387.276495581,73607.965657713,55.18364838954602
Africa,niger,Gazaoua,Small,51261.110586153,36823.728037114,71.83560327906956
Africa,niger,Guidan Roumdji,Small,53933.785403751,35396.364934001,65.62929834986004
Africa,niger,Madaoua,Small,150666.727886393,98785.416704449,65.56551541952648
Africa,niger,Magaria,Small,113966.16149233001,80363.42247239,70.51516118475088
Africa,niger,Maradi,Small,496673.235107481,285313.137996443,57.444838543534715
Africa,niger,Mayahi,Small,57393.89216878199,25535.815919442,44.49221851751602
Africa,niger,Niamey,Large,1122916.6479862991,714048.663965231,63.588750353440595
Africa,niger,Tahoua,Small,318807.472325442,223316.534900876,70.04745945004454
Africa,niger,Tanout,Small,77514.97164079499,52978.771974129006,68.34650242747048
Africa,niger,Tchadoua,Small,59010.044035315,40759.253637085,69.07172211681849
Africa,niger,Tessaoua,Small,157245.88701191198,70102.454484107,44.58142328313902
Africa,niger,Tibiri,Small,96877.727160107,58020.071587094004,59.89000081639604
Africa,niger,Zinder,Medium,675544.2042041079,433947.442210773,64.23672048552737
Asia,north_korea,Anju,Small,223072.184684672,0.0,0.0
Asia,north_korea,Chŏngjin,Medium,686384.854836109,0.0,0.0
Asia,north_korea,Haeju,Small,313951.46392446203,0.0,0.0
Asia,north_korea,Hamhung,Medium,754266.932200055,0.0,0.0
Asia,north_korea,Hamju,Small,108172.62161275701,0.0,0.0
Asia,north_korea,Hoeryong,Small,90966.867671886,0.0,0.0
Asia,north_korea,Hongwon,Small,109415.564061723,0.0,0.0
Asia,north_korea,Huichon,Small,142380.835667315,0.0,0.0
Asia,north_korea,Hyesan,Small,290823.284418448,0.0,0.0
Asia,north_korea,Jonchon,Small,87215.940166471,0.0,0.0
Asia,north_korea,Jongju,Small,202508.423782043,0.0,0.0
Asia,north_korea,Jongphyong,Small,106344.75580482499,0.0,0.0
Asia,north_korea,Kaechon,Small,203143.830551079,0.0,0.0
Asia,north_korea,Kaesong,Small,287220.669740334,5964.746407973,2.076712102010456
Asia,north_korea,Kangdong,Small,89144.55176520199,0.0,0.0
Asia,north_korea,Kanggye,Small,316995.595666338,0.0,0.0
Asia,north_korea,Kangson,Small,287518.06775283796,0.0,0.0
Asia,north_korea,Kimch'aek,Small,195879.12297611698,0.0,0.0
Asia,north_korea,Kumya,Small,95981.00268899498,4446.96819719,4.633175391592238
Asia,north_korea,Kusong,Small,118709.692012455,0.0,0.0
Asia,north_korea,Kwaksan,Small,91764.38834128901,0.0,0.0
Asia,north_korea,Kyonghung,Small,82062.26105286399,0.0,0.0
Asia,north_korea,Munchon,Small,117673.455030635,0.0,0.0
Asia,north_korea,Musan,Small,108749.421254528,0.0,0.0
Asia,north_korea,N/A,Small,173986.89643050797,0.0,0.0
Asia,north_korea,Nampo,Small,146147.391539317,0.0,0.0
Asia,north_korea,Omong-ri,Small,120145.57957243298,0.0,0.0
Asia,north_korea,Onchon,Small,71917.69514298899,0.0,0.0
Asia,north_korea,Ongjin,Small,65297.77396236201,0.0,0.0
Asia,north_korea,P'yŏnghwa-ri,Small,45931.300525663,0.0,0.0
Asia,north_korea,P'yŏngsŏng,Small,327400.302803159,0.0,0.0
Asia,north_korea,Paechon,Small,108376.07715984399,0.0,0.0
Asia,north_korea,Phyongsan,Small,97815.94038354499,0.0,0.0
Asia,north_korea,Pyongyang,Large,2879799.7208916927,12088.68046109,0.419775041069415
Asia,north_korea,Rason,Small,127291.05382344901,0.0,0.0
Asia,north_korea,Ryongchon,Small,120752.52183090203,0.0,0.0
Asia,north_korea,Sariwŏn,Small,401416.20660357806,0.0,0.0
Asia,north_korea,Sillyeonpo,Small,127724.080048059,0.0,0.0
Asia,north_korea,Sinpho,Small,109627.49428023901,0.0,0.0
Asia,north_korea,Sinpyong,Small,127693.913100011,0.0,0.0
Asia,north_korea,Sonchon,Small,136206.591120684,0.0,0.0
Asia,north_korea,Songnim,Small,275442.16766726796,0.0,0.0
Asia,north_korea,Sukchon,Small,121499.16045050602,0.0,0.0
Asia,north_korea,Taean,Small,81550.273879626,0.0,0.0
Asia,north_korea,Tanchon,Small,78282.63725968101,0.0,0.0
Asia,north_korea,Tokchon,Small,179587.72220816402,0.0,0.0
Asia,north_korea,Tongrim,Small,113007.907388792,0.0,0.0
Asia,north_korea,Tǒktaedonggok,Small,100542.62907362201,0.0,0.0
Asia,north_korea,Wonsan,Small,364882.029929785,0.0,0.0
Asia,north_korea,Yonan,Small,79674.163218011,0.0,0.0
Asia,pakistan,Abbottabad,Medium,716690.022898732,7964.359700483999,1.1112697883348879
Asia,pakistan,Ahmadpur East,Small,191487.379740555,52252.969855439,27.28794447249537
Asia,pakistan,Ali Pur Chatha,Small,90399.593599165,28359.767020664996,31.371564728944694
Asia,pakistan,Alipur,Small,115234.88965324599,13732.449736295,11.91692010780537
Asia,pakistan,Allahabad,Small,121441.450408524,22732.69970407,18.719061430506752
Asia,pakistan,Arifwala,Small,192236.415697511,18255.764230803,9.49651717369144
Asia,pakistan,Attock,Small,198624.21834800503,0.0,0.0
Asia,pakistan,Bagh,Small,45590.49544757,3636.32782831,7.976065608876419
Asia,pakistan,Bahawalnagar,Small,193641.288087239,7667.600281299001,3.9596928718242177
Asia,pakistan,Bahawalpur,Medium,716263.339782194,65596.76994883899,9.158191729983848
Asia,pakistan,Bakhshali,Small,51913.19432910499,4025.170347046,7.753655692093098
Asia,pakistan,Bani Gala,Small,130597.24236021201,0.0,0.0
Asia,pakistan,Bannu,Small,497784.616229274,55128.582721068,11.074786348093246
Asia,pakistan,Bathkela,Small,118881.593882441,17145.043026494,14.421949156778888
Asia,pakistan,Bhai Pheru,Small,109407.341606127,29970.451815379,27.393455846203107
Asia,pakistan,Bhalwal,Small,155165.104905597,13306.402827513,8.575641305181769
Asia,pakistan,Bindi,Small,152242.70824635,42241.72261323201,27.74630266355942
Asia,pakistan,Burewala,Small,306946.7442829041,18115.923626442,5.901976145329324
Asia,pakistan,Chakdara,Small,162421.132068517,3363.65274888,2.0709452680461866
Asia,pakistan,Chakwal,Small,233256.65123517398,19332.065554907997,8.287894665613212
Asia,pakistan,Char Bagh,Small,103806.69836503301,3585.83271212,3.4543365395463517
Asia,pakistan,Charsadda,Small,358329.005731517,119529.302554168,33.357417524755725
Asia,pakistan,Chenab Nagar,Small,177026.930044946,0.0,0.0
Asia,pakistan,Chichawatni,Small,178621.466416502,22026.083650394,12.33115150842761
Asia,pakistan,Chiniot,Small,306349.74809323496,77424.83716202398,25.27334774842393
Asia,pakistan,Chunian,Small,145181.74585382198,53811.628727551004,37.06501007484226
Asia,pakistan,Dadu,Small,253502.77714591203,89635.83071460898,35.358914692684436
Asia,pakistan,Depalpur,Small,188058.401205568,87541.080012038,46.54994376791825
Asia,pakistan,Dera Ghazi Khan,Small,457179.09312769095,123441.150086885,27.000611345192826
Asia,pakistan,Dera Ismail Khan,Small,318988.303316475,4061.76122581,1.2733260698215134
Asia,pakistan,Dhudial,Small,123662.73001718799,2277.83614301,1.8419746537161208
Asia,pakistan,Dijkot,Small,60654.04274669999,562.389604139,0.9272087707123166
Asia,pakistan,Dina,Small,113998.81370881,1855.30843313,1.6274804734977861
Asia,pakistan,Dinga,Small,96851.59707979599,33335.487794948,34.419141036448686
Asia,pakistan,Faisalabad,Very large,5763198.19396203,1565506.155812628,27.163843809029036
Asia,pakistan,Farooqabad,Small,176880.811093034,42462.166064032994,24.00608963834928
Asia,pakistan,Fateh Jang,Small,77314.88507777402,7684.26787565,9.938924267843248
Asia,pakistan,Gambat,Small,59244.742327260006,13552.953862125,22.876213702239266
Asia,pakistan,Ghakhar Mandi,Small,118429.28579854,45697.35404233,38.58619406019702
Asia,pakistan,Ghaseet pura69 RB,Medium,546994.3488010031,87602.83752588398,16.0153094301444
Asia,pakistan,Ghāzi,Small,51468.015074610004,635.815429345,1.2353603076071569
Asia,pakistan,Gilgit,Small,61711.823249117006,0.0,0.0
Asia,pakistan,Gojra,Small,318080.626189757,60847.75841314999,19.12966506072272
Asia,pakistan,Gujranwala,Large,3483438.2392417574,1056236.9655005839,30.32167912730084
Asia,pakistan,Gujrat,Medium,824023.263461011,229044.862928611,27.795921921741755
Asia,pakistan,Gwadar,Small,91830.81248494101,23473.801440425003,25.5620099672693
Asia,pakistan,Hafizabad,Small,410581.687882406,139069.63029856703,33.87136699053118
Asia,pakistan,Haripur,Small,464949.019010438,7464.3145654479995,1.6054049498447114
Asia,pakistan,Hasilpur,Small,205558.46271892003,35391.474410963005,17.217230535216245
Asia,pakistan,Haveli Lakha,Small,147852.644980335,51221.259987948004,34.64345192793855
Asia,pakistan,Havelian,Small,85261.57272958601,9894.839720206,11.605274689910173
Asia,pakistan,Hub,Small,95989.34200317798,0.0,0.0
Asia,pakistan,Hyderabad,Large,2680250.46040753,1066515.0294461232,39.79161817899512
Asia,pakistan,Jacobabad,Small,306008.36890670797,108006.719522769,35.29534826405246
Asia,pakistan,Jahanian,Small,80557.57597285001,0.0,0.0
Asia,pakistan,Jalalpur Jattan,Small,130167.47089173099,20762.24297391,15.950408217717735
Asia,pakistan,Jampur,Small,137875.534035869,31872.819627945002,23.11709604668014
Asia,pakistan,Jand,Small,63541.513323509,0.0,0.0
Asia,pakistan,Jaranwala,Small,291336.866310706,124258.558183814,42.65116178303857
Asia,pakistan,Jehangira Dobandi,Small,351890.264292593,27721.501900093,7.87788259951485
Asia,pakistan,Jhang,Small,452048.97444522404,43123.857851418004,9.539642890317724
Asia,pakistan,Jhelum,Small,435312.072602837,61188.801556745006,14.05630705137173
Asia,pakistan,Kabirwala,Small,98161.34400174899,21123.252786240006,21.518911544104004
Asia,pakistan,Kahror Pakka,Small,111140.39820534298,25449.076261860002,22.89813305764866
Asia,pakistan,Kahuta,Small,93812.066135396,8991.06302019,9.58412216101656
Asia,pakistan,Kamalia,Small,153710.33805788102,70302.42048630898,45.73695001557798
Asia,pakistan,Kamra,Small,321361.1948389,4003.49100378,1.2457916724472506
Asia,pakistan,Kandhkot,Small,155537.350411292,66946.114105232,43.04182495600216
Asia,pakistan,Kandiaro,Small,68515.74296115701,23233.059292104997,33.90908174968824
Asia,pakistan,Karachi,Megacity,20668765.915673513,5338277.718939268,25.827752565000274
Asia,pakistan,Kasur,Medium,573049.8872684289,153838.677055899,26.84559939261233
Asia,pakistan,Khairpur,Small,228715.245872261,39214.52547632,17.145566893350683
Asia,pakistan,Khanewal,Small,246183.59587639302,0.0,0.0
Asia,pakistan,Khanke Mod,Small,79449.76676611601,17996.25290358,22.651108538250735
Asia,pakistan,Khanpur,Small,251285.88554310898,57630.018870044005,22.934045318736125
Asia,pakistan,Kharian,Small,222071.36312799397,12958.229561581,5.835164597117522
Asia,pakistan,Khushab,Small,119859.97453572,48001.293622886005,40.04780896109813
Asia,pakistan,Khwazakhela,Small,99254.10377185601,2242.316691403,2.259167738350804
Asia,pakistan,Kohat,Small,364173.60002338205,24635.474525242003,6.764761235756865
Asia,pakistan,Kot Addu,Small,111300.99790281299,20723.858353281,18.61965188432262
Asia,pakistan,Kot Najib Ullah,Small,43072.663430478,0.0,0.0
Asia,pakistan,Kotli,Small,153093.241191939,4322.554447031,2.8234783020967225
Asia,pakistan,Lahore,Megacity,14471871.128385406,4058282.0158701595,28.04255220259782
Asia,pakistan,Lala Musa,Small,214986.891373583,15448.919990854001,7.185982313688323
Asia,pakistan,Larkana,Medium,632279.0188478089,291754.955740507,46.14338718247634
Asia,pakistan,Layyah,Small,150760.658325867,0.0,0.0
Asia,pakistan,Lodhran,Small,152057.382450773,24456.183460267002,16.0835225926531
Asia,pakistan,Mailsi,Small,136357.35084447102,34955.7511388,25.635399134932207
Asia,pakistan,Manawala,Small,79054.881200817,17640.42428625,22.314149383691305
Asia,pakistan,Mandi Bahauddin,Small,299358.96659369,46618.09925316,15.572641696225922
Asia,pakistan,Manga,Small,152249.10244293403,7727.9320447499995,5.075847358539654
Asia,pakistan,Mangowal,Small,87167.835569311,11362.6186238,13.035334133959397
Asia,pakistan,Mansehra,Small,373719.839482164,7494.23903769,2.0053093911402224
Asia,pakistan,Mardan,Large,1211613.0583557189,231581.604817865,19.1134952880208
Asia,pakistan,Mehar,Small,143878.439829106,66672.599881974,46.33953493043536
Asia,pakistan,Mian Channu,Small,173125.868649339,9259.128168463001,5.34820604263195
Asia,pakistan,Mirpur,Small,90771.436401591,0.0,0.0
Asia,pakistan,Mithankot,Small,40329.782255569,5052.73592177,12.528547488183586
Asia,pakistan,Mohla khurd,Small,18258.06935634,0.0,0.0
Asia,pakistan,Moro,Small,179328.24289515903,85740.86352668799,47.81224760943808
Asia,pakistan,Multan,Large,3051906.135653145,637279.4786024981,20.88135906794894
Asia,pakistan,Munda,Small,24443.450327657,0.0,0.0
Asia,pakistan,Muridke,Small,339443.839698259,64946.29852156801,19.133149854568153
Asia,pakistan,Muzaffarabad,Small,229765.510539798,26773.92762165,11.65271826861606
Asia,pakistan,Muzaffargarh,Small,322561.644795948,92539.78995597603,28.689024702399617
Asia,pakistan,N/A,Small,276864.97276591096,39119.22082745901,14.129349927025356
Asia,pakistan,Nankana Sahib,Small,157613.62825677698,70890.966133579,44.9776881083447
Asia,pakistan,Narowal,Small,305473.12475807505,115635.969765218,37.854711394594204
Asia,pakistan,Nowshera,Small,441594.69558119297,36630.49463138801,8.295048604054848
Asia,pakistan,Nowshera Virkan,Small,75052.12294442,32898.050126849994,43.83360368262029
Asia,pakistan,Okara,Medium,700025.145085229,228355.47657363,32.62103914079078
Asia,pakistan,Pabbi,Small,105864.10517134001,9096.654746051001,8.592765915631324
Asia,pakistan,Pakpattan,Small,328777.007037511,112952.23315153502,34.355271425245384
Asia,pakistan,Panjgur,Small,212444.04394004602,0.0,0.0
Asia,pakistan,Pano Aqil,Small,97841.20574528699,33739.115252224,34.483544019334836
Asia,pakistan,Pasrur,Small,169541.693822764,84000.50778482998,49.54563440462184
Asia,pakistan,Pattoki,Small,237224.367920702,49598.971983874006,20.908042634327376
Asia,pakistan,Peshawar,Large,3108714.320249345,293248.07402173197,9.433098181830069
Asia,pakistan,Pindi Gheb,Small,84175.170921844,9709.539840801,11.534921443540917
Asia,pakistan,Pir Mahal,Small,95835.952972622,0.0,0.0
Asia,pakistan,Pir Murad,Small,230598.069232977,7611.461551092,3.3007481703595776
Asia,pakistan,Qila Didar Singh,Small,70366.66696713801,19240.574213121,27.343307623347506
Asia,pakistan,Quetta,Medium,793464.260191702,35216.559562883,4.438329655122038
Asia,pakistan,Rahimyar Khan,Medium,644168.28838906,111595.71136501498,17.32399954739999
Asia,pakistan,Raiwind,Small,159192.266492038,57941.58546856401,36.39723633902904
Asia,pakistan,Rajanpur,Small,90721.38405156301,11919.942476189999,13.139065944380986
Asia,pakistan,Rawalpindi [Islamabad],Large,4511505.5169917075,464641.383778603,10.299031709672562
Asia,pakistan,Renala Khurd,Small,122060.44954214898,31062.619616776,25.448554165819036
Asia,pakistan,Risalpur,Small,71746.59213188401,2624.22255406,3.6576267611933053
Asia,pakistan,Sadiqabad,Small,419832.308267957,87750.16881278399,20.901242492461453
Asia,pakistan,Sahiwal,Medium,651122.3442219221,75727.519277754,11.630305725147068
Asia,pakistan,Samundri,Small,194998.44600301998,28994.120175545995,14.868898070652808
Asia,pakistan,Sangla Hill,Small,145259.77883174,47616.520656543,32.78025138100964
Asia,pakistan,Sarai Alamgir,Small,132047.696757234,14509.60215975,10.988152399526891
Asia,pakistan,Sargodha,Large,1093250.433060484,156329.263452411,14.299492479026723
Asia,pakistan,Shabqadar,Small,273539.978730758,4715.87407423,1.7240163928183148
Asia,pakistan,Shakar Garh,Small,212382.265299147,105288.56807798,49.575028277280026
Asia,pakistan,Shikarpur,Small,280587.11894210795,169431.70701717102,60.38470606062602
Asia,pakistan,Shujaabad,Small,148101.62264355697,25456.094239259,17.188261536151675
Asia,pakistan,Sialkot,Large,2472779.8920317637,871752.923436366,35.253963615827075
Asia,pakistan,Sibi,Small,77592.95749042899,1937.763586154,2.497344667385595
Asia,pakistan,Sohawa,Small,40111.131017289,6113.0298077,15.24023295445126
Asia,pakistan,Sowari,Small,86274.58384621001,0.0,0.0
Asia,pakistan,Sukkur,Medium,714622.234710948,320673.77703286003,44.87318774269134
Asia,pakistan,Swabi,Small,355765.79636548704,17533.701389758,4.928439318473773
Asia,pakistan,Swat City,Medium,950217.776129578,149247.746929309,15.706688580087835
Asia,pakistan,Takht-e-Bhai,Small,205077.22926851202,15953.451315510001,7.779240714541645
Asia,pakistan,Talagang,Small,119142.257216911,8813.17163806,7.397183706209874
Asia,pakistan,Tando Muhammad Khan,Small,122441.76444265997,35582.082076447,29.06041271000325
Asia,pakistan,Tangi,Small,113815.317270172,34423.415160591,30.24497579607633
Asia,pakistan,Tarakai,Small,168766.18513636198,0.0,0.0
Asia,pakistan,Thatta,Small,120829.82819639001,41467.801388912994,34.31917599147254
Asia,pakistan,Thul,Small,110319.85126404901,42632.017860895,38.64401317842232
Asia,pakistan,Toba Tek Singh,Small,175014.310855214,14955.207790394,8.545134233489145
Asia,pakistan,Topi,Small,133055.31226608698,4092.061633267,3.0754590429907855
Asia,pakistan,Tordher,Small,51675.602309949994,5937.85260268,11.490630659832062
Asia,pakistan,Usta Muhammad,Small,71492.050687862,7963.251336372,11.138652842873354
Asia,pakistan,Wah Cantonment,Medium,581601.540997847,10883.420449027,1.8712846651600068
Asia,pakistan,Wan Bhachran,Small,33902.951495575,0.0,0.0
Asia,pakistan,Wazirabad,Small,302020.499031623,116309.58996489999,38.510495260363705
Asia,pakistan,Zafarwal,Small,82572.292304342,24322.39487941,29.455879448960175
Asia,palestina,Gaza,Large,2000909.1571982594,24707.750885054,1.2348262186800438
Asia,palestina,Hebron,Small,404155.55969860696,0.0,0.0
Asia,palestina,Jenin,Small,70883.860890358,0.0,0.0
Asia,palestina,Jerusalem,Large,2078182.40466398,0.0,0.0
Asia,palestina,Nablus,Small,210893.40265815496,0.0,0.0
Asia,palestina,Qabatiya,Small,28506.086901805,0.0,0.0
Asia,palestina,Tulkarm,Small,173821.31399789802,0.0,0.0
Latin America and the Caribbean,panama,Colón,Small,183473.08425698694,2766.271705331,1.5077261694997945
Latin America and the Caribbean,panama,David,Small,126994.93339739699,0.0,0.0
Latin America and the Caribbean,panama,La Chorrera,Small,161580.44706965497,0.0,0.0
Latin America and the Caribbean,panama,Nuevo Arraiján,Small,256009.99337704998,1300.9569457369998,0.5081664698225112
Latin America and the Caribbean,panama,Panama City,Large,1419076.447825325,226497.19317950303,15.960887345188517
Latin America and the Caribbean,panama,Sector 3,Small,167482.924606618,2014.810855982,1.202994789298291
Oceania,papua_new_guinea,Lae,Small,77804.012940566,0.0,0.0
Oceania,papua_new_guinea,Madang,Small,86367.07010834699,0.0,0.0
Oceania,papua_new_guinea,Port Moresby,Small,383710.099354842,0.0,0.0
Latin America and the Caribbean,paraguay,Asuncion,Large,1264104.104896568,302583.67205185804,23.936610195298442
Latin America and the Caribbean,paraguay,Caaguazú,Small,95917.99739706899,6183.915382004,6.447085583328666
Latin America and the Caribbean,paraguay,Ciudad del Este,Medium,590426.90229413,61522.34328223499,10.419976299045182
Latin America and the Caribbean,paraguay,Coronel Oviedo,Small,90886.62695946402,6791.912239964,7.472950055670164
Latin America and the Caribbean,paraguay,Encarnacion,Small,114539.41622593699,14752.229282977001,12.879609281295096
Latin America and the Caribbean,paraguay,Itauguá,Small,37474.000702419005,1190.5342308670001,3.176960582140752
Latin America and the Caribbean,paraguay,Villarrica,Small,66162.782573752,9763.879483376999,14.757359203405858
Latin America and the Caribbean,peru,Abancay,Small,46748.683673029,19339.054726049,41.36812677189111
Latin America and the Caribbean,peru,Andahuaylas,Small,41052.115508964,20040.282454918,48.81668631800978
Latin America and the Caribbean,peru,Arequipa,Medium,937274.545758358,200618.900597935,21.404496847357812
Latin America and the Caribbean,peru,Ayacucho,Small,199662.69937754702,59059.41696085,29.579594558707793
Latin America and the Caribbean,peru,Barranca,Small,56011.291593411996,2324.069084145,4.149286720641085
Latin America and the Caribbean,peru,Cajamarca,Small,257784.77088729097,90392.28046025998,35.06501960885091
Latin America and the Caribbean,peru,Chiclayo,Medium,629401.221599491,36519.005557066004,5.802182185833804
Latin America and the Caribbean,peru,Chimbote,Small,315874.853818984,19141.836139283998,6.059943014727429
Latin America and the Caribbean,peru,Chincha Alta,Small,176145.262684162,44561.855222622995,25.298355768173465
Latin America and the Caribbean,peru,Chulucanas,Small,36315.434265104,1601.138590097,4.408975474198186
Latin America and the Caribbean,peru,Cusco,Small,487878.967510219,211243.652068703,43.29837237024945
Latin America and the Caribbean,peru,Cutervo,Small,16203.05802136,3868.2241115809998,23.87342010675785
Latin America and the Caribbean,peru,Huacho,Small,136589.959559036,6770.840253576,4.957055610408577
Latin America and the Caribbean,peru,Huancayo,Small,262634.15485054697,55747.232010429005,21.226192778373473
Latin America and the Caribbean,peru,Huaral,Small,65318.01882318299,5244.175924056,8.028681853091832
Latin America and the Caribbean,peru,Huaraz,Small,112825.232264673,45841.54283290201,40.63057696647488
Latin America and the Caribbean,peru,Huánuco,Small,168355.291813688,49635.766543253,29.482748067214242
Latin America and the Caribbean,peru,Ilave,Small,20828.813462285,14451.688172953998,69.38315617028236
Latin America and the Caribbean,peru,Jaén,Small,68305.287337001,487.962236738,0.7143842823331051
Latin America and the Caribbean,peru,Juliaca,Small,308220.066891917,72425.47016947602,23.49797367180292
Latin America and the Caribbean,peru,Lambayeque,Small,61065.133165087995,1275.339416321,2.088490354836619
Latin America and the Caribbean,peru,Lima,Megacity,10159422.32586553,1515953.652358529,14.921652075620132
Latin America and the Caribbean,peru,Moyobamba,Small,84061.93800184,0.0,0.0
Latin America and the Caribbean,peru,Paita,Small,80475.655898849,1269.1322599700002,1.5770387277926516
Latin America and the Caribbean,peru,Pampa Limay,Small,24635.038218164,4195.830716977,17.03196349776033
Latin America and the Caribbean,peru,Pichanaki,Small,99562.929185535,33164.382301135,33.30997046032399
Latin America and the Caribbean,peru,Piura,Small,420470.694997742,3070.128552826,0.7301646914638099
Latin America and the Caribbean,peru,Pucallpa,Small,243277.241106091,30800.765573693003,12.66076737538349
Latin America and the Caribbean,peru,Puerto Maldonado,Small,88898.75454470402,3689.624852146,4.150367315090583
Latin America and the Caribbean,peru,Puno,Small,113147.63659270301,41895.275825029996,37.02708875470392
Latin America and the Caribbean,peru,Sullana,Small,197908.214423371,22947.979751604,11.595263904768002
Latin America and the Caribbean,peru,Tacna,Small,323929.58291172795,17879.328265753,5.519510785350279
Latin America and the Caribbean,peru,Talara,Small,67928.235781553,514.705993119,0.7577202428371865
Latin America and the Caribbean,peru,Tarapoto,Small,168518.056307305,16532.971844624,9.810801410191273
Latin America and the Caribbean,peru,Tingo María,Small,54520.548282138996,1851.63994173,3.3962239927374314
Latin America and the Caribbean,peru,Trujillo,Medium,967818.249660633,209794.347787943,21.677039863787204
Latin America and the Caribbean,peru,Tumbes,Small,103858.374858908,2058.843546124,1.9823567901201484
Latin America and the Caribbean,peru,Yurimaguas,Small,62970.157182161005,28990.663276471005,46.03873417785251
Asia,philippines,Angeles [San Fernando],Large,1418673.8357973571,131293.60796752202,9.254671838909982
Asia,philippines,Apalit,Small,80399.321988886,21349.451065174,26.55426754484974
Asia,philippines,Arayat,Small,70123.90179288699,1944.72945303,2.773276163060373
Asia,philippines,Bacolod,Medium,650193.823274142,11752.800862587,1.8075842067222552
Asia,philippines,Baguio,Medium,551270.0278472019,29685.922346407002,5.38500568629412
Asia,philippines,Balanga,Small,124660.75168807,4217.744994104,3.3833784386747263
Asia,philippines,Bamban,Small,70396.790604498,13084.344055239,18.586563311883392
Asia,philippines,Batangas City,Small,380940.860458104,25762.907724772,6.762967798673677
Asia,philippines,Bayambang,Small,62112.496864796,0.0,0.0
Asia,philippines,Bayombong,Small,79494.21943808401,0.0,0.0
Asia,philippines,Binangonan,Small,282234.22432833497,96891.255751004,34.33008735265442
Asia,philippines,Butuan,Small,215504.703511118,4611.960016995001,2.1400739482036726
Asia,philippines,Cabanatuan,Small,240676.77051460702,23473.722636886,9.753214897597001
Asia,philippines,Cadiz,Small,59057.822382416,2884.163060604,4.883625816624652
Asia,philippines,Cagayan de Oro,Medium,936361.736791319,167102.752875327,17.84596126791201
Asia,philippines,Calbayog,Small,76758.265226598,8640.670101684,11.256989818849977
Asia,philippines,Calumpit,Small,104103.16739801,5678.30845401,5.454501141449943
Asia,philippines,Candelaria,Small,67969.471922813,4402.554621927,6.477252945155433
Asia,philippines,Catbalogan,Small,72448.370022129,13966.67510217,19.278108117413748
Asia,philippines,Cawit,Small,56274.44391903901,4810.93735153,8.549062445559489
Asia,philippines,Cebu City,Large,3113671.4430378554,576297.495963468,18.50861616282812
Asia,philippines,Cotabato,Small,205188.546620208,39729.345343753,19.36236013079701
Asia,philippines,Daet,Small,78933.705551267,1988.16228267,2.518774798148428
Asia,philippines,Dagupan,Medium,645896.553251745,428.715361525,0.0663752359981868
Asia,philippines,Davao City,Large,1068197.033193121,190635.40035233702,17.846464128670892
Asia,philippines,Digos,Small,87322.43142630899,509.011061698,0.5829098587658454
Asia,philippines,Dinalaoan,Small,65750.758925899,0.0,0.0
Asia,philippines,Dinalupihan,Small,66210.625569057,6403.795997504,9.671855449885317
Asia,philippines,Dipolog,Small,122698.079204821,14188.170147843,11.563481873386593
Asia,philippines,Dumaguete,Small,190270.707813998,11061.404662973,5.813508968383217
Asia,philippines,Gapan,Small,121494.744636335,1569.71716332,1.2920041669444773
Asia,philippines,General Santos,Small,445851.178117288,46552.844155809,10.441341514984751
Asia,philippines,Hagonoy,Small,134452.799977965,7032.755283694999,5.230649926849848
Asia,philippines,Iligan,Small,325196.16927935206,46270.522146432,14.228495449060595
Asia,philippines,Iloilo City,Medium,544067.4903006309,60952.169687172005,11.203053072237815
Asia,philippines,Iriga,Small,64128.64892275099,2122.084958145,3.309105982727395
Asia,philippines,Jolo,Small,59866.524024045,8965.58538721,14.975957821785396
Asia,philippines,Kalibo,Small,76563.656337189,2255.383955321,2.945763124723578
Asia,philippines,Koronadal,Small,114251.028935173,577.594048238,0.5055482244853408
Asia,philippines,Laoag,Small,82046.153919198,859.106884316,1.0471019582003556
Asia,philippines,Legazpi,Small,252735.34091367698,12661.051115551001,5.009608497877409
Asia,philippines,Lemery,Small,91355.113916052,711.044915709,0.7783307197913332
Asia,philippines,Lingayen,Small,131619.392055783,11300.220249319,8.585528372999727
Asia,philippines,Lipa,Small,314617.39336524,15763.283472355,5.010302610337685
Asia,philippines,Lubao,Small,159815.86422627702,1432.551311311,0.8963761628086601
Asia,philippines,Lucena,Small,273166.456448687,8218.109028409,3.008461996120938
Asia,philippines,Macabebe,Small,69848.659571617,5613.074279376,8.036051534562121
Asia,philippines,Marawi,Small,128521.25230283603,743.965673858,0.5788658766761667
Asia,philippines,Masbate City,Small,77408.456651672,19157.851317802,24.749041831449816
Asia,philippines,Naga,Small,361446.55322394095,32986.368093221,9.126209061615723
Asia,philippines,Nasugbu,Small,63060.815015178,0.0,0.0
Asia,philippines,Olongapo,Small,180716.153509089,17776.325723479003,9.836600313975229
Asia,philippines,Orani,Small,92642.39862414401,5155.650080220001,5.565108586120265
Asia,philippines,Ormoc,Small,86412.94814199701,0.0,0.0
Asia,philippines,Ozamiz,Small,138219.47372492298,4813.945221025,3.48282705127749
Asia,philippines,Pagadian,Small,159178.27720518602,32696.53822928,20.54082931625971
Asia,philippines,Polomolok,Small,52050.625399610006,2769.9098230580003,5.321568764625745
Asia,philippines,Puerto Princesa,Small,184075.476466707,2181.982091159,1.1853735940505068
Asia,philippines,Quezon City [Manila],Megacity,24848550.025186233,8017939.093456386,32.26723122809776
Asia,philippines,Roxas City,Small,115816.23735399397,1065.273201708,0.9197960718167499
Asia,philippines,San Carlos,Small,71628.014587132,1047.6350066,1.4626051170601733
Asia,philippines,San Fernando,Small,147823.557908374,2480.383466276,1.6779351690435058
Asia,philippines,San Jose,Small,162505.011483664,814.026684031,0.5009240494179041
Asia,philippines,San Pablo,Small,210802.427419463,6201.454730679,2.941832694525429
Asia,philippines,Santa Cruz,Small,221727.099724751,1158.499010577,0.5224886863243803
Asia,philippines,Santiago,Small,103095.075867009,5305.046594361,5.145780775412033
Asia,philippines,Sorsogon City,Small,95567.33598784001,3812.674656995,3.9895165200378973
Asia,philippines,Subic,Small,117615.13290587199,5014.877264002,4.26380274383181
Asia,philippines,Surigao City,Small,100819.007993659,23434.605627479,23.244233497073203
Asia,philippines,Tabaco,Small,107527.937416057,11095.24046685,10.318472327725653
Asia,philippines,Tacloban,Small,264686.70952106,40288.568439696006,15.221228339192608
Asia,philippines,Tagbilaran,Small,115022.243250159,0.0,0.0
Asia,philippines,Tagum,Small,328488.908268412,3034.0868765019995,0.9236497184930254
Asia,philippines,Tanay,Small,71453.294922453,816.301685524,1.142426932739656
Asia,philippines,Tarlac City,Small,190717.53989929496,16787.098565921,8.80207377611159
Asia,philippines,Trece Martires,Small,139760.075576897,9739.748778518,6.968906347763901
Asia,philippines,Tuguegarao,Small,145906.81871387098,13541.167442997,9.280695420788911
Asia,philippines,Urdaneta,Small,94722.66395484,0.0,0.0
Asia,philippines,Valencia,Small,106305.986289603,29905.266974869002,28.131310398080387
Asia,philippines,Vigan,Small,100007.103489896,0.0,0.0
Asia,philippines,Zamboanga City,Small,494885.62516845,62146.98107089,12.557847290419136
Africa,republic_of_congo,Brazzaville,Large,3188327.828025344,2458837.77201559,77.1199796458335
Africa,republic_of_congo,Dongou,Small,61071.920879341,11202.330228484998,18.342849000307844
Africa,republic_of_congo,Impfondo,Small,353696.283258264,149439.083033407,42.250679497327006
Africa,republic_of_congo,Mongo Kamba,Small,89563.561499985,36090.441510096,40.29589813721516
Africa,republic_of_congo,Nkayi,Small,49822.28642373199,8026.919068409999,16.111101365646107
Africa,republic_of_congo,Ouésso,Small,35843.76582160599,6934.77772149,19.347235321211247
Africa,republic_of_congo,Owando,Small,22367.224331461,0.0,0.0
Africa,republic_of_congo,Pointe-Noire,Small,308774.095845974,75992.88501144701,24.611159431377494
Africa,rwanda,Kabuga,Small,46571.707894827996,12487.187220541,26.81281787805716
Africa,rwanda,Kigali,Large,1476299.3212193958,658796.545516757,44.624862725846356
Africa,rwanda,Muhanga,Small,35825.655290365,1647.153511737,4.597692626657935
Africa,rwanda,Musanze,Small,90646.345002984,33255.071885048004,36.68661089860079
Africa,senegal,Bambey,Small,58471.902231563,22827.230765533,39.039658185108465
Africa,senegal,Bignona,Small,77155.146902918,2882.5924147709998,3.7360986667526914
Africa,senegal,Dagana,Small,39021.210058576,24420.155960268003,62.581749575705416
Africa,senegal,Dahra Djoloff,Small,66717.128618149,14302.256664448,21.437158583826356
Africa,senegal,Dakar,Large,3904138.828481489,2239914.688275777,57.3728237309376
Africa,senegal,Darou Mousti,Small,54877.29096511901,10491.251027757,19.117654758915535
Africa,senegal,Diourbel,Small,213784.515968432,54594.00542547801,25.536931511700082
Africa,senegal,Fatick,Small,62421.2963725,22688.08580046,36.34670716395975
Africa,senegal,Gossas,Small,30976.69934436,4141.170509191,13.368662888045858
Africa,senegal,Guinguinéo,Small,30711.485654493004,5375.002182055,17.501602633373917
Africa,senegal,Kaffrine,Small,87430.36507030402,50715.583409952,58.00683020043535
Africa,senegal,Kaolack,Small,400062.987201888,163545.860819417,40.880027908426605
Africa,senegal,Kolda,Small,177362.685205716,104463.19597914901,58.8980685864032
Africa,senegal,Louga,Small,176490.873337093,64971.627794371,36.813024133138526
Africa,senegal,MBour,Small,457782.19582972105,127285.896616885,27.80490324360078
Africa,senegal,Madina Gounass,Small,58565.01656627501,41546.539698117,70.94088268736495
Africa,senegal,Richard-Toll,Small,74425.062891095,33887.771506506004,45.53274151221536
Africa,senegal,Saint-Louis,Small,189041.537660542,126254.10419835799,66.78643527808681
Africa,senegal,Sédhiou,Small,58368.521820632,14581.904281358002,24.982479984962747
Africa,senegal,Tambacounda,Small,223859.00191737,98487.361749656,43.995265281317245
Africa,senegal,Thiès,Small,464576.443644666,196447.72409657104,42.28533899726203
Africa,senegal,Tivaouane,Small,103214.610093927,37209.040898408,36.05016854159228
Africa,senegal,Touba,Medium,973269.978728394,225797.377708479,23.19987081112786
Africa,senegal,Vélingara,Small,80904.38473287298,37797.153895287,46.71830089318917
Africa,senegal,Ziguinchor,Small,283083.264947489,124591.28980582999,44.01224135553942
Africa,sierra_leone,Bo,Small,366760.643031563,128879.542702758,35.13995984887254
Africa,sierra_leone,Freetown,Large,1974172.109506684,1379216.019252326,69.86300802299206
Africa,sierra_leone,Kenema,Small,259618.16039605596,55042.358160529,21.20127423927513
Africa,sierra_leone,Koidu Town,Small,144117.830929415,29438.349021856,20.42658346438346
Africa,sierra_leone,Mahera,Small,87997.219300577,6493.006122282999,7.378649204930529
Africa,sierra_leone,Makeni,Small,204497.06604391598,37071.814915049,18.128286939377304
Africa,sierra_leone,Mile 91,Small,68791.33864241501,3478.094931647,5.056007050141185
Africa,sierra_leone,Waterloo,Small,84836.04682563001,19925.885843479,23.487522803171384
Oceania,solomon_islands,Honiara,Small,113234.67327083401,0.0,0.0
Africa,somalia,Baidoa,Small,334483.216972392,313494.99543479405,93.72517947908571
Africa,somalia,Beledweyne,Small,216969.306750576,170481.733967585,78.57412484779135
Africa,somalia,Berbera,Small,115367.163613207,51995.602330639005,45.06967208188055
Africa,somalia,Borama,Small,285343.92242521595,150257.298702169,52.65831401807727
Africa,somalia,Bosaso,Small,237700.84468484,132398.555273783,55.69965704132268
Africa,somalia,Burao,Small,374821.44800091203,237100.366057442,63.25688332991688
Africa,somalia,Erigavo,Small,116188.035112933,21961.446642984,18.901642171362834
Africa,somalia,Galkayo,Small,172148.03944180402,99813.18045714998,57.98101493388928
Africa,somalia,Garoowe,Small,90808.13761246999,25510.120693159995,28.09232890781903
Africa,somalia,Hargeisa,Large,1304591.54960887,779565.067072727,59.75548954816154
Africa,somalia,Kismayo,Small,312142.86120637,257224.21530232002,82.40592602637128
Africa,somalia,Las Anod,Small,113075.31554997899,15328.996602283001,13.55644822013132
Africa,somalia,Merca,Small,256000.861755496,173890.004076724,67.9255541892686
Africa,somalia,Mogadishu,Large,4269250.743846297,3937580.340767339,92.23118005994311
Africa,somalia,Qardho City,Small,96402.16313136701,45308.949014918,46.99992981814692
Africa,south_africa,Atlantis,Small,75906.18385058997,31819.872013847,41.91999966231959
Africa,south_africa,Azaadville,Small,62108.753610518,40510.545439017995,65.2251785522188
Africa,south_africa,Bethlehem,Small,58794.799392506,22823.95578393,38.81968476762784
Africa,south_africa,Bloemfontein,Small,447890.639208999,192758.38581879297,43.03693110425695
Africa,south_africa,Botshabelo,Small,120738.541321771,16115.629891817,13.34754397013003
Africa,south_africa,Botshabelo Rural,Small,70648.160694859,8801.133231642,12.457696201965593
Africa,south_africa,Bronville,Small,124196.475706606,60159.143659598994,48.438688229539785
Africa,south_africa,Cape Town,Large,4428604.687181104,2457467.760117019,55.490790750195565
Africa,south_africa,Centurion,Small,221825.672630854,22609.604826538,10.192510433255055
Africa,south_africa,Daveyton,Small,428764.09882159496,318904.85849184496,74.37769611968807
Africa,south_africa,De Rust Caravan Park,Small,227721.894958694,63397.118011242,27.83971125075236
Africa,south_africa,Diepsloot,Small,201505.32505771,190976.78427576,94.77505580612588
Africa,south_africa,Durban,Large,3216847.100258917,1451452.436310469,45.120342716744126
Africa,south_africa,East London,Small,240356.590750325,88168.873252653,36.68252781311917
Africa,south_africa,Edendale,Small,301728.204154383,58362.769282975,19.342828572006137
Africa,south_africa,Emalahleni,Small,209512.418079269,68879.68953279899,32.87618469791054
Africa,south_africa,Ermelo,Small,86023.710841791,35750.45637555301,41.55884002877164
Africa,south_africa,Evaton,Medium,735690.35839555,486229.20353974396,66.09155577356618
Africa,south_africa,Ezakheni,Small,55802.367097254,8072.2684646279995,14.465817284344611
Africa,south_africa,Ga-Rankuwa,Small,135991.68722265202,32619.057033282003,23.98606686883481
Africa,south_africa,George,Small,182376.14662705298,108602.45645810901,59.548607900019825
Africa,south_africa,Johannesburg,Very large,8332038.602935153,4301067.391083445,51.620828899764035
Africa,south_africa,Jouberton,Small,139967.269417278,66616.983606381,47.59468687481417
Africa,south_africa,Khutsong,Small,62944.747796799005,35859.402601616006,56.969650140435704
Africa,south_africa,Kimberley,Small,226277.943068926,120750.83566155999,53.363944370299656
Africa,south_africa,Klipgat,Large,1016496.886353405,392836.655121853,38.64612478363024
Africa,south_africa,Komani (Queenstown),Small,56970.249481777,27971.214622227006,49.0979324764483
Africa,south_africa,Kroonstad,Small,90780.993677805,25002.707326999,27.541786352038905
Africa,south_africa,Kutlwanong,Small,45433.733475378,15816.709756430999,34.81270093069191
Africa,south_africa,KwaMhlanga,Small,147598.050681144,4462.435772508999,3.0233703981289004
Africa,south_africa,KwaNobuhle 1,Small,128389.19105406101,72083.35881970101,56.144413893338395
Africa,south_africa,Lenasia,Small,112872.23806863201,60102.03794536199,53.24784816335166
Africa,south_africa,Lenasia South,Small,150212.97485593503,70869.114741825,47.179090095109
Africa,south_africa,Lilian Ngoyi Village,Small,155259.91962223902,31559.416946553996,20.3268280850208
Africa,south_africa,Mafikeng,Small,137151.56448515,3668.6020880700003,2.6748525267221543
Africa,south_africa,Makhanda (Grahamstown),Small,63567.261946272,20389.146709904,32.07491731693149
Africa,south_africa,Mankweng,Small,60688.518466459,17171.594438457003,28.29463442569834
Africa,south_africa,Middelburg,Small,202117.17492195597,85644.57902961399,42.37372655870742
Africa,south_africa,Midrand,Small,90960.326612588,12316.195756591998,13.54018418276827
Africa,south_africa,Mnandi A.H.,Small,93404.485060115,70936.359463719,75.94534611273158
Africa,south_africa,Modderspruit,Small,64316.624274513,10470.040795,16.27890287013867
Africa,south_africa,Mokopane,Small,86082.563210011,10146.906648882,11.787412305703699
Africa,south_africa,Mossel Bay,Small,69994.26371065801,31338.296616124,44.77266415097974
Africa,south_africa,Mpumalanga,Small,100600.141098025,16466.638024951,16.368404502440878
Africa,south_africa,Naas,Small,78632.48007064998,3022.791605131,3.8442022970852143
Africa,south_africa,Osizweni,Small,261393.768263829,96262.39284367299,36.82658293005432
Africa,south_africa,Oudtshoorn,Small,65807.81106363,26707.13200514,40.58352887519189
Africa,south_africa,Paardekraal,Small,99001.162069606,66782.609534277,67.45638953947157
Africa,south_africa,Paarl,Small,243085.439302545,124587.16807668601,51.25241908118748
Africa,south_africa,Phuthaditjhaba,Small,161963.495437691,24865.380083036005,15.352459525425575
Africa,south_africa,Pietermaritzburg,Small,164178.452243276,35133.08403036,21.39932710432705
Africa,south_africa,Polokwane,Small,481285.412215518,184890.19744482302,38.415915536211976
Africa,south_africa,Port Elizabeth,Medium,817825.488710902,351628.083989754,42.995490950521486
Africa,south_africa,Potchefstroom,Small,174221.15344655298,83944.335678478,48.18263110870184
Africa,south_africa,Pretoria,Large,1782398.4678998222,735723.242305584,41.27714736943628
Africa,south_africa,Rustenburg,Small,163307.638179828,34225.959812404995,20.95796632287138
Africa,south_africa,Salubindza,Small,76749.055226152,9454.982637564,12.31934726714687
Africa,south_africa,Sasolburg,Small,128173.72389853,44952.137943739,35.0712584268253
Africa,south_africa,Sikhalasenkosi,Small,82832.06223156999,9690.337808344,11.698776472874894
Africa,south_africa,Somerset West,Small,206810.85492255402,106380.23173566702,51.43841786037006
Africa,south_africa,Standerton,Small,70433.180016986,22585.036150390002,32.06590437197821
Africa,south_africa,Stanger,Small,50945.403053787995,11874.366164514,23.30802281017795
Africa,south_africa,Stellenbosch,Small,94068.31074106197,40733.648210071995,43.30220016621523
Africa,south_africa,Stesa AH,Small,83816.40828939198,61421.492100947,73.28098800043745
Africa,south_africa,Tongaat,Small,60788.731330598006,7690.112069079,12.650555293310065
Africa,south_africa,Tsakane,Medium,507368.805178696,345265.252865622,68.05015391989248
Africa,south_africa,Uitenhage,Small,112130.634979284,43464.40376305299,38.7622916530197
Africa,south_africa,Vanderbijlpark,Small,240552.810266798,120362.68635567,50.03586789203389
Africa,south_africa,Vosman,Small,174511.946621727,126085.46362332201,72.25033360989636
Africa,south_africa,Wells Estate,Small,164163.307843071,107209.16773708098,65.30641295286622
Africa,south_africa,Worcester,Small,82913.120857014,32790.370541159,39.54786673354982
Africa,south_africa,eGobhoza,Small,144535.77360900797,27120.282757644,18.76371646995064
Africa,south_africa,eHlau-Hlau,Small,108837.171822586,21465.644333975,19.722714192689477
Africa,south_africa,eMbalenhle,Small,139815.090362527,85315.42014932,61.02018024528352
Africa,south_sudan,Bor,Small,136522.991394754,99701.13706302599,73.02882543405586
Africa,south_sudan,Juba,Small,266303.704059003,205259.378029386,77.07717726070688
Africa,south_sudan,Malakal,Small,93954.089336219,8284.286433719,8.817377180968998
Africa,south_sudan,Renk,Small,95627.635292259,41212.76269407101,43.09712623146623
Africa,south_sudan,Wau,Small,119464.238585383,53216.02463948801,44.545568841050006
Africa,south_sudan,Yambio,Small,105666.86580859,72482.29683661,68.59510432334379
Africa,south_sudan,Yei,Small,167103.441124948,106683.316790959,63.842680960225614
Asia,sri_lanka,Akkaraipattu,Small,95272.06368220501,0.0,0.0
Asia,sri_lanka,Ambalangoda,Small,82241.024983708,0.0,0.0
Asia,sri_lanka,Badulla,Small,67925.95755950999,0.0,0.0
Asia,sri_lanka,Batticaloa,Small,132554.565575684,518.811356666,0.39139455846941534
Asia,sri_lanka,Colombo,Large,4625367.976780679,162043.463825483,3.5033637245499225
Asia,sri_lanka,Galle,Small,204448.606701089,0.0,0.0
Asia,sri_lanka,Gampola,Small,57995.941079714,0.0,0.0
Asia,sri_lanka,Horana,Small,76295.210042805,0.0,0.0
Asia,sri_lanka,Jaffna,Small,207919.272005815,516.171872313,0.24825590592610575
Asia,sri_lanka,Kalmunai,Small,144098.697888176,8522.195143673,5.914137510310069
Asia,sri_lanka,Kandy,Medium,558092.320728285,0.0,0.0
Asia,sri_lanka,Matale,Small,86259.028873005,0.0,0.0
Asia,sri_lanka,Matara,Small,226372.98163568295,0.0,0.0
Asia,sri_lanka,Poojapitiya,Small,54407.604449410996,0.0,0.0
Asia,sri_lanka,Rathnapura,Small,50643.78926199499,0.0,0.0
Asia,sri_lanka,Sammanturai,Small,59532.03137562399,0.0,0.0
Asia,sri_lanka,Tamaraivillu,Small,52573.489227178,0.0,0.0
Asia,sri_lanka,Trincomalee,Small,80075.84099030601,0.0,0.0
Asia,sri_lanka,Valaichchenai EP,Small,55060.913105946005,0.0,0.0
Asia,sri_lanka,Wennappuwa,Small,63538.594132881,0.0,0.0
Africa,sudan,Abu Zabad,Small,77278.31003626,11663.61769836,15.09300305983306
Africa,sudan,Ad Da'ein,Medium,507226.520265438,447590.535151669,88.2427312588938
Africa,sudan,Ad-Damazin,Small,174274.389375163,81772.14521923101,46.92149288969759
Africa,sudan,Al Hasahisa,Small,151380.175685727,60949.733201633004,40.26269154830931
Africa,sudan,Al Hilaliyah,Small,29368.98700618,17724.615857189,60.3514716168429
Africa,sudan,Al Kamilin,Small,42510.012960186,23932.870178573,56.299371635073435
Africa,sudan,Al Managil,Small,204018.51506885997,135290.847711013,66.31302441611726
Africa,sudan,Al Rahad,Small,100639.392338592,55919.125115929,55.563854089852036
Africa,sudan,Al-Fashir,Medium,549173.3777727081,435781.44053229294,79.3522516149088
Africa,sudan,Al-Qadarif,Small,277695.989430832,179430.00385316,64.61382615604973
Africa,sudan,Al-Ubayyid,Medium,590126.0623538049,306950.599671508,52.01441170843908
Africa,sudan,Atbara,Small,187005.00414631102,69849.61421325801,37.35173533570701
Africa,sudan,Baqayr al Quddami,Small,55871.4282607,13482.741200743001,24.13172818463059
Africa,sudan,Barah,Small,29207.899706849003,7214.589093334,24.700814388383566
Africa,sudan,Dilling,Small,73669.614137917,15691.448938461,21.29975719580262
Africa,sudan,Dongola,Small,66920.651218257,3911.2618299509995,5.844626073937467
Africa,sudan,El Suki,Small,43948.124101128,21777.19747603,49.55205238321208
Africa,sudan,En Nahud,Small,149734.230122604,86535.54162284,57.79275824371205
Africa,sudan,Er Roseires,Small,95544.468422458,77166.982025265,80.76551505217928
Africa,sudan,For Baranga,Small,78402.128240142,77771.194062264,99.19525886345141
Africa,sudan,Geneina,Small,185180.116896186,171370.279788789,92.54248385903172
Africa,sudan,Ghaliya,Small,77897.554704962,36910.099845619,47.38287355157229
Africa,sudan,Giad Industrial Complex,Small,58844.48069929401,11435.214380712001,19.432942979220133
Africa,sudan,Jebel Aulia,Small,79539.46357361498,52354.323142144,65.82182075403273
Africa,sudan,Kaduqli,Small,38360.46202637499,12607.288829173998,32.86532060147183
Africa,sudan,Kas,Small,345959.931390285,292156.28048814,84.44801087630928
Africa,sudan,Kassala,Small,298635.53577754,193697.50790715602,64.86083694053256
Africa,sudan,Kebkabiya,Medium,526106.0836884719,453639.22060869203,86.22580781204378
Africa,sudan,Khartoum,Very large,6266432.006904,3843659.282955575,61.33728537580634
Africa,sudan,Khashm El Girba,Small,87677.681237744,60427.871458056,68.9204716696393
Africa,sudan,Kosti,Small,361597.09385249903,212453.591220673,58.75423083663832
Africa,sudan,Mellit,Small,186801.279302797,125890.140274872,67.3925471735177
Africa,sudan,Muglad,Small,78910.733970564,26114.777234679,33.09407468497324
Africa,sudan,N/A,Small,309609.86663326295,204148.389975218,65.93730109287328
Africa,sudan,New Halfa,Small,141454.60785213,25664.031569267,18.14294490575731
Africa,sudan,Nyala,Medium,762698.240379496,623797.569494016,81.7882533967343
Africa,sudan,Port Sudan,Small,371366.759607242,125253.08133328099,33.727596262451925
Africa,sudan,Rabak,Small,206767.338626353,123468.387025146,59.71368004511795
Africa,sudan,Sennar,Small,132798.63227153497,76145.3807028,57.33897962676651
Africa,sudan,Shendi,Small,199416.960138538,64107.062806275,32.14724703542709
Africa,sudan,Singa,Small,85610.12144372502,44867.763158190006,52.40941421591534
Africa,sudan,Umm Ruwaba,Small,162222.519035556,81643.340727474,50.32799466612855
Africa,sudan,Wad Madanī,Small,451392.70936885,173213.139221231,38.37304759827036
Africa,sudan,Zalingei,Small,34935.945739706,25285.716261343005,72.37736298807232
Africa,sudan,ad-Damer,Small,150217.994766201,69271.25106610497,46.113816905836494
Africa,sudan,أش شلال,Small,63475.621577883,47874.63997141,75.42208927039653
Latin America and the Caribbean,suriname,Paramaribo,Small,236581.25500356103,7842.6791295759995,3.3150044492992277
Africa,swaziland,Manzini,Small,46597.166384738,0.0,0.0
Africa,swaziland,Matsapha,Small,50622.801913365016,18561.175208383,36.66564177966339
Asia,syria,Abu Kamal,Small,85238.00184347501,0.0,0.0
Asia,syria,Al Qurayya,Small,68953.194475442,0.0,0.0
Asia,syria,Al-Hasakah,Small,161742.952039245,0.0,0.0
Asia,syria,Al-Tabqah,Small,95309.498346732,0.0,0.0
Asia,syria,Aleppo,Large,3197319.0881676003,257304.097887924,8.047495129283023
Asia,syria,Ar Raqqah,Small,203922.588575369,0.0,0.0
Asia,syria,As Safirah,Small,79024.79350618902,0.0,0.0
Asia,syria,As Suwayda,Small,123069.24977379601,0.0,0.0
Asia,syria,Baniyas,Small,77713.25747022101,0.0,0.0
Asia,syria,Bza`a,Small,87228.46769746,0.0,0.0
Asia,syria,Damascus,Large,4107560.0698218863,333145.21213598095,8.1105378003742
Asia,syria,Deir Ez Zor,Small,254299.66461869498,0.0,0.0
Asia,syria,Halfaya,Small,76609.674687216,0.0,0.0
Asia,syria,Hama,Small,299679.905456212,888.468933476,0.29647264207570284
Asia,syria,Homs,Medium,933226.0502374759,9034.893408528002,0.9681355772515045
Asia,syria,Idlib,Small,132016.12921160698,0.0,0.0
Asia,syria,Jablah,Small,101597.800978066,0.0,0.0
Asia,syria,Kobani,Small,71945.842858967,0.0,0.0
Asia,syria,Latakia,Medium,589986.776669168,6978.781981323,1.1828709146198908
Asia,syria,Manbij,Small,177388.59717191797,0.0,0.0
Asia,syria,Qamishli,Small,373691.305820604,0.0,0.0
Asia,syria,Tartus,Small,103509.94643119202,0.0,0.0
Asia,syria,Yaaroubia,Small,32152.234022377997,0.0,0.0
Asia,syria,`Uthman,Small,126666.08345436501,0.0,0.0
Asia,tajikistan,Danghara,Small,46281.729915509,0.0,0.0
Asia,tajikistan,Dushanbe,Large,1382631.6064233081,23936.51174483,1.7312284511382399
Asia,tajikistan,Ghafurov,Small,117171.18859681401,0.0,0.0
Asia,tajikistan,Hisor,Small,110218.57027877601,0.0,0.0
Asia,tajikistan,Isfara,Small,71419.598099376,0.0,0.0
Asia,tajikistan,Khistevarz,Small,69764.31302519201,0.0,0.0
Asia,tajikistan,Khorugh,Small,41058.418461427,0.0,0.0
Asia,tajikistan,Khujand,Small,177695.684885686,0.0,0.0
Asia,tajikistan,Kulob,Small,151751.037603852,0.0,0.0
Asia,tajikistan,N/A,Small,72584.962853289,0.0,0.0
Asia,tajikistan,Proletar,Small,85498.36303547601,0.0,0.0
Asia,tajikistan,Qabodiyon,Small,77021.36132714301,0.0,0.0
Asia,tajikistan,Shahrinav,Small,65566.433457042,0.0,0.0
Asia,tajikistan,Vahdat,Small,111907.19877685899,0.0,0.0
Asia,tajikistan,Vakhsh,Small,75135.908478442,0.0,0.0
Africa,tanzania,Arusha,Medium,653318.750701047,255947.780953965,39.1765551929007
Africa,tanzania,Bukala,Small,95465.815747394,24578.759981068994,25.74613728342853
Africa,tanzania,Bukoba,Small,129026.593487376,85073.363379974,65.93475118623326
Africa,tanzania,Bunda,Small,55275.492161705,8058.788740098001,14.579316121731702
Africa,tanzania,DAR ES SALAAM,Small,58473.107325043,10630.787388407,18.180643845917217
Africa,tanzania,Dar es Salaam,Very large,8370408.0977527825,5875119.749479746,70.18916737234173
Africa,tanzania,Dodoma,Small,218758.57226801402,62620.328903689,28.62531431544047
Africa,tanzania,Geita,Small,93850.289653396,40842.289011714995,43.51855403169457
Africa,tanzania,Iwambi,Small,75816.96790907202,45311.295554845,59.76405652252838
Africa,tanzania,Kahama,Small,111762.60615023601,23093.209693613,20.66273370770375
Africa,tanzania,Katoro,Small,74426.558003888,68069.10792053399,91.45808935162378
Africa,tanzania,Kilima Hewa,Small,332076.752993667,73179.12721568499,22.036811235949596
Africa,tanzania,Kyela,Small,45096.536257461994,11184.218919897,24.80061629577234
Africa,tanzania,Makambako,Small,52443.784418359,3214.515224698,6.129449391094466
Africa,tanzania,Mbeya,Medium,541870.4381978561,307266.397982443,56.70477227071928
Africa,tanzania,Mirerani,Small,36680.844643018005,21537.529042991002,58.71601172927339
Africa,tanzania,Morogoro,Small,367813.26936102496,159707.81640080397,43.42089579265388
Africa,tanzania,Mpanda,Small,101722.24833502897,24867.667890465003,24.44663610713921
Africa,tanzania,Mtwara,Small,99615.925894574,39824.108810865,39.97765262254536
Africa,tanzania,Murubona,Small,156942.043755768,96200.293484503,61.29669984048962
Africa,tanzania,Musoma,Small,140377.331903126,59711.522533881005,42.5364421195067
Africa,tanzania,Mwanza,Medium,839193.7488352981,459388.08707554,54.741600222012664
Africa,tanzania,N/A,Small,88212.629231733,21446.868227584997,24.312695828671494
Africa,tanzania,Nansio,Small,58586.102568020004,18521.282856842998,31.613782185526514
Africa,tanzania,Ndiuka,Small,118647.163529033,39169.52906893099,33.01345595113717
Africa,tanzania,Nzega,Small,37686.205837724,4292.112663912,11.389081411893109
Africa,tanzania,Picha Ya Ndege,Small,71063.335364802,6109.80910087,8.597695379066343
Africa,tanzania,Shinyanga,Small,90562.106860743,5563.135030807,6.1428948857841945
Africa,tanzania,Singida,Small,72241.593911806,38943.133341402,53.90680248409878
Africa,tanzania,Songea,Small,194150.35503383202,50851.186491008,26.191652589121883
Africa,tanzania,Sumbawanga,Small,144270.23640799598,27451.609413022,19.027909079866546
Africa,tanzania,Tabora,Small,172931.28883584499,63409.654388072,36.66754282289749
Africa,tanzania,Tanga,Small,243482.233825189,176099.418115278,72.32536655701568
Africa,tanzania,Vwawa,Small,60020.282924891,21723.170042349,36.19304838921409
Africa,tanzania,Zanzibar City,Medium,981363.905185646,739530.583846995,75.35742653048739
Asia,thailand,Ban Map Ta Phut,Small,67454.447526008,0.0,0.0
Asia,thailand,Bangkok,Megacity,18595855.12741565,433679.788112432,2.3321314623120664
Asia,thailand,Chachoengsao,Small,59496.395988624005,0.0,0.0
Asia,thailand,Chanthaburi,Small,99832.778404727,0.0,0.0
Asia,thailand,Chiang Mai,Medium,607580.676465915,0.0,0.0
Asia,thailand,Chiang Rai,Small,116746.97423467103,0.0,0.0
Asia,thailand,Chonburi,Small,255045.41965363797,0.0,0.0
Asia,thailand,Chumphon,Small,56397.049191649996,0.0,0.0
Asia,thailand,Hat Yai,Small,438976.178230254,0.0,0.0
Asia,thailand,Kamphaeng Phet,Small,73289.317560784,0.0,0.0
Asia,thailand,Kanchanaburi,Small,66949.8837058,0.0,0.0
Asia,thailand,Khon Kaen,Small,234251.695964336,0.0,0.0
Asia,thailand,Laem Chabang,Small,83016.808843923,0.0,0.0
Asia,thailand,Lampang,Small,165039.11513696302,0.0,0.0
Asia,thailand,Lopburi,Small,249079.251968586,0.0,0.0
Asia,thailand,N/A,Small,241704.812260303,0.0,0.0
Asia,thailand,Nakhon Pathom,Small,178426.033652782,0.0,0.0
Asia,thailand,Nakhon Ratchasima,Small,194729.057528799,0.0,0.0
Asia,thailand,Nakhon Sawan,Small,97306.60826319401,0.0,0.0
Asia,thailand,Nakhon Si Thammarat,Small,144519.266592587,0.0,0.0
Asia,thailand,Nong Khai,Small,55833.484036568,0.0,0.0
Asia,thailand,Pattani,Small,82601.122109648,0.0,0.0
Asia,thailand,Pattaya,Small,235051.510406045,0.0,0.0
Asia,thailand,Phanat Nikhom,Small,35776.77472416,0.0,0.0
Asia,thailand,Phetchaburi,Small,82055.516982483,0.0,0.0
Asia,thailand,Phitsanulok,Small,180610.910812307,0.0,0.0
Asia,thailand,Phra Nakhon Si Ayutthaya,Small,149484.476957655,1650.9373707159998,1.1044206089597295
Asia,thailand,Phuket,Small,460139.0851525309,0.0,0.0
Asia,thailand,Prachin Buri,Small,65972.220412965,0.0,0.0
Asia,thailand,Ranong,Small,138391.559017619,0.0,0.0
Asia,thailand,Ratchaburi,Small,65677.488206473,0.0,0.0
Asia,thailand,Rayong,Small,80848.20907374697,0.0,0.0
Asia,thailand,Saraburi,Small,91688.27080243701,0.0,0.0
Asia,thailand,Savannakhet,Small,103623.892031434,0.0,0.0
Asia,thailand,Songkhla,Small,232866.21096665098,824.100683131,0.35389448718647304
Asia,thailand,Su-ngai Kolok,Small,53594.588483215,0.0,0.0
Asia,thailand,Surat Thani,Small,115205.69372205199,0.0,0.0
Asia,thailand,Thung Song,Small,35451.919302786,0.0,0.0
Asia,thailand,Trang,Small,67895.617393698,0.0,0.0
Asia,thailand,Ubon Ratchathani,Small,186086.64640451898,0.0,0.0
Asia,thailand,Udon Thani,Small,117898.37559036899,0.0,0.0
Asia,thailand,Yala,Small,112768.99103918899,0.0,0.0
Asia,timor_leste,Dili,Small,377929.54492788203,22397.992125993,5.926499377090795
Africa,togo,Anié,Small,81350.858975151,25073.466602515,30.821391339179105
Africa,togo,Aného,Small,57396.419732308,10728.323090137997,18.691624216586995
Africa,togo,Atakpamé,Small,150759.201040907,19672.980642766,13.049273614436267
Africa,togo,Bassar,Small,37070.584815270005,14315.333065473998,38.61642090841057
Africa,togo,Kara,Small,123708.236283237,26870.311849735,21.720713718861777
Africa,togo,Kpalimé,Small,120667.069893622,15010.931303444999,12.43995674766809
Africa,togo,Lomé,Large,2432538.875825407,824891.084382743,33.91070509008172
Africa,togo,Notsé,Small,87222.00035607001,29543.002323362998,33.87104423512229
Africa,togo,Sokodé,Small,152181.012610126,53222.10474688999,34.972894340794156
Africa,togo,Tchamba,Small,50161.482098288994,14654.299892351999,29.214248222645434
Africa,togo,Tsévié,Small,73999.38864967,22964.997231823,31.03403643041504
Africa,tunisia,Al Munastir,Small,93674.617635376,0.0,0.0
Africa,tunisia,Ben Gardane,Small,39137.439488735996,5723.459844614,14.624001772679197
Africa,tunisia,Bizerte,Small,206044.057025059,8201.033102171,3.9802327815616607
Africa,tunisia,Béja,Small,70779.148840315,26541.020494713,37.49836064656875
Africa,tunisia,El Hamma,Small,54850.647225436,9162.693605971,16.70480490104767
Africa,tunisia,El Kef,Small,52303.50370812201,2787.06719626,5.328643396077512
Africa,tunisia,Gabes,Small,175886.55797643698,7522.977828102,4.277176104105598
Africa,tunisia,Hammam-Lif,Small,204135.702663215,22310.141339406,10.929073674198717
Africa,tunisia,Hammamet,Small,217854.171878235,3620.531394242,1.6619059268075984
Africa,tunisia,Jendouba,Small,55847.77374283999,10708.62241569,19.174663013425683
Africa,tunisia,Kairouan,Small,74358.83563326001,10612.999565921,14.272681216075828
Africa,tunisia,Kasserine,Small,85950.675456499,6837.901319373001,7.955610916442153
Africa,tunisia,Ksar Hellal,Small,146571.096503968,3045.668609961,2.0779462544844556
Africa,tunisia,M'Saken,Small,67410.48543649299,6405.4942736269995,9.5022224393586
Africa,tunisia,Mahdia,Small,62792.916537928,704.298407888,1.1216207921519168
Africa,tunisia,Manzil Bourguiba,Small,75349.952932942,12724.982996591001,16.887844651894675
Africa,tunisia,Medenine,Small,71913.61074074601,0.0,0.0
Africa,tunisia,Qafsa,Small,121407.865930177,22845.049541225,18.81677876980676
Africa,tunisia,Sbeitla,Small,24798.518711571,3206.521724486,12.930295401030689
Africa,tunisia,Sfax,Medium,618976.592949252,90928.529780739,14.69014027614352
Africa,tunisia,Sidi Bouzid,Small,59483.129786861,10611.958939066999,17.84028341664536
Africa,tunisia,Sousse,Medium,511004.660057188,13573.325722628999,2.6562039025456183
Africa,tunisia,Tataouine,Small,62283.599671397,0.0,0.0
Africa,tunisia,Tunis,Large,2582701.2141989176,516449.16862571705,19.996473683693424
Asia,turkmenistan,Ashgabat,Large,1060235.785890516,0.0,0.0
Asia,turkmenistan,Balkanabat,Small,82815.505640135,0.0,0.0
Asia,turkmenistan,Dashoguz,Small,166219.523912096,0.0,0.0
Asia,turkmenistan,Garadaşaýak,Small,75894.637286998,0.0,0.0
Asia,turkmenistan,Gurbansoltan Eje,Small,55441.80586814,0.0,0.0
Asia,turkmenistan,Konye-Urgench,Small,51622.475028239,0.0,0.0
Asia,turkmenistan,Mary,Small,211403.187364532,0.0,0.0
Asia,turkmenistan,Serdar,Small,48593.77729573599,0.0,0.0
Asia,turkmenistan,Turkmenabat,Small,176994.18266119302,0.0,0.0
Asia,turkmenistan,Turkmenbashy,Small,46683.206487225005,0.0,0.0
Africa,uganda,Arua,Small,169724.87585058602,77043.41323855601,45.393118040268696
Africa,uganda,Entebbe,Small,250828.330930627,98352.301382055,39.21100181034049
Africa,uganda,Fort Portal,Small,45228.836279421,474.210384614,1.0484691263873276
Africa,uganda,Gulu,Small,101348.656962605,63072.705048521995,62.233390099874896
Africa,uganda,Iganga,Small,153811.56142865398,57627.91338949501,37.466568087748016
Africa,uganda,Jinja,Small,199513.96431322198,64520.59784790399,32.338888192613666
Africa,uganda,Kampala,Large,4384191.137060855,2454825.9876910485,55.99267711983823
Africa,uganda,Kasese,Small,86847.395972597,39535.732942325,45.523222083480455
Africa,uganda,Kayanja,Small,28480.219970576,2535.77481731,8.903634943584725
Africa,uganda,Koboko,Small,84516.99383834402,60261.238060677,71.30073530057032
Africa,uganda,Lira,Small,124267.133727001,58193.17974521199,46.82909953733621
Africa,uganda,Lugazi,Small,64285.750200277,32685.080156030002,50.8434296157427
Africa,uganda,Masaka,Small,123354.34876218297,54812.659406463004,44.43512527648077
Africa,uganda,Matugga,Small,65538.325062172,23036.347213903002,35.14942927218524
Africa,uganda,Mbale,Small,117284.657318614,54614.890350837995,46.56609960710537
Africa,uganda,Mbarara,Small,225143.330050883,85122.987069655,37.80835392743679
Africa,uganda,Mityana,Small,55597.46661202201,22411.973394533998,40.311141424720574
Africa,uganda,Mubende,Small,66907.53794605199,25665.438456615997,38.359561933530145
Africa,uganda,Opuyo,Small,52673.078231873,12941.259093528002,24.569019939482327
Asia,uzbekistan,Altiarik,Small,155439.562226829,0.0,0.0
Asia,uzbekistan,Andijan,Medium,669827.5901506611,0.0,0.0
Asia,uzbekistan,Asaka,Small,160744.71570109803,0.0,0.0
Asia,uzbekistan,Beruniy,Small,75092.502832875,0.0,0.0
Asia,uzbekistan,Bukhara,Small,216391.326324541,0.0,0.0
Asia,uzbekistan,Buloqboshi,Small,62840.62621349501,0.0,0.0
Asia,uzbekistan,Buramatut,Small,82468.80439538602,0.0,0.0
Asia,uzbekistan,Chimyon,Small,65074.81715481701,0.0,0.0
Asia,uzbekistan,Chirchiq,Small,73641.649810089,0.0,0.0
Asia,uzbekistan,Chortoq,Small,91321.66170020199,0.0,0.0
Asia,uzbekistan,Chust,Small,91396.581462754,0.0,0.0
Asia,uzbekistan,Denov,Small,150370.82938163306,0.0,0.0
Asia,uzbekistan,Fergana,Medium,610240.505217986,0.0,0.0
Asia,uzbekistan,Gallaorol,Small,58072.702693358005,0.0,0.0
Asia,uzbekistan,Gijduvan,Small,129124.045521394,0.0,0.0
Asia,uzbekistan,Gulistan,Small,105084.28164207401,0.0,0.0
Asia,uzbekistan,Guzar,Small,87966.42944315099,0.0,0.0
Asia,uzbekistan,Hazorasp,Small,101299.83955005,0.0,0.0
Asia,uzbekistan,Jarqurgon,Small,75538.61964977998,0.0,0.0
Asia,uzbekistan,Jizzax,Small,346009.78578135604,0.0,0.0
Asia,uzbekistan,Katta-Kurgan,Small,147170.19327597198,0.0,0.0
Asia,uzbekistan,Khiva,Small,137039.959216911,0.0,0.0
Asia,uzbekistan,Khujayli,Small,65264.044237321,0.0,0.0
Asia,uzbekistan,Kokand,Small,294257.73468137597,0.0,0.0
Asia,uzbekistan,Koson,Small,96215.27190335101,0.0,0.0
Asia,uzbekistan,Kosonsoy,Small,136703.83103940298,0.0,0.0
Asia,uzbekistan,Navoiy,Small,152263.23434920298,0.0,0.0
Asia,uzbekistan,Nukus,Small,246625.528067587,0.0,0.0
Asia,uzbekistan,Pakhtaobod,Small,83768.065574439,0.0,0.0
Asia,uzbekistan,Payshanba,Small,82912.37906646902,0.0,0.0
Asia,uzbekistan,Poytugh,Small,62773.529847544996,0.0,0.0
Asia,uzbekistan,Qarshi,Medium,533741.612887322,0.0,0.0
Asia,uzbekistan,Qorasuv,Small,76886.78179179199,0.0,0.0
Asia,uzbekistan,Quva,Small,111912.56540452002,0.0,0.0
Asia,uzbekistan,Rishtan,Small,110609.42630843802,0.0,0.0
Asia,uzbekistan,Samarkand,Medium,852576.767020483,0.0,0.0
Asia,uzbekistan,Shahrisabz,Small,272556.356097128,0.0,0.0
Asia,uzbekistan,Shahrixon,Small,136411.88926052302,0.0,0.0
Asia,uzbekistan,Sherobod,Small,67992.89823821501,0.0,0.0
Asia,uzbekistan,Sirdaryo,Small,56018.782619201,0.0,0.0
Asia,uzbekistan,Tashkent,Large,3715104.0394715224,5363.816772117,0.14437864229718878
Asia,uzbekistan,Termez,Small,244364.801577775,0.0,0.0
Asia,uzbekistan,Turakurgan,Small,66831.16339220901,0.0,0.0
Asia,uzbekistan,Turtkul,Small,159705.86732082698,0.0,0.0
Asia,uzbekistan,Uchkurgan,Small,61771.60184912202,0.0,0.0
Asia,uzbekistan,Urgench,Small,246344.58398373198,0.0,0.0
Asia,uzbekistan,Urgut,Small,103865.571044954,0.0,0.0
Asia,uzbekistan,Uzun,Small,73337.27645081602,0.0,0.0
Asia,uzbekistan,Xonqa,Small,79855.65321915,0.0,0.0
Asia,uzbekistan,Yangiiul,Small,86730.92732523501,0.0,0.0
Asia,uzbekistan,Yangikurgan,Small,117801.28538333799,0.0,0.0
Asia,uzbekistan,Yaypan,Small,56320.163980501,0.0,0.0
Asia,uzbekistan,Yozyovon,Small,55081.554046376,0.0,0.0
Asia,uzbekistan,Зангибай,Small,83266.60794210702,0.0,0.0
Latin America and the Caribbean,venezuela,Acarigua,Small,264637.927826614,39082.31930373801,14.768222992338439
Latin America and the Caribbean,venezuela,Altagracia de Orituco,Small,53556.674872916,4011.87520888,7.490896733973368
Latin America and the Caribbean,venezuela,Anaco,Small,111871.395325771,3712.897380623,3.3188978914681395
Latin America and the Caribbean,venezuela,Barcelona,Medium,693992.397412374,78171.875246683,11.26408236432493
Latin America and the Caribbean,venezuela,Barinas,Small,304215.20277846104,16856.123251391997,5.540854992597839
Latin America and the Caribbean,venezuela,Barquisimeto,Medium,831732.297613539,124056.72855155102,14.9154636542915
Latin America and the Caribbean,venezuela,Biruaca,Small,102257.58060723399,42531.878314848,41.59288540006703
Latin America and the Caribbean,venezuela,Boconó,Small,58677.175866701,3422.8189270049998,5.833305499877393
Latin America and the Caribbean,venezuela,Cabimas,Small,298668.00201111496,17088.527770452998,5.721579698992009
Latin America and the Caribbean,venezuela,Cabudare,Small,89455.14138334402,5533.340006831,6.185603109293473
Latin America and the Caribbean,venezuela,Calabozo,Small,123699.106288393,18496.59423021,14.952892373439553
Latin America and the Caribbean,venezuela,Caracas,Large,2686635.1699398854,671244.3566652609,24.984574168299904
Latin America and the Caribbean,venezuela,Carora,Small,139186.947769218,36598.10801418599,26.294209766614244
Latin America and the Caribbean,venezuela,Carúpano,Small,129663.696415969,4049.350530726,3.1229639773151603
Latin America and the Caribbean,venezuela,Catia La Mar,Small,340942.47645024897,46907.432117541,13.758166071274438
Latin America and the Caribbean,venezuela,Charallave,Small,145322.33347994502,31346.172896450003,21.570100166865185
Latin America and the Caribbean,venezuela,Ciudad Bolivia,Small,43529.607508817,9860.574656863,22.652569644386812
Latin America and the Caribbean,venezuela,Ciudad Bolívar,Small,324394.488646138,82958.19620694699,25.57324464825942
Latin America and the Caribbean,venezuela,Ciudad Guayana,Medium,536705.959360538,31856.310504682002,5.935523902629555
Latin America and the Caribbean,venezuela,Ciudad Ojeda,Small,170873.270547457,4806.447554266,2.812872685626448
Latin America and the Caribbean,venezuela,Coro,Small,199201.323708755,36740.488040072996,18.443897538447047
Latin America and the Caribbean,venezuela,Cumana,Small,366295.723046588,34220.919991052,9.342429582968279
Latin America and the Caribbean,venezuela,Cúa,Small,103125.04623503398,15709.109476758,15.233069026660226
Latin America and the Caribbean,venezuela,El Tocuyo,Small,77086.72201773999,18930.306764775003,24.557156238163255
Latin America and the Caribbean,venezuela,El Vigía,Small,103088.211869836,3982.2554428089998,3.8629590819144113
Latin America and the Caribbean,venezuela,Guanare,Small,158145.94390273,22839.009922664005,14.441729809214376
Latin America and the Caribbean,venezuela,Guarenas,Small,429258.772172055,98095.376186612,22.852270598978823
Latin America and the Caribbean,venezuela,Güigüe,Small,38190.88468535,5880.996860788,15.398954251101566
Latin America and the Caribbean,venezuela,La Concepción,Small,50132.358954059004,2958.315088424,5.901009148871256
Latin America and the Caribbean,venezuela,La Victoria,Small,136390.127515019,8081.706132069,5.9254333721324945
Latin America and the Caribbean,venezuela,Los Tanques,Small,67999.01113101302,10716.530801461999,15.75983330230283
Latin America and the Caribbean,venezuela,Los Teques,Small,282835.384973042,16235.45850478,5.740250112738707
Latin America and the Caribbean,venezuela,Machiques,Small,95605.92567386101,25029.420448750003,26.179779414648912
Latin America and the Caribbean,venezuela,Maracaibo,Large,2131306.5515835034,435925.28526367,20.45342960822737
Latin America and the Caribbean,venezuela,Maracay,Medium,875367.871652884,46259.715794992,5.2846028844585815
Latin America and the Caribbean,venezuela,Mariara,Small,39173.892849844,6323.642868863,16.14249289214611
Latin America and the Caribbean,venezuela,Marín,Small,59394.513835015,10970.616852173001,18.470757892971363
Latin America and the Caribbean,venezuela,Maturin,Medium,502677.940713524,43539.269183188,8.661464062136162
Latin America and the Caribbean,venezuela,Mérida,Small,270531.942068988,6704.750303896,2.478358101678888
Latin America and the Caribbean,venezuela,Ocumare del Tuy,Small,91639.57111869799,34396.376709794,37.53441476198247
Latin America and the Caribbean,venezuela,Paya,Small,43583.67119112301,16825.963357522003,38.60611760706625
Latin America and the Caribbean,venezuela,Porlamar,Small,292133.576646104,7178.147667666,2.4571457174064384
Latin America and the Caribbean,venezuela,Puerto Ayacucho,Small,119367.10078133199,8088.238908139,6.775936464232138
Latin America and the Caribbean,venezuela,Puerto Cabello,Small,162755.344882806,11339.378707187001,6.967131380755612
Latin America and the Caribbean,venezuela,Punta de Mata,Small,44316.706421200004,3426.066055276,7.730867954657063
Latin America and the Caribbean,venezuela,Punto Fijo,Small,251536.196765644,5796.690268097999,2.3045153511241043
Latin America and the Caribbean,venezuela,Quíbor,Small,48690.651485316994,5973.39319158,12.268049429121561
Latin America and the Caribbean,venezuela,Rubio,Small,73233.637177577,10566.861714185,14.42897297120784
Latin America and the Caribbean,venezuela,Sabana de Parra,Small,42763.676486863005,17173.235102997,40.158462774529255
Latin America and the Caribbean,venezuela,San Carlos,Small,117942.224598697,19322.449140386994,16.382978366002828
Latin America and the Caribbean,venezuela,San Cristóbal,Small,356754.541601685,26743.013125334997,7.496194163435055
Latin America and the Caribbean,venezuela,San Fernando de Apure,Small,74797.161812217,24125.794955664,32.25496044386461
Latin America and the Caribbean,venezuela,San Félix,Small,100480.438469893,13668.413549613999,13.603059220038608
Latin America and the Caribbean,venezuela,San Juan de Colón,Small,49594.737054137004,0.0,0.0
Latin America and the Caribbean,venezuela,San Juan de Los Morros,Small,113403.966234084,14415.284404195,12.71144641840792
Latin America and the Caribbean,venezuela,San Mateo,Small,68464.197605313,10713.079745308,15.647710949695897
Latin America and the Caribbean,venezuela,San Rafael del Mojan,Small,66814.97611973798,11573.358113727001,17.32150303097704
Latin America and the Caribbean,venezuela,Santa Bárbara del Zulia,Small,81939.75943832801,13284.762423008999,16.212840401377772
Latin America and the Caribbean,venezuela,Santa Cruz,Small,68918.025024188,4515.985869765,6.5526919382556805
Latin America and the Caribbean,venezuela,Santa Rita,Small,53606.501800693,1101.61452222,2.055001697957763
Latin America and the Caribbean,venezuela,Santa Teresa del Tuy,Small,206988.785601428,41314.812045898,19.959927744806755
Latin America and the Caribbean,venezuela,Socopó,Small,73187.82486817299,8320.759861898001,11.369049260427508
Latin America and the Caribbean,venezuela,Tinaquillo,Small,94038.47435616699,21964.127646864,23.356533373431535
Latin America and the Caribbean,venezuela,Tucupita,Small,104374.644111299,36877.61500053,35.3319671789308
Latin America and the Caribbean,venezuela,Upata,Small,77430.311836949,0.0,0.0
Latin America and the Caribbean,venezuela,Valencia,Large,1558566.660421025,147299.77969254,9.45097719803329
Latin America and the Caribbean,venezuela,Valera,Small,151343.51439472297,14991.119270778,9.90535955949805
Latin America and the Caribbean,venezuela,Valle de la Pascua,Small,108648.547520512,2654.2533944690003,2.4429718160455827
Latin America and the Caribbean,venezuela,Villa del Rosario,Small,78534.463486584,4143.453507277,5.275968438983255
Latin America and the Caribbean,venezuela,Yaritagua,Small,36651.792020990004,2633.05185712,7.1839648539206085
Latin America and the Caribbean,venezuela,Zaraza,Small,57579.198074913,11078.339070914999,19.240176038057367
Latin America and the Caribbean,venezuela,Zuata,Small,49568.601579411996,21923.612540993003,44.22883003037721
Asia,vietnam,An Chau,Small,105783.412297618,0.0,0.0
Asia,vietnam,An Khê,Small,74683.60593655599,0.0,0.0
Asia,vietnam,Ba Ria,Small,139447.56844193,0.0,0.0
Asia,vietnam,Ben Cat,Small,81803.147547062,0.0,0.0
Asia,vietnam,Buôn Ma Thuột,Small,310182.122116465,0.0,0.0
Asia,vietnam,Bút Sơn,Small,69672.475267864,498.19839847,0.715057698975984
Asia,vietnam,Bạc Liêu,Small,152430.79671350698,0.0,0.0
Asia,vietnam,Bảo Lộc,Small,111327.83749724999,0.0,0.0
Asia,vietnam,Bắc Giang,Small,186548.162436626,4603.3392328400005,2.467641156424601
Asia,vietnam,Bắc Ninh,Small,229763.232756128,3523.396477548,1.533490121671361
Asia,vietnam,Ca Mau,Small,150830.51604629005,0.0,0.0
Asia,vietnam,Cai Be,Small,74956.17025805499,821.55999967,1.0960538629996415
Asia,vietnam,Cai Lậy,Small,86210.755562773,3688.144969988,4.278056659998224
Asia,vietnam,Cam Ranh,Small,60310.346334703,2609.12895047,4.32617139352869
Asia,vietnam,Can Tho,Large,1134302.807783539,311977.9560335679,27.50393932667609
Asia,vietnam,Cao Lanh,Small,146125.917644944,0.0,0.0
Asia,vietnam,Chaudok City,Small,138419.543278131,0.0,0.0
Asia,vietnam,Chư Sê,Small,59554.932047199996,0.0,0.0
Asia,vietnam,Cây Xăng,Small,66276.356222,885.128768194,1.335512117215924
Asia,vietnam,Cẩm Phả,Small,136898.94028809603,23960.326541725,17.502200156773938
Asia,vietnam,Củ Chi,Small,184805.86922079202,0.0,0.0
Asia,vietnam,Dalat,Small,221603.257741392,0.0,0.0
Asia,vietnam,Dien Bien Phu,Small,69891.64878975798,0.0,0.0
Asia,vietnam,Diễn Châu,Small,90268.937882168,0.0,0.0
Asia,vietnam,Do Luong,Small,46778.054902132004,0.0,0.0
Asia,vietnam,Dong Ha,Small,72235.480988142,0.0,0.0
Asia,vietnam,Ea Kar,Small,37218.128759312,0.0,0.0
Asia,vietnam,Gia Kiệm,Small,122209.841968428,0.0,0.0
Asia,vietnam,Gia Rai,Small,59910.56991914,0.0,0.0
Asia,vietnam,Go Cong,Small,84640.095505563,0.0,0.0
Asia,vietnam,Ha Long,Small,190163.57659711302,0.0,0.0
Asia,vietnam,Haiphong,Medium,980844.250034214,156592.511335441,15.965074101212165
Asia,vietnam,Hanoi,Very large,5263709.585029978,1304504.6007726311,24.782989633065057
Asia,vietnam,Hiệp Phước,Small,203138.02088271198,0.0,0.0
Asia,vietnam,Ho Chi Minh City,Megacity,14515132.193779515,4685305.422939941,32.27876508729171
Asia,vietnam,Hoi An,Small,71214.501232677,24702.814525264006,34.68789937115931
Asia,vietnam,Hong Ngu,Small,392304.096971223,3982.249281132,1.015092452991668
Asia,vietnam,Hoàn Lão,Small,36854.998803592,0.0,0.0
Asia,vietnam,Hue,Small,374030.19228808396,2767.8681958810002,0.740011970410438
Asia,vietnam,Hà Tĩnh,Small,64058.551795583,0.0,0.0
Asia,vietnam,Hòa Bình,Small,64145.11413555399,0.0,0.0
Asia,vietnam,Hưng Yên,Small,106355.74612042801,576.57327344,0.5421176518165163
Asia,vietnam,Hải Dương,Small,312076.046689933,13786.062787238,4.417533140867845
Asia,vietnam,Khoái Châu,Small,64424.975345479,3331.650369453,5.171364601363091
Asia,vietnam,Kon Tum,Small,147214.42701116,0.0,0.0
Asia,vietnam,La Gi,Small,70845.765477341,0.0,0.0
Asia,vietnam,Liên Khương,Small,87145.89201859501,0.0,0.0
Asia,vietnam,Long Khanh,Small,118313.58442709598,0.0,0.0
Asia,vietnam,Long Xuyen,Small,425938.21890397,1266.09798871,0.29724920951398554
Asia,vietnam,Lào Cai,Small,91387.385681123,0.0,0.0
Asia,vietnam,Lưu Giáo,Small,26381.642338994996,0.0,0.0
Asia,vietnam,Lạng Sơn,Small,93728.05166900902,0.0,0.0
Asia,vietnam,Minh Tân,Small,79882.45462042201,0.0,0.0
Asia,vietnam,Mong Cai,Small,141005.05177151604,0.0,0.0
Asia,vietnam,My Tho,Small,422066.643537472,13016.331761282,3.083951778844229
Asia,vietnam,Nam Định,Small,310151.982240531,42797.070357939,13.798741523034586
Asia,vietnam,Nga Sơn,Small,103087.41790475202,8466.615822205,8.213044806329089
Asia,vietnam,Ngai Giao,Small,59758.14413214,0.0,0.0
Asia,vietnam,Nha Trang,Small,443282.632401445,5536.645548264,1.249010257467049
Asia,vietnam,Ninh Bình,Small,132499.391007222,5494.648777611,4.146923797794293
Asia,vietnam,Ninh Hòa,Small,74061.699684181,0.0,0.0
Asia,vietnam,Núi Sập,Small,42877.764884815006,2164.86576906,5.048924016621674
Asia,vietnam,Phan Rang - Tháp Chàm,Small,178394.35509735998,7039.078139402,3.945796455028172
Asia,vietnam,Phan Rí Cửa,Small,57295.303603759,0.0,0.0
Asia,vietnam,Phan Thiet,Small,214013.542795669,0.0,0.0
Asia,vietnam,Phat Diem,Small,84415.279791611,0.0,0.0
Asia,vietnam,Phù Yên,Small,55974.932920443,4333.93916158,7.742642885771412
Asia,vietnam,Phùng,Small,60376.300121358,3104.2198160949997,5.1414541961919396
Asia,vietnam,Phú Minh,Small,141717.438816887,5634.099283631,3.9755864420544706
Asia,vietnam,Phú Mỹ,Small,99134.36174118,0.0,0.0
Asia,vietnam,Phúc Thọ,Small,141551.95941135104,2068.403247301,1.4612325084742945
Asia,vietnam,Phủ Lý,Small,124940.868301021,529.65144461,0.42392169336770313
Asia,vietnam,Pleiku,Small,224787.911088273,424.035829709,0.18863818238983654
Asia,vietnam,Quang Minh,Small,83194.15158384001,0.0,0.0
Asia,vietnam,Quy Nhơn,Small,273390.883283815,2792.197372159,1.0213205863416956
Asia,vietnam,Quảng Ngãi,Small,306748.085243218,55797.050619056,18.189861095568038
Asia,vietnam,Quảng Phú,Small,60708.296941387,0.0,0.0
Asia,vietnam,Quốc Oai,Small,100156.808265488,9328.95310819,9.314347441525419
Asia,vietnam,Sa Dec City,Small,370528.416897051,2969.772514763,0.8014965598679393
Asia,vietnam,Sóc Trăng,Small,126645.269223419,0.0,0.0
Asia,vietnam,Sơn La,Small,61983.20961271299,4147.85894698,6.691907329253984
Asia,vietnam,Tam Kỳ,Small,89480.812300921,4666.7392759350005,5.215351935162269
Asia,vietnam,Tam Quan,Small,63074.822779356,0.0,0.0
Asia,vietnam,Tan An,Small,122551.088806041,3569.349724037,2.9125401975710994
Asia,vietnam,Tan Hiep,Small,50335.629166942,0.0,0.0
Asia,vietnam,Tan Phu,Small,107128.879652477,777.944500651,0.7261762684111227
Asia,vietnam,Thanh Hóa,Small,304045.45083903405,7461.480069129999,2.4540673272826607
Asia,vietnam,Thái Bình,Small,345080.376372591,1617.073334665,0.4686077347148276
Asia,vietnam,Thái Nguyên,Small,278188.295715054,0.0,0.0
Asia,vietnam,Thọ Xuân,Small,40665.16212503201,0.0,0.0
Asia,vietnam,Thổ Tang,Small,62591.88124275,6064.4438862219995,9.688866616266534
Asia,vietnam,Thới Lai,Small,135257.31406596,10678.528265641999,7.894972881418061
Asia,vietnam,Trang Bang,Small,91006.694379361,0.0,0.0
Asia,vietnam,Trà Vinh City,Small,116919.377177468,1573.5646959580001,1.345854497299912
Asia,vietnam,Tuy Hòa,Small,143524.565727472,5354.775085085,3.7309118881103456
Asia,vietnam,Tuyên Quang,Small,95203.54816511899,0.0,0.0
Asia,vietnam,Tân Châu,Small,176811.143369765,22631.666743515,12.799909729776147
Asia,vietnam,Tân Uyên,Small,78457.37685869899,0.0,0.0
Asia,vietnam,Tây Ninh,Small,406299.47494040104,928.273639018,0.22847030239312172
Asia,vietnam,Tây Đằng,Small,50916.42594987001,0.0,0.0
Asia,vietnam,Uông Bí,Small,77249.373879775,0.0,0.0
Asia,vietnam,Vinh,Small,340175.531504768,0.0,0.0
Asia,vietnam,Việt Trì,Small,133620.23873709398,0.0,0.0
Asia,vietnam,Vung Tau,Small,471853.247027157,12011.530677674,2.545607294927164
Asia,vietnam,Vĩnh Yên,Small,146156.483279148,761.354020405,0.5209170358531894
Asia,vietnam,Vạn Giã,Small,61196.364293149,0.0,0.0
Asia,vietnam,Xuân Hòa,Small,78361.86765886398,423.959241188,0.5410274842269452
Asia,vietnam,Xuân Trường,Small,189379.911471627,0.0,0.0
Asia,vietnam,Yên Bái,Small,87077.290078805,0.0,0.0
Asia,vietnam,Đinh Văn,Small,44279.10392995101,0.0,0.0
Asia,vietnam,Đà Nẵng,Large,1120601.124050633,250851.69646584007,22.385458222555346
Asia,vietnam,Đông Hưng,Small,72806.12289803696,453.647612646,0.6230899196229985
Asia,vietnam,Đăk Mil,Small,67259.66824713499,0.0,0.0
Asia,vietnam,Đại Nghĩa,Small,120503.65301972599,5627.31144928,4.669826439501241
Asia,vietnam,Định Quán,Small,69884.65861205099,0.0,0.0
Asia,vietnam,Đồng Xoài,Small,98027.304404378,0.0,0.0
Asia,vietnam,Đức Hòa,Small,89281.297915148,0.0,0.0
Africa,western_sahara,Boujdour,Small,52771.097485085,0.0,0.0
Africa,western_sahara,Dakhla,Small,176939.950898266,0.0,0.0
Asia,yemen,Aden,Small,267173.588962123,27265.283478907,10.205081866371298
Asia,yemen,Al Juwaibiyat,Small,56585.45517655899,0.0,0.0
Asia,yemen,Al Mansurah,Medium,538568.644086382,31568.620221942,5.861577826442984
Asia,yemen,Al Misrakh,Small,191306.53694149,0.0,0.0
Asia,yemen,Al Mutadarririn,Small,123335.09473201803,0.0,0.0
Asia,yemen,Dhamar,Small,328421.084487012,4501.282577326,1.3705827031041338
Asia,yemen,Hodeidah,Medium,761830.64279106,95232.74480479001,12.500513822323184
Asia,yemen,Ibb,Medium,613648.268655855,18911.905684409998,3.081880394747131
Asia,yemen,Mukalla,Small,97825.071379731,0.0,0.0
Asia,yemen,Sana'a,Large,3707832.0391211584,263544.30919840396,7.107773664442202
Asia,yemen,Seiyun,Small,133413.883529311,0.0,0.0
Asia,yemen,Shihr,Small,109824.852142443,3367.42473285,3.066177342522115
Asia,yemen,Ta'izz,Large,1072817.936121346,91183.62023591502,8.499449642460236
Asia,yemen,Tarim,Small,135284.340054945,1150.82216074,0.8506691611701693
Africa,zambia,Chililabombwe,Small,94312.52117937802,32945.196771775,34.93194366961601
Africa,zambia,Chingola,Small,254745.433596386,64616.275306822004,25.36503771415932
Africa,zambia,Chipata,Small,134316.598893883,20221.789217277998,15.055316605547947
Africa,zambia,Choma,Small,82457.726944238,26741.051154512,32.43001249912651
Africa,zambia,Kabwe,Small,193504.038746549,23008.803856569004,11.890606524603792
Africa,zambia,Kafue,Small,81780.420108285,14858.728727668999,18.169054044959218
Africa,zambia,Kapiri Mposhi,Small,105749.08303395301,11999.090662239,11.346756225192452
Africa,zambia,Kasama,Small,208119.89735183798,21563.277273715,10.360987847913988
Africa,zambia,Kitwe,Medium,664880.264549617,259283.311612655,38.996993208738246
Africa,zambia,Livingstone,Small,185666.85322779202,28377.401008918998,15.284042636357482
Africa,zambia,Luanshya,Small,80530.55810192,3767.861627598,4.6787973614058025
Africa,zambia,Lusaka,Large,3508843.3393040523,2006972.6070696868,57.19755523390656
Africa,zambia,Mansa,Small,371702.854828513,108846.613800381,29.283233202660753
Africa,zambia,Mazabuka,Small,61790.455334713006,7095.417367839001,11.48303136690578
Africa,zambia,Mbala,Small,57336.80738632,13251.249995190998,23.111244938888273
Africa,zambia,Mongu,Small,84519.758562445,7415.758160117,8.773993544524952
Africa,zambia,Monze,Small,43154.204764695,9922.553309366,22.99324796614898
Africa,zambia,Mpulungu,Small,73024.64677564701,29843.796181525002,40.86811439597077
Africa,zambia,Mufulira,Small,170892.79102968698,31658.697357651,18.525472705370788
Africa,zambia,Mumbwa,Small,44388.77985692598,3275.784611567,7.379758177912338
Africa,zambia,N/A,Small,50454.26089314301,8212.377514071,16.276876062983025
Africa,zambia,Nchelenge,Small,72449.21297254901,4494.247778329,6.203307936598109
Africa,zambia,Ndola,Medium,512403.135604097,159670.560600265,31.161120903762935
Africa,zambia,Solwezi,Small,87081.45488094298,14531.012034554,16.68668955338502
Africa,zambia,Tunduma,Small,248080.667858771,158142.030735397,63.74621291548004
Africa,zimbabwe,Bindura,Small,57107.58469781599,8598.872211298001,15.057320768859018
Africa,zimbabwe,Bulawayo,Small,346311.021003838,9883.764233779999,2.8540137721087606
Africa,zimbabwe,Chegutu,Small,54962.683381599,13225.558288712,24.062795837111175
Africa,zimbabwe,Chinhoyi,Small,60448.30455276799,8174.000247086,13.522298611287855
Africa,zimbabwe,Chitungwiza,Small,361136.855267628,233140.585392048,64.55740586744444
Africa,zimbabwe,Chizhanje,Small,29558.832031594,0.0,0.0
Africa,zimbabwe,Gweru,Small,104657.727076753,13355.175249447999,12.76081147802273
Africa,zimbabwe,Harare,Large,1536172.4348693541,116556.01883168399,7.587430693716142
Africa,zimbabwe,Kadoma,Small,65785.802343655,10152.218348718,15.432233076195315
Africa,zimbabwe,Kwekwe,Small,43548.61605685,0.0,0.0
Africa,zimbabwe,Marondera,Small,42837.417572414,4553.854185482,10.63055254856106
Africa,zimbabwe,Masvingo,Small,77713.272713835,9224.677646327,11.870144344963052
Africa,zimbabwe,Mbizo,Small,64963.809805731005,18004.107153365,27.714056806712566
Africa,zimbabwe,Mutare,Small,109799.36508851401,1322.681704934,1.2046351122957124
Africa,zimbabwe,Norton,Small,73089.10759368999,23408.479945855,32.02731667758922
Africa,zimbabwe,Ruwa,Small,73555.361643553,5197.4190300380005,7.06599616112899
