TP,FP,TN,FN,precision,recall,F1,balanced_acc,Rule / Comparison,τ (threshold),n (blocks)
81,156,1715,274,0.34177215189873417,0.22816901408450704,0.2736486486486487,0.5723955706446052,WRI (p_informal),0.1,2226
55,95,1776,300,0.36666666666666664,0.15492957746478872,0.21782178217821782,0.5520772954133136,WRI (p_informal),0.2,2226
43,67,1804,312,0.39090909090909093,0.12112676056338029,0.18494623655913978,0.5426585165724438,WRI (p_informal),0.3,2226
66,114,1757,289,0.36666666666666664,0.18591549295774648,0.2467289719626168,0.5624927544959764,WRI (m_informal),0.1,2226
16,24,1847,339,0.4,0.04507042253521127,0.0810126582278481,0.5161215287448905,WRI (m_informal),0.2,2226
4,0,1871,351,1.0,0.011267605633802818,0.022284122562674095,0.5056338028169014,WRI (m_informal),0.3,2226
