ID_HDC_G0,Region,Region_L2_pred,Country,City,TotalBlocks,ValidBlocks,PctValid,TotalPop,DeprivedPop,PctDeprived
5959.0,Asia,South-Central Asia,afghanistan,Herat,775,775,100.0,1333792.33589888,151072.083842748,11.32650711633729
5964.0,Asia,South-Central Asia,afghanistan,Guzarah,71,71,100.0,164797.329927824,0.0,0.0
5973.0,Asia,South-Central Asia,afghanistan,Farah,124,124,100.0,135327.62085285198,0.0,0.0
5981.0,Asia,South-Central Asia,afghanistan,Zaranj,44,44,100.0,38938.463229944,0.0,0.0
5992.0,Asia,South-Central Asia,afghanistan,Maymana,147,147,100.0,117099.407992388,0.0,0.0
5999.0,Asia,South-Central Asia,afghanistan,Sheberghan,138,138,100.0,155221.40576137303,0.0,0.0
6016.0,Asia,South-Central Asia,afghanistan,Lashkar Gah,166,166,100.0,170033.619357708,0.0,0.0
6028.0,Asia,South-Central Asia,afghanistan,Mazar i sharif,612,612,100.0,720381.470391002,62387.875843229,8.660394306001052
6056.0,Asia,South-Central Asia,afghanistan,Kandahar,467,467,100.0,735208.1559675911,110129.78003748399,14.979401295207973
6075.0,Asia,South-Central Asia,afghanistan,Kunduz,183,183,100.0,251980.48075592902,0.0,0.0
6085.0,Asia,South-Central Asia,afghanistan,Puli Khumri,122,122,100.0,198291.908582029,13357.034425590002,6.736046125686713
6086.0,Asia,South-Central Asia,afghanistan,Khanabad,61,61,100.0,86595.19128613599,0.0,0.0
6091.0,Asia,South-Central Asia,afghanistan,Chaman,63,63,100.0,175884.146438385,0.0,0.0
6100.0,Asia,South-Central Asia,afghanistan,Taloqan,205,205,100.0,296041.749417691,0.0,0.0
6113.0,Asia,South-Central Asia,afghanistan,Charikar,203,203,100.0,182398.35578497598,17887.717446683004,9.80695103840207
6118.0,Asia,South-Central Asia,afghanistan,Kabul,3954,3954,100.0,6003884.040119753,446600.87431055,7.4385326453047576
6119.0,Asia,South-Central Asia,afghanistan,Bagram,19,19,100.0,98120.04371858899,0.0,0.0
6120.0,Asia,South-Central Asia,afghanistan,Injerak,126,126,100.0,117529.575202353,0.0,0.0
6134.0,Asia,South-Central Asia,afghanistan,Pul-i-Alam,43,43,100.0,52538.374222971004,0.0,0.0
6150.0,Asia,South-Central Asia,afghanistan,Jalalabad,436,436,100.0,483710.41592180997,2300.571645996,0.4756092840406974
1561.0,Africa,Northern Africa,algeria,Tinduf,26,26,100.0,29630.343070114002,0.0,0.0
1769.0,Africa,Northern Africa,algeria,Bashar,170,170,100.0,203249.809653248,4360.78893463,2.145531620457443
1804.0,Africa,Northern Africa,algeria,Maghnia,110,110,100.0,112310.17266448098,2407.777026839,2.143863703274743
1832.0,Africa,Northern Africa,algeria,Tlemcen,225,225,100.0,290957.327114734,17762.591950891,6.104878721231389
1852.0,Africa,Northern Africa,algeria,Ain Temouchent,87,87,100.0,93424.83420114701,949.2154365829999,1.0160204668271662
1878.0,Africa,Northern Africa,algeria,Ain Turk,70,70,100.0,86902.55057429303,15148.948219000999,17.4321100116045
1890.0,Africa,Northern Africa,algeria,Oran,995,995,100.0,1247369.06445124,196927.44017193,15.78742376928877
1894.0,Africa,Northern Africa,algeria,Sidi Bel Abbes,223,223,100.0,269861.32146963,19901.566013607,7.374738219328964
1901.0,Africa,Northern Africa,algeria,Ain Sefra,68,68,100.0,73819.964357338,2469.020862216,3.3446519294757273
1916.0,Africa,Northern Africa,algeria,Hassi Bounif,60,60,100.0,70962.251974144,19422.604129761,27.370332239227512
1933.0,Africa,Northern Africa,algeria,Arzew,49,49,100.0,70926.698607264,3543.2880912090004,4.995704242247238
1934.0,Africa,Northern Africa,algeria,Adrar,95,95,100.0,100289.65217801301,5021.8627247350005,5.007358800907246
1937.0,Africa,Northern Africa,algeria,Mecheria,109,109,100.0,108445.174772944,408.173552397,0.37638701145681147
1943.0,Africa,Northern Africa,algeria,Sig,75,75,100.0,79793.086364852,14767.649379100001,18.50742971837845
1962.0,Africa,Northern Africa,algeria,Mostaganem,174,174,100.0,233172.027722613,3081.552102471,1.3215788071015482
1963.0,Africa,Northern Africa,algeria,Mohammadia,76,76,100.0,86427.14277243301,11497.056614328,13.302599444482762
1968.0,Africa,Northern Africa,algeria,Mascara,121,121,100.0,147492.70719912302,1436.059124699,0.9736475463564742
1970.0,Africa,Northern Africa,algeria,Saida,157,157,100.0,196193.058564965,0.0,0.0
1986.0,Africa,Northern Africa,algeria,Relizane,105,105,100.0,139962.556866805,6268.598330895,4.478768087139544
1990.0,Africa,Northern Africa,algeria,El Abiodh Sidi Cheikh,135,135,100.0,147807.821482806,24141.461821683002,16.333006994823545
2002.0,Africa,Northern Africa,algeria,Oued Rhiou,44,44,100.0,63820.005220703,21334.216831275,33.42872937333175
2007.0,Africa,Northern Africa,algeria,Frenda,48,48,100.0,58481.297626695,655.411019275,1.1207190091073218
2018.0,Africa,Northern Africa,algeria,Chettia,86,86,100.0,96537.228577763,40595.194054147,42.0513356890566
2023.0,Africa,Northern Africa,algeria,Ash Shalif,169,169,100.0,216275.80118634598,49906.434517625996,23.075366843573025
2024.0,Africa,Northern Africa,algeria,Tiaret,193,193,100.0,250578.142881158,0.0,0.0
2037.0,Africa,Northern Africa,algeria,Sougueur,81,81,100.0,91766.34156867,0.0,0.0
2050.0,Africa,Northern Africa,algeria,Tissemsilt,50,50,100.0,77696.803373632,6487.35324238,8.349575478907816
2055.0,Africa,Northern Africa,algeria,Ain Defla,70,70,100.0,77054.89868118001,5952.778809314,7.725373611798562
2060.0,Africa,Northern Africa,algeria,Aflou,163,163,100.0,186728.056779715,12126.334037302,6.494114621247069
2062.0,Africa,Northern Africa,algeria,Khemis Miliana,74,74,100.0,103977.010588977,20528.641584348,19.743442774574554
2068.0,Africa,Northern Africa,algeria,Ksar Chellala,55,55,100.0,67846.59616415901,9208.10707384,13.571951423414696
2084.0,Africa,Northern Africa,algeria,Kolea القليعة,138,138,100.0,229488.73319625598,27515.381665449,11.98986167304265
2088.0,Africa,Northern Africa,algeria,Medea,104,104,100.0,157996.258719002,986.672449531,0.6244910211993103
2089.0,Africa,Northern Africa,algeria,Blida,451,451,100.0,647758.6330995059,114851.60353692199,17.730617187973312
2092.0,Africa,Northern Africa,algeria,Ksar El Boukhari,54,54,100.0,72243.570273488,6126.12439906,8.479819554693533
2095.0,Africa,Northern Africa,algeria,Algiers,2248,2248,100.0,4098005.835226121,600692.116625658,14.658156693242308
2096.0,Africa,Northern Africa,algeria,Boufarik,67,67,100.0,83583.33769933801,15241.34110275,18.23490365696501
2097.0,Africa,Northern Africa,algeria,Laghouat,219,219,100.0,228793.686571102,6018.066448105,2.630346378126466
2098.0,Africa,Northern Africa,algeria,Berrouaghia,38,38,100.0,54394.60813607901,0.0,0.0
2099.0,Africa,Northern Africa,algeria,Ain Oussara,112,112,100.0,119894.489654192,39851.050288959996,33.23843356262757
2105.0,Africa,Northern Africa,algeria,El Menia,70,70,100.0,67766.38712092601,5647.5910011040005,8.33391190093421
2108.0,Africa,Northern Africa,algeria,Hassi Bahbah,119,119,100.0,130853.830737478,38572.981637382,29.477915487830092
2109.0,Africa,Northern Africa,algeria,Bougara,85,85,100.0,115247.98631339999,13955.731257298,12.109305944268248
2111.0,Africa,Northern Africa,algeria,Larbaa,86,86,100.0,107222.77327304299,16514.177940889,15.401744831609248
2113.0,Africa,Northern Africa,algeria,Meftah,70,70,100.0,115744.237272907,4181.364086513,3.6125894342834455
2116.0,Africa,Northern Africa,algeria,Djelfa,504,504,100.0,603011.686845926,206963.23966440302,34.321596774837246
2117.0,Africa,Northern Africa,algeria,Khemis El Khechna,48,48,100.0,77899.08826631101,2190.9459249789998,2.812543732846893
2128.0,Africa,Northern Africa,algeria,Messaad,146,146,100.0,149726.569921008,38780.026011825,25.900563962885396
2137.0,Africa,Northern Africa,algeria,Bordj Menaiel,49,49,100.0,73421.824385225,10492.790215648001,14.291105272180504
2143.0,Africa,Northern Africa,algeria,Ghardaia,107,107,100.0,126174.665282178,43466.186614688995,34.4492188804154
2146.0,Africa,Northern Africa,algeria,Sidi Aissa,62,62,100.0,91372.62482881201,24993.392852898,27.353261329335233
2158.0,Africa,Northern Africa,algeria,Bouira,72,72,100.0,96486.74268339301,2718.319471595,2.817298414264811
2170.0,Africa,Northern Africa,algeria,Tizi Ouzou,89,89,100.0,116689.04846988499,849.091994447,0.7276535421112231
2177.0,Africa,Northern Africa,algeria,Bou Saada,158,158,100.0,168525.298848424,16030.952515877,9.512490187182907
2203.0,Africa,Northern Africa,algeria,M'Sila,177,177,100.0,195290.85004262102,4005.985597899,2.05129200729308
2207.0,Africa,Northern Africa,algeria,Guerrara,35,35,100.0,67100.599861026,9245.87416353,13.779122962655174
2213.0,Africa,Northern Africa,algeria,Bordj Bou Arreridjj,187,187,100.0,210933.94508151803,18801.455397093,8.91343277623094
2230.0,Africa,Northern Africa,algeria,Bejaia,131,131,100.0,204653.12670827797,20498.076399161,10.016009395439095
2231.0,Africa,Northern Africa,algeria,Ras El Oued,49,49,100.0,57990.091178913004,3483.140821391,6.006441360205307
2242.0,Africa,Northern Africa,algeria,Ouled Djellal,79,79,100.0,86395.93254204503,605.225973037,0.7005260030528215
2255.0,Africa,Northern Africa,algeria,Aïn Oulmane,60,60,100.0,70867.84923664501,2471.166372056,3.487006306349405
2261.0,Africa,Northern Africa,algeria,Setif,283,283,100.0,357997.26997853594,694.533170114,0.194005158239235
2266.0,Africa,Northern Africa,algeria,Barika,104,104,100.0,123151.24940061901,32652.082538070998,26.513805338548902
2271.0,Africa,Northern Africa,algeria,Tulqa,70,70,100.0,68577.392613073,8931.8065831,13.02441846031533
2274.0,Africa,Northern Africa,algeria,Ouargla,234,234,100.0,237338.529517974,6472.541643923,2.7271348049001984
2291.0,Africa,Northern Africa,algeria,El Eulma,180,180,100.0,194948.87162602,3301.231204776,1.6933830789792486
2293.0,Africa,Northern Africa,algeria,Jijel,120,120,100.0,169517.45087800798,16439.21874835,9.69765570636168
2301.0,Africa,Northern Africa,algeria,Biskra,271,271,100.0,298648.579536088,6517.450645937,2.18231429597322
2322.0,Africa,Northern Africa,algeria,Aïn Touta,57,57,100.0,62077.12142313501,7761.952918231001,12.503725592112044
2326.0,Africa,Northern Africa,algeria,Tadjenanet,55,55,100.0,52118.222126966,3656.4537436990004,7.0156916227715085
2337.0,Africa,Northern Africa,algeria,Batna,321,321,100.0,379889.85206629604,15790.882511451002,4.156700271292131
2343.0,Africa,Northern Africa,algeria,Chelghoum Laid,56,56,100.0,69996.204125824,0.0,0.0
2345.0,Africa,Northern Africa,algeria,Touggourt,175,175,100.0,165933.396380129,19018.129609259,11.461303163885864
2350.0,Africa,Northern Africa,algeria,Mila,66,66,100.0,78440.88666364699,5055.913989893999,6.445508464958665
2377.0,Africa,Northern Africa,algeria,Constantine,343,343,100.0,567466.483476187,48699.232712112,8.581869437255603
2378.0,Africa,Northern Africa,algeria,Ali Mendjeli,130,130,100.0,153561.84527565597,2116.4544187779998,1.3782423719764454
2379.0,Africa,Northern Africa,algeria,Ain Mlila,92,92,100.0,99104.41769358798,0.0,0.0
2388.0,Africa,Northern Africa,algeria,El Khroub,81,81,100.0,119583.977327542,10825.136159067,9.052329919933017
2400.0,Africa,Northern Africa,algeria,Skikda,132,132,100.0,269216.92811716103,11476.850071931,4.263049189438922
2403.0,Africa,Northern Africa,algeria,Ain Fakroun,51,51,100.0,60835.867766378,5736.5324550899995,9.429523512542701
2413.0,Africa,Northern Africa,algeria,El Oued,269,269,100.0,262499.47776794,10317.104101391,3.9303331911813286
2427.0,Africa,Northern Africa,algeria,Oum El Bouaghi,80,80,100.0,95331.082707659,0.0,0.0
2434.0,Africa,Northern Africa,algeria,Khenchela,154,154,100.0,162113.388437231,2073.032504811,1.278754657338904
2453.0,Africa,Northern Africa,algeria,Guelma,128,128,100.0,157340.03762139298,18190.289278562002,11.561131898502056
2454.0,Africa,Northern Africa,algeria,Ain Beida,149,149,100.0,167489.98198127904,0.0,0.0
2466.0,Africa,Northern Africa,algeria,Sedrata,57,57,100.0,60695.37883871899,1552.555223304,2.5579463428830085
2480.0,Africa,Northern Africa,algeria,Annaba,264,264,100.0,472239.196746657,29091.352282778,6.160300221411881
2497.0,Africa,Northern Africa,algeria,Cheria,90,90,100.0,83586.564611694,23639.544564014996,28.281512314609174
2500.0,Africa,Northern Africa,algeria,M'Daourouch,44,44,100.0,55996.31462415201,0.0,0.0
2508.0,Africa,Northern Africa,algeria,Souk Ahras,176,176,100.0,219773.389744744,8802.853930532001,4.005423013566876
2539.0,Africa,Northern Africa,algeria,Tebessa,194,194,100.0,258156.611565005,37528.42441513,14.537076617028719
2545.0,Africa,Northern Africa,algeria,Bir El Ater,92,92,100.0,96959.273041335,0.0,0.0
2985.0,Africa,Middle Africa,angola,Namibe,360,360,100.0,318529.441478724,142442.21985479997,44.718698275906256
3002.0,Africa,Middle Africa,angola,Cabinda,595,595,100.0,1086967.583967624,691323.133607422,63.601081007767526
3011.0,Africa,Middle Africa,angola,Soyo,75,75,100.0,114378.74970171698,78948.709486304,69.02393118668518
3050.0,Africa,Middle Africa,angola,Luanda,9062,9062,100.0,10729532.902254956,7037484.142618522,65.58984633095723
3064.0,Africa,Middle Africa,angola,Benguela,334,334,100.0,372756.678670212,200412.931135422,53.76508124559528
3065.0,Africa,Middle Africa,angola,Lubango,751,751,100.0,1048557.11967693,559606.2419566041,53.36917097363507
3079.0,Africa,Middle Africa,angola,Panguila,44,44,100.0,52474.788587071,6094.462984470001,11.61407820511274
3082.0,Africa,Middle Africa,angola,Lobito,219,219,100.0,497843.622734794,338945.114610306,68.08264666490771
3100.0,Africa,Middle Africa,angola,Caxito,59,59,100.0,53145.42094989901,37875.527130597,71.26771498583638
3103.0,Africa,Middle Africa,angola,Porto Amboim,30,30,100.0,32008.314293378004,13015.619988810002,40.663247272296125
3109.0,Africa,Middle Africa,angola,Sumbe,63,63,100.0,163559.452122301,114865.74065609301,70.22873894820982
3133.0,Africa,Middle Africa,angola,Cubal,70,70,100.0,106816.83648339398,50697.929975137,47.462489663807474
3143.0,Africa,Middle Africa,angola,Vila Nova do Seles,34,34,100.0,74720.57755302198,33549.860278793,44.900429543636626
3144.0,Africa,Middle Africa,angola,M'banza Congo,121,121,100.0,296541.432794063,158851.243851695,53.567976102014484
3145.0,Africa,Middle Africa,angola,Gabela,56,56,100.0,150021.97977691502,107282.251264213,71.51102220070909
3158.0,Africa,Middle Africa,angola,Ganda,73,73,100.0,95482.40543508499,37436.628625882004,39.2078817613511
3171.0,Africa,Middle Africa,angola,Balombo,36,36,100.0,44755.839847821,24077.412267027998,53.79725271360367
3178.0,Africa,Middle Africa,angola,Matala,190,190,100.0,240268.5986186,86753.023579957,36.1066839689975
3184.0,Africa,Middle Africa,angola,Calulo,36,36,100.0,67214.758790822,50524.607775093,75.16891927311656
3188.0,Africa,Middle Africa,angola,N'dalatando,67,67,100.0,104826.642261684,85621.441949296,81.67908472691026
3189.0,Africa,Middle Africa,angola,Caconda,58,58,100.0,70824.77290729,17345.751614808,24.49107974905007
3197.0,Africa,Middle Africa,angola,Waku Kungo,99,99,100.0,101475.99020369,49299.098272979994,48.582032236416964
3198.0,Africa,Middle Africa,angola,Uíge,108,108,100.0,243142.766208355,136412.668851655,56.10393884174191
3210.0,Africa,Middle Africa,angola,Negage,40,40,100.0,48713.566606519,5883.586963366999,12.077922790772702
3217.0,Africa,Middle Africa,angola,Calilongue,76,76,100.0,77781.58008260399,29130.153030657,37.45122302699533
3227.0,Africa,Middle Africa,angola,Huambo,400,400,100.0,534007.383636265,300833.091349693,56.33500595089209
3231.0,Africa,Middle Africa,angola,Bailundo,65,65,100.0,59390.222297353,20419.54800477,34.382002987855614
3249.0,Africa,Middle Africa,angola,N/A,20,20,100.0,19305.151191683995,3962.1876379749997,20.52399175035612
3258.0,Africa,Middle Africa,angola,Malanje,611,611,100.0,886331.767861251,670834.5021967,75.68661380776712
3273.0,Africa,Middle Africa,angola,Chitembo,24,24,100.0,25594.366530307998,10450.885409407,40.83275668116813
3275.0,Africa,Middle Africa,angola,Andulo,46,46,100.0,55744.73383639999,11094.775064751,19.902821847373097
3282.0,Africa,Middle Africa,angola,Kuito,560,560,100.0,709989.682092573,442305.625114942,62.29747224090947
3315.0,Africa,Middle Africa,angola,Camacupa,54,54,100.0,57191.97705670199,16651.55205346,29.115188721227646
3318.0,Africa,Middle Africa,angola,Menongue,206,206,100.0,209411.802520347,103665.78975963201,49.50331763156452
3336.0,Africa,Middle Africa,angola,Cafunfo,79,79,100.0,149603.814797725,87668.416330151,58.60038826462075
3399.0,Africa,Middle Africa,angola,Luena,732,732,100.0,703227.4211263519,331561.277957321,47.14851383728223
3415.0,Africa,Middle Africa,angola,Saurimo,423,423,100.0,412517.658527856,250665.84949258697,60.764877408432284
3432.0,Africa,Middle Africa,angola,Lucapa,51,51,100.0,72729.282077211,27250.690902013,37.46866478495288
3435.0,Africa,Middle Africa,angola,Dundo,103,103,100.0,209521.838417589,113686.99098266299,54.26021069750176
3474.0,Africa,Middle Africa,angola,Luau,160,160,100.0,172564.13897604,88492.778300637,51.28109398959418
3496.0,Africa,Middle Africa,angola,Cazombo,32,32,100.0,181356.585263711,46056.62502666,25.395617677565426
1003.0,Latin America and the Caribbean,South America,argentina,San Rafael,136,136,100.0,121172.95202017401,0.0,0.0
1008.0,Latin America and the Caribbean,South America,argentina,San Carlos de Bariloche,112,112,100.0,102861.017434542,37784.975347056,36.73400894668512
1010.0,Latin America and the Caribbean,South America,argentina,Santiago del Estero,396,396,100.0,359913.12703331903,44078.057487734004,12.246860194030509
1014.0,Latin America and the Caribbean,South America,argentina,San Luis,212,212,100.0,189285.889490411,0.0,0.0
1032.0,Latin America and the Caribbean,South America,argentina,Villa Carlos Paz,53,53,100.0,57946.602783275,2666.164844311,4.60107187695312
1033.0,Latin America and the Caribbean,South America,argentina,Villa Mercedes,110,110,100.0,91777.691697076,793.521030504,0.8646121032582924
1035.0,Latin America and the Caribbean,South America,argentina,Cordoba,1458,1458,100.0,1428021.399177368,78278.72193671101,5.481621072471643
1036.0,Latin America and the Caribbean,South America,argentina,Neuquén,246,246,100.0,220640.189322948,10495.142531601,4.756677631489613
1037.0,Latin America and the Caribbean,South America,argentina,Cipolletti,84,84,100.0,69428.31876444601,0.0,0.0
1040.0,Latin America and the Caribbean,South America,argentina,General Roca,82,82,100.0,80896.389422408,6511.147840972,8.048749625862087
1043.0,Latin America and the Caribbean,South America,argentina,Río Cuarto,152,152,100.0,133546.498436199,0.0,0.0
1046.0,Latin America and the Caribbean,South America,argentina,Villa María,105,105,100.0,86774.150461331,0.0,0.0
1049.0,Latin America and the Caribbean,South America,argentina,Presidencia Roque Sáenz Peña,106,106,100.0,90496.253887816,4273.544144662001,4.722343700502471
1052.0,Latin America and the Caribbean,South America,argentina,San Francisco,62,62,100.0,56929.367070205015,0.0,0.0
1053.0,Latin America and the Caribbean,South America,argentina,Santa Rosa,131,131,100.0,115680.353673085,1050.82963336,0.9083907508872816
1054.0,Latin America and the Caribbean,South America,argentina,General Pico,55,55,100.0,49352.354637875,718.742974317,1.4563499139824372
1056.0,Latin America and the Caribbean,South America,argentina,Rafaela,88,88,100.0,78866.374270853,0.0,0.0
1058.0,Latin America and the Caribbean,South America,argentina,Venado Tuerto,75,75,100.0,60252.100044235995,0.0,0.0
1060.0,Latin America and the Caribbean,South America,argentina,Santa Fe,416,416,100.0,369831.208033158,3282.5528163,0.8875813465708648
1061.0,Latin America and the Caribbean,South America,argentina,Santo Tomé,72,72,100.0,61616.128356964,0.0,0.0
1064.0,Latin America and the Caribbean,South America,argentina,Reconquista,102,102,100.0,100683.46601868002,1255.95690425,1.2474311363267725
1065.0,Latin America and the Caribbean,South America,argentina,Resistencia,424,424,100.0,416199.394534081,155476.041489841,37.35614312074874
1067.0,Latin America and the Caribbean,South America,argentina,Paraná,231,231,100.0,211554.521722157,14019.195616514004,6.626753000782452
1069.0,Latin America and the Caribbean,South America,argentina,Corrientes,430,430,100.0,389103.25685924,86679.21766058101,22.276662076857825
1070.0,Latin America and the Caribbean,South America,argentina,Rosario,1428,1428,100.0,1303938.794563945,36003.419050682,2.7611279916494884
1071.0,Latin America and the Caribbean,South America,argentina,Goya,88,88,100.0,74028.242739268,8051.03993037,10.875632910436973
1073.0,Latin America and the Caribbean,South America,argentina,Formosa,195,195,100.0,174002.09363306197,18160.287396363005,10.436821199783761
1076.0,Latin America and the Caribbean,South America,argentina,Junín,98,98,100.0,81125.27043732902,0.0,0.0
1077.0,Latin America and the Caribbean,South America,argentina,Pergamino,103,103,100.0,88666.95124023201,1061.15671295,1.1967894442145965
1078.0,Latin America and the Caribbean,South America,argentina,Comodoro Rivadavia,165,165,100.0,148145.594864091,4674.291080139999,3.155200857931822
1080.0,Latin America and the Caribbean,South America,argentina,San Nicolás de los Arroyos,152,152,100.0,132244.933666142,13221.412763428,9.99767053217027
1081.0,Latin America and the Caribbean,South America,argentina,Puerto Madryn,103,103,100.0,100458.22395852699,716.694963686,0.7134258753985928
1082.0,Latin America and the Caribbean,South America,argentina,Trelew,131,131,100.0,115997.891703782,2124.385203005,1.8313998399470364
1083.0,Latin America and the Caribbean,South America,argentina,Bahía Blanca,275,275,100.0,251106.362166751,52697.34145855,20.986063835194877
1087.0,Latin America and the Caribbean,South America,argentina,Viedma,79,79,100.0,71177.19233398302,8380.373321169001,11.773958829179405
1089.0,Latin America and the Caribbean,South America,argentina,Concordia,255,255,100.0,225800.369503411,15758.380657853,6.9788994112407545
1092.0,Latin America and the Caribbean,South America,argentina,Zárate,85,85,100.0,83341.84635297599,4361.783339863,5.2336053624125745
1093.0,Latin America and the Caribbean,South America,argentina,Olavarría,87,87,100.0,71087.104005815,1353.237431996,1.9036328050236844
1094.0,Latin America and the Caribbean,South America,argentina,Gualeguaychu,71,71,100.0,61190.495402135,0.0,0.0
1095.0,Latin America and the Caribbean,South America,argentina,Concepción del Uruguay,56,56,100.0,52306.386273088996,0.0,0.0
1096.0,Latin America and the Caribbean,South America,argentina,Campana,55,55,100.0,62126.340727186005,3344.30982668,5.383078719163247
1097.0,Latin America and the Caribbean,South America,argentina,Luján,76,76,100.0,64487.974781737,7968.0345678369995,12.35584555850178
1101.0,Latin America and the Caribbean,South America,argentina,Pilar,91,91,100.0,103005.438905953,20695.983037292997,20.09212645187507
1102.0,Latin America and the Caribbean,South America,argentina,General Rodríguez,44,44,100.0,39809.193460545,8677.490370968,21.797704541711663
1103.0,Latin America and the Caribbean,South America,argentina,Belén de Escobar,69,69,100.0,72258.67520871901,4070.125624678,5.632715536122759
1105.0,Latin America and the Caribbean,South America,argentina,Buenos Aires,15376,15376,100.0,13734029.29001883,984528.852180596,7.168536133064022
1107.0,Latin America and the Caribbean,South America,argentina,Posadas,415,415,100.0,377392.94657256396,58622.886414698005,15.533646547213934
1109.0,Latin America and the Caribbean,South America,argentina,Tristán Suárez,92,92,100.0,73767.89822975402,49293.551060264,66.822496293356
1116.0,Latin America and the Caribbean,South America,argentina,Río Gallegos,162,162,100.0,134824.973186975,12547.241363838999,9.30631845662488
1117.0,Latin America and the Caribbean,South America,argentina,La Plata,786,786,100.0,749678.544996018,57049.68781116901,7.609886689697386
1119.0,Latin America and the Caribbean,South America,argentina,Tandil,132,132,100.0,106805.41503068598,4111.766887194,3.849773802210927
1120.0,Latin America and the Caribbean,South America,argentina,Oberá,90,90,100.0,78621.219770856,7535.128512351,9.584090064123105
1123.0,Latin America and the Caribbean,South America,argentina,Eldorado,70,70,100.0,63367.59956420601,0.0,0.0
1130.0,Latin America and the Caribbean,South America,argentina,Necochea,90,90,100.0,75821.60292884901,1775.496667049,2.341676512319485
1141.0,Latin America and the Caribbean,South America,argentina,Mar del Plata,772,772,100.0,635167.242395018,6789.065355008001,1.0688626399259111
962.0,Latin America and the Caribbean,South America,argentina,San Juan,461,461,100.0,445470.62181596196,0.0,0.0
966.0,Latin America and the Caribbean,South America,argentina,Mendoza,1030,1030,100.0,1027446.128946508,26278.450812506002,2.5576475566121033
967.0,Latin America and the Caribbean,South America,argentina,San Salvador de Jujuy,205,205,100.0,199397.18830587802,7469.8361229209995,3.746209355501126
969.0,Latin America and the Caribbean,South America,argentina,Salta,578,578,100.0,525431.117730786,37541.480627203,7.14489099719405
974.0,Latin America and the Caribbean,South America,argentina,La Rioja,221,221,100.0,207839.44880498498,1689.95356998,0.813105298198552
975.0,Latin America and the Caribbean,South America,argentina,San Martín,92,92,100.0,81636.27593964101,0.0,0.0
977.0,Latin America and the Caribbean,South America,argentina,Libertador Gral. San Martín,54,54,100.0,48926.94657100899,1674.34898048,3.4221407584672634
979.0,Latin America and the Caribbean,South America,argentina,San Pedro,57,57,100.0,51931.771172429995,1133.503021468,2.182677378178398
980.0,Latin America and the Caribbean,South America,argentina,San Ramón de la Nueva Orán,103,103,100.0,90448.42341703901,10572.511212415002,11.688994471100214
986.0,Latin America and the Caribbean,South America,argentina,Concepción,62,62,100.0,56730.34778774201,0.0,0.0
991.0,Latin America and the Caribbean,South America,argentina,San Miguel de Tucumán,1047,1047,100.0,976608.357180053,91245.799719379,9.343131158825054
994.0,Latin America and the Caribbean,South America,argentina,Yacuiba,115,115,100.0,107317.967346367,2892.5879747,2.6953436094854637
995.0,Latin America and the Caribbean,South America,argentina,Tartagal,51,51,100.0,47839.248766669996,1106.71827735,2.3134106531393943
996.0,Latin America and the Caribbean,South America,argentina,San Fernando del Valle de Catamarca,202,202,100.0,177693.60515196197,832.963096364,0.46876368772621696
10012.0,Asia,South-Central Asia,bangladesh,Beanibazar,35,35,100.0,146623.299798009,0.0,0.0
10013.0,Asia,South-Central Asia,bangladesh,Feni,85,85,100.0,434456.11780217005,34567.907199779,7.956593493182096
10035.0,Asia,South-Central Asia,bangladesh,Chattogram,2273,2273,100.0,5720349.9873252455,1433988.869995458,25.068201651521164
10042.0,Asia,South-Central Asia,bangladesh,Khagrachhari,4,4,100.0,72366.69830731,0.0,0.0
10046.0,Asia,South-Central Asia,bangladesh,Raujan,8,8,100.0,111721.54577045,0.0,0.0
10069.0,Asia,South-Central Asia,bangladesh,Chakaria,30,30,100.0,154991.79192709798,14944.5601745,9.642162329169878
10072.0,Asia,South-Central Asia,bangladesh,রামু Ramu,100,100,100.0,402275.819360042,67002.15879272901,16.655775855312154
9523.0,Asia,South-Central Asia,bangladesh,Thakurgaon,69,69,100.0,259226.796670848,41882.36153148,16.156648181962424
9577.0,Asia,South-Central Asia,bangladesh,Bholarhat,12,12,100.0,76357.26007674,0.0,0.0
9583.0,Asia,South-Central Asia,bangladesh,Burimari,20,20,100.0,60694.03345039401,0.0,0.0
9584.0,Asia,South-Central Asia,bangladesh,N/A,33,33,100.0,62440.951629862,0.0,0.0
9590.0,Asia,South-Central Asia,bangladesh,Chapainawabganj,106,106,100.0,582422.194105692,22931.715289993997,3.9373010716402383
9593.0,Asia,South-Central Asia,bangladesh,Dinajpur,266,266,100.0,408192.823120901,68609.340445694,16.808071225047698
9604.0,Asia,South-Central Asia,bangladesh,Nilphamari,46,46,100.0,150729.82875132302,52497.96428560001,34.82918060778279
9608.0,Asia,South-Central Asia,bangladesh,Saidpur,113,113,100.0,259136.67565488,51590.169917597996,19.908478715805607
9614.0,Asia,South-Central Asia,bangladesh,Godagari,14,14,100.0,85886.38225588099,0.0,0.0
9639.0,Asia,South-Central Asia,bangladesh,Bodorganj,17,17,100.0,56375.942791221,2365.13674722,4.195294358054274
9650.0,Asia,South-Central Asia,bangladesh,Rajshahi,552,552,100.0,888386.443859221,42011.706855149,4.728990085963809
9678.0,Asia,South-Central Asia,bangladesh,Joypurhat,26,26,100.0,124339.294732163,0.0,0.0
9682.0,Asia,South-Central Asia,bangladesh,Naogaon,46,46,100.0,443625.66455299396,24401.603347849,5.500494064615612
9689.0,Asia,South-Central Asia,bangladesh,Baneshwar,19,19,100.0,76101.608087384,0.0,0.0
9706.0,Asia,South-Central Asia,bangladesh,Meherpur,83,83,100.0,104294.466123815,600.424133165,0.5757008549736435
9717.0,Asia,South-Central Asia,bangladesh,নাটোর,40,40,100.0,234237.358791455,22878.485220972,9.767223016436526
9722.0,Asia,South-Central Asia,bangladesh,Ulipur,75,75,100.0,183555.27451820302,0.0,0.0
9726.0,Asia,South-Central Asia,bangladesh,Bogura,376,376,100.0,1271776.432157376,101889.66745651099,8.011602108687498
9732.0,Asia,South-Central Asia,bangladesh,Gaibandha,21,21,100.0,249219.258429631,33090.459815742,13.277649578226855
9741.0,Asia,South-Central Asia,bangladesh,Chuadanga,28,28,100.0,130640.561036895,25092.291582930997,19.207121726800093
9745.0,Asia,South-Central Asia,bangladesh,Ishurdi,33,33,100.0,118222.05391376001,0.0,0.0
9749.0,Asia,South-Central Asia,bangladesh,Alamdanga,18,18,100.0,96517.924599109,5880.25937338,6.092401383270403
9755.0,Asia,South-Central Asia,bangladesh,Barkhada,163,163,100.0,471493.036005598,59176.941806703995,12.550968368067558
9759.0,Asia,South-Central Asia,bangladesh,Bogra,29,29,100.0,218433.58667434403,1827.86529444,0.8368059703039663
9769.0,Asia,South-Central Asia,bangladesh,Pabna,105,105,100.0,504752.7290978161,65354.597702186,12.947844347270665
9770.0,Asia,South-Central Asia,bangladesh,Alampur,19,19,100.0,53648.315663971,0.0,0.0
9780.0,Asia,South-Central Asia,bangladesh,Sirajganj,262,262,100.0,1864003.275392458,217306.967068493,11.658078606258881
9781.0,Asia,South-Central Asia,bangladesh,Kotchadpur,15,15,100.0,46113.605361235,0.0,0.0
9784.0,Asia,South-Central Asia,bangladesh,Benapole,45,45,100.0,71945.048472002,0.0,0.0
9802.0,Asia,South-Central Asia,bangladesh,Jhenaidah,68,68,100.0,210933.45507099497,17404.388375118,8.25112752704881
9808.0,Asia,South-Central Asia,bangladesh,কালীগঞ্জ,23,23,100.0,72106.069095661,6471.74544732,8.975313074873247
9817.0,Asia,South-Central Asia,bangladesh,Jamalpur,102,102,100.0,736950.8495091059,221677.222551127,30.080326618632647
9820.0,Asia,South-Central Asia,bangladesh,Jessore,317,317,100.0,550940.2879813199,100072.425148346,18.163933067051186
9832.0,Asia,South-Central Asia,bangladesh,Magura,19,19,100.0,173047.10659928498,50468.84356126,29.164800587003015
9845.0,Asia,South-Central Asia,bangladesh,Tangail,98,98,100.0,990822.0182642319,88891.61163563801,8.971501439921822
9852.0,Asia,South-Central Asia,bangladesh,Muktagacha,64,64,100.0,286496.561591881,14263.328869849,4.978534049622328
9863.0,Asia,South-Central Asia,bangladesh,Khulna,603,603,100.0,1111422.934769247,166548.871739814,14.985192992656101
9865.0,Asia,South-Central Asia,bangladesh,Faridpur,71,71,100.0,375554.514884399,26634.498839461998,7.092045970386077
9866.0,Asia,South-Central Asia,bangladesh,Mymensingh,405,405,100.0,731212.9984854469,315510.762437269,43.14895428428964
9868.0,Asia,South-Central Asia,bangladesh,Manikgonj,49,49,100.0,280654.745509251,0.0,0.0
9871.0,Asia,South-Central Asia,bangladesh,Trishal,36,36,100.0,190877.16780102902,13387.174658462001,7.0135023547797175
9872.0,Asia,South-Central Asia,bangladesh,Dhaka,10121,10121,100.0,30900264.22872728,9376843.464627342,30.345512242933836
9874.0,Asia,South-Central Asia,bangladesh,Jaigir,11,11,100.0,72932.35835749199,0.0,0.0
9878.0,Asia,South-Central Asia,bangladesh,Rampur,8,8,100.0,40586.917344241,0.0,0.0
9880.0,Asia,South-Central Asia,bangladesh,Bhaluka,35,35,100.0,118572.406546644,2834.42261318,2.3904571862299138
9885.0,Asia,South-Central Asia,bangladesh,Gafargaon,51,51,100.0,223838.716991327,13825.34304746,6.1764752913570735
9886.0,Asia,South-Central Asia,bangladesh,Gopalganj,19,19,100.0,176939.909866481,5017.51735792,2.8357182739079176
9891.0,Asia,South-Central Asia,bangladesh,Bagerhat,90,90,100.0,142865.368864099,2557.676715745,1.7902706135718556
9893.0,Asia,South-Central Asia,bangladesh,Netrokona,130,130,100.0,229257.789897018,75287.321166418,32.839591274188265
9902.0,Asia,South-Central Asia,bangladesh,Madaripur,40,40,100.0,232549.196392117,27102.7727189,11.654640454314952
9905.0,Asia,South-Central Asia,bangladesh,Kishoreganj,128,128,100.0,821332.226366923,109487.424896355,13.33046742615484
9911.0,Asia,South-Central Asia,bangladesh,Tarail,22,22,100.0,86579.22614407098,2806.18850527,3.2411799345496575
9916.0,Asia,South-Central Asia,bangladesh,Shariatpur,21,21,100.0,116012.91294844,0.0,0.0
9922.0,Asia,South-Central Asia,bangladesh,N/A,40,40,100.0,47984.482976219995,570.458098745,1.1888386898483534
9924.0,Asia,South-Central Asia,bangladesh,Brahmanbaria,407,407,100.0,2059668.501029281,179965.20827733702,8.737581226658696
9930.0,Asia,South-Central Asia,bangladesh,Gazaria,39,39,100.0,56592.473610391,1923.5840610599998,3.399010395450904
9932.0,Asia,South-Central Asia,bangladesh,N/A,3,3,100.0,128807.13793301,0.0,0.0
9933.0,Asia,South-Central Asia,bangladesh,Homna,61,61,100.0,544791.368932914,1680.09587817,0.3083925285859087
9935.0,Asia,South-Central Asia,bangladesh,Barisal,241,241,100.0,443259.58881971,81546.025627477,18.39690052608084
9938.0,Asia,South-Central Asia,bangladesh,Comilla,1951,1951,100.0,6140056.085092329,324009.41041888896,5.27697802639887
9941.0,Asia,South-Central Asia,bangladesh,Sunamganj District,33,33,100.0,244196.46967490102,63808.002837609994,26.12978104169878
9943.0,Asia,South-Central Asia,bangladesh,N/A,48,48,100.0,109656.41613181101,0.0,0.0
9946.0,Asia,South-Central Asia,bangladesh,Nabinagar,52,52,100.0,158318.50222467503,647.936773294,0.40926156083417936
9949.0,Asia,South-Central Asia,bangladesh,Shibpur,25,25,100.0,67984.282179698,0.0,0.0
9957.0,Asia,South-Central Asia,bangladesh,Shahbazpur Town,19,19,100.0,58833.363899749995,0.0,0.0
9958.0,Asia,South-Central Asia,bangladesh,Lakshmipur,57,57,100.0,946334.985345757,0.0,0.0
9961.0,Asia,South-Central Asia,bangladesh,Bhola,40,40,100.0,230861.877776234,18651.132235049998,8.078913857370535
9969.0,Asia,South-Central Asia,bangladesh,Habiganj,83,83,100.0,222606.550866281,31361.611655145996,14.088359723961947
9982.0,Asia,South-Central Asia,bangladesh,Sylhet,565,565,100.0,1413280.962805013,249838.84367343102,17.67793172403333
9991.0,Asia,South-Central Asia,bangladesh,Moulvibazar,68,68,100.0,339563.6610087609,18607.43129954,5.479806421058677
9997.0,Asia,South-Central Asia,bangladesh,Sreemangal,55,55,100.0,261619.46499807,29289.81023738,11.195577606427745
358.0,Latin America and the Caribbean,Central America,belize,Belize City,61,61,100.0,73861.04662429,34496.475332636,46.704557962886305
2041.0,Africa,Western Africa,benin,Natitingou,50,50,100.0,57510.440614855004,10782.752970686,18.74920945728384
2052.0,Africa,Western Africa,benin,Djougou,134,134,100.0,129815.570860275,33747.220045496,25.996280586262877
2056.0,Africa,Western Africa,benin,Lokossa,84,84,100.0,88004.490071986,13799.714689332002,15.680693880555523
2063.0,Africa,Western Africa,benin,Savalou,47,47,100.0,57977.974386033,8572.779148415999,14.78626881880371
2064.0,Africa,Western Africa,benin,Bohicon,274,274,100.0,258299.21316331398,25909.354492132,10.030752387832626
2070.0,Africa,Western Africa,benin,Whydah,136,136,100.0,131640.572710733,40990.40288451699,31.13812257151851
2073.0,Africa,Western Africa,benin,Tindji,64,64,100.0,61452.027565834,8015.132621083,13.042909955243267
2074.0,Africa,Western Africa,benin,Allada,54,54,100.0,54249.95177623499,15669.848145526,28.884538386613666
2077.0,Africa,Western Africa,benin,Dassa-Zoumé,42,42,100.0,51312.28523347701,3122.06288409,6.084435471708661
2078.0,Africa,Western Africa,benin,Cotonou,2055,2055,100.0,2217952.1882473826,736806.316550452,33.220117207876946
2090.0,Africa,Western Africa,benin,Banikoara,46,46,100.0,47089.721577716,6199.487326238001,13.165266471169259
2091.0,Africa,Western Africa,benin,Ouèssè,61,61,100.0,57613.010397633996,23773.89682799,41.2648057511786
2100.0,Africa,Western Africa,benin,Parakou,375,375,100.0,349648.77594998,75812.306464755,21.682417236776068
2101.0,Africa,Western Africa,benin,Porto-Novo,722,722,100.0,679439.814441659,238155.839266823,35.05179328687583
2102.0,Africa,Western Africa,benin,Kétou,100,100,100.0,90464.46979029801,11219.990518625,12.402648846153193
2107.0,Africa,Western Africa,benin,Pobè,97,97,100.0,102303.88877953301,41947.775827516,41.00310978198915
2121.0,Africa,Western Africa,benin,Kandi,100,100,100.0,89293.66108112302,34077.24988441899,38.163123195788685
2134.0,Africa,Western Africa,benin,Nikki,53,53,100.0,54746.003160985005,16218.520107303,29.625030451284534
2150.0,Africa,Western Africa,benin,Malanville,118,118,100.0,94471.687103113,50900.739879481,53.879359457108436
810.0,Latin America and the Caribbean,South America,bolivia,Cobija,96,96,100.0,96116.78452183999,16369.478755703001,17.03082228264042
849.0,Latin America and the Caribbean,South America,bolivia,El Alto [La Paz],1922,1922,100.0,1986589.910099077,376724.424198101,18.963371468010358
883.0,Latin America and the Caribbean,South America,bolivia,Riberalta,90,90,100.0,76790.68525425601,0.0,0.0
888.0,Latin America and the Caribbean,South America,bolivia,Oruro,317,317,100.0,299952.77299470897,55689.283961371,18.56601737846022
897.0,Latin America and the Caribbean,South America,bolivia,Cochabamba,1274,1274,100.0,1206558.98108127,164229.521932231,13.61139608650172
921.0,Latin America and the Caribbean,South America,bolivia,Trinidad,117,117,100.0,116796.02023034498,10591.333739310001,9.068231707229222
927.0,Latin America and the Caribbean,South America,bolivia,Potosí,231,231,100.0,226840.277437028,58104.64015847,25.614780944094086
940.0,Latin America and the Caribbean,South America,bolivia,Sucre,212,212,100.0,205245.583103705,49701.292109779,24.215523354120755
955.0,Latin America and the Caribbean,South America,bolivia,Villazón,62,62,100.0,57317.157650397,415.0227626,0.7240811994401565
965.0,Latin America and the Caribbean,South America,bolivia,Tarija,204,204,100.0,198228.23904820398,27280.520777194997,13.762176826159001
973.0,Latin America and the Caribbean,South America,bolivia,Montero,119,119,100.0,95255.14983450198,2114.0646005460003,2.219370400675464
976.0,Latin America and the Caribbean,South America,bolivia,Santa Cruz de la Sierra,2254,2254,100.0,1971734.290250827,177577.415433981,9.006153431119317
3495.0,Africa,Southern Africa,botswana,Maun,35,35,100.0,30497.502422430996,3116.55410197,10.219046985558286
3558.0,Africa,Southern Africa,botswana,Kanye,56,56,100.0,51951.190729047,11312.153900398001,21.774580604700443
3574.0,Africa,Southern Africa,botswana,Lobatse,55,55,100.0,84975.40255441,11564.286564603,13.6089812074716
3584.0,Africa,Southern Africa,botswana,Mmopane,106,106,100.0,107702.143781495,13483.621051115,12.519361804413503
3587.0,Africa,Southern Africa,botswana,Gaborone,158,158,100.0,159575.71790490698,11680.110615201002,7.319478657875325
3659.0,Africa,Southern Africa,botswana,Palapye,23,23,100.0,22947.112248995,0.0,0.0
3706.0,Africa,Southern Africa,botswana,Francistown,74,74,100.0,91804.932750774,7557.9567188539995,8.23262595199742
1001.0,Latin America and the Caribbean,South America,brazil,Manacapuru,59,59,100.0,72402.30726923399,7854.386496616001,10.848254417374866
1006.0,Latin America and the Caribbean,South America,brazil,Manaus,2028,2028,100.0,2364010.143879774,841339.296366464,35.589496032604664
1019.0,Latin America and the Caribbean,South America,brazil,Vilhena,92,92,100.0,74502.30792897899,0.0,0.0
1034.0,Latin America and the Caribbean,South America,brazil,Itacoatiara,66,66,100.0,69998.544365067,8057.922707453001,11.511557533865423
1047.0,Latin America and the Caribbean,South America,brazil,Parintins,79,79,100.0,80684.09566884,30149.642086446,37.36751566280456
1050.0,Latin America and the Caribbean,South America,brazil,Tangará da Serra,75,75,100.0,65113.82964776,1016.66211829,1.561361271161194
1051.0,Latin America and the Caribbean,South America,brazil,Cáceres,81,81,100.0,73080.60075472601,1234.63795251,1.6894195446664526
1055.0,Latin America and the Caribbean,South America,brazil,Itaituba,81,81,100.0,74605.813330729,0.0,0.0
1057.0,Latin America and the Caribbean,South America,brazil,Corumbá,130,130,100.0,125396.869168908,19359.336406313003,15.438452757728921
1062.0,Latin America and the Caribbean,South America,brazil,Sorriso,87,87,100.0,72844.165614816,3305.376888813,4.5376000410123565
1063.0,Latin America and the Caribbean,South America,brazil,Cuiabá,806,806,100.0,777276.510360322,54617.223238718,7.026743058708811
1066.0,Latin America and the Caribbean,South America,brazil,Sinop,132,132,100.0,116279.357650739,410.240208816,0.35280570610667866
1068.0,Latin America and the Caribbean,South America,brazil,Santarém,215,215,100.0,185032.836399781,1280.529268343,0.6920551472152192
1084.0,Latin America and the Caribbean,South America,brazil,Rondonópolis,206,206,100.0,194400.643263402,8456.07075404,4.349816241390981
1085.0,Latin America and the Caribbean,South America,brazil,Pedro Juan Caballero,210,210,100.0,179266.177130148,4549.428342061,2.537806302835418
1091.0,Latin America and the Caribbean,South America,brazil,Campo Grande,941,941,100.0,854871.1217193741,30138.815653688,3.5255391003348895
1099.0,Latin America and the Caribbean,South America,brazil,Uruguaiana,142,142,100.0,117049.198170447,25491.493491532005,21.778443500664824
1100.0,Latin America and the Caribbean,South America,brazil,Dourados,204,204,100.0,174730.208878353,3948.66134047,2.25986185549578
1106.0,Latin America and the Caribbean,South America,brazil,Altamira,102,102,100.0,102598.94064007999,2662.4680772439997,2.5950249199784756
1110.0,Latin America and the Caribbean,South America,brazil,São Félix do Xingu,58,58,100.0,48987.92939165301,6648.311623465001,13.571326051183943
1111.0,Latin America and the Caribbean,South America,brazil,São Borja,47,47,100.0,47494.25748573,0.0,0.0
1121.0,Latin America and the Caribbean,South America,brazil,Santana,101,101,100.0,140239.984875302,16540.949755139998,11.79474582077844
1122.0,Latin America and the Caribbean,South America,brazil,Macapá,386,386,100.0,467658.094948596,49634.466893164,10.613409118603991
1124.0,Latin America and the Caribbean,South America,brazil,Barra do Garças,67,67,100.0,64964.795662155,1471.585663849,2.2652047910715845
1125.0,Latin America and the Caribbean,South America,brazil,Mineiros,64,64,100.0,56704.692191774004,2160.567564782,3.8102094928493897
1126.0,Latin America and the Caribbean,South America,brazil,Toledo,108,108,100.0,102126.08500095001,460.765706326,0.45117337683287645
1127.0,Latin America and the Caribbean,South America,brazil,Rivera,123,123,100.0,130690.661529801,15058.812914180997,11.522485798074548
1128.0,Latin America and the Caribbean,South America,brazil,Umuarama,101,101,100.0,87856.04204299499,4872.516893191,5.5460236767853575
1129.0,Latin America and the Caribbean,South America,brazil,Breves,67,67,100.0,56173.534507903,8476.082955131,15.089103844691326
1131.0,Latin America and the Caribbean,South America,brazil,Cascavel,332,332,100.0,312097.926872265,1147.174577924,0.36756879144330684
1132.0,Latin America and the Caribbean,South America,brazil,Jataí,94,94,100.0,79336.542496798,2628.600763812,3.313228281807326
1133.0,Latin America and the Caribbean,South America,brazil,Santo Ângelo,61,61,100.0,61069.719657539,1837.919885414,3.0095436751969933
1134.0,Latin America and the Caribbean,South America,brazil,Cianorte,73,73,100.0,57484.586848297,406.122436856,0.70648926803243
1135.0,Latin America and the Caribbean,South America,brazil,Paranavaí,80,80,100.0,68293.891999602,893.807877295,1.3087669352629794
1136.0,Latin America and the Caribbean,South America,brazil,Ijuí,63,63,100.0,61832.086595671,641.597311441,1.0376446061678268
1139.0,Latin America and the Caribbean,South America,brazil,Parauapebas,210,210,100.0,187094.154056049,60226.312734608,32.19037657187601
1140.0,Latin America and the Caribbean,South America,brazil,Redenção,84,84,100.0,74268.75334681,1919.6517869610002,2.5847367842528266
1142.0,Latin America and the Caribbean,South America,brazil,Francisco Beltrão,68,68,100.0,66039.916463209,0.0,0.0
1143.0,Latin America and the Caribbean,South America,brazil,Tucuruí,101,101,100.0,103981.352796426,21051.299411511,20.245264026065417
1144.0,Latin America and the Caribbean,South America,brazil,Três Lagoas,118,118,100.0,104584.560878027,2748.633655105,2.6281447586806115
1145.0,Latin America and the Caribbean,South America,brazil,Campo Mourão,94,94,100.0,77129.28929188101,0.0,0.0
1147.0,Latin America and the Caribbean,South America,brazil,Rio Verde,254,254,100.0,214789.888685684,13604.383730426001,6.333810131227444
1148.0,Latin America and the Caribbean,South America,brazil,Santa Maria,215,215,100.0,220324.453643473,79987.532036188,36.30442772622193
1149.0,Latin America and the Caribbean,South America,brazil,Maringá,583,583,100.0,502777.951502251,1685.747873501,0.33528675401619173
1150.0,Latin America and the Caribbean,South America,brazil,Pato Branco,71,71,100.0,63609.24697071901,0.0,0.0
1151.0,Latin America and the Caribbean,South America,brazil,Bagé,105,105,100.0,99392.68386226601,3648.60887821,3.6709028637017997
1152.0,Latin America and the Caribbean,South America,brazil,Presidente Prudente,209,209,100.0,215077.780046748,5108.565048503,2.375217489873958
1153.0,Latin America and the Caribbean,South America,brazil,Chapecó,205,205,100.0,202116.30914283404,546.346146338,0.2703127464849467
1154.0,Latin America and the Caribbean,South America,brazil,Maraba,118,118,100.0,101403.084154507,12144.304510378,11.976267400184623
1155.0,Latin America and the Caribbean,South America,brazil,Marabá,101,101,100.0,98638.330094874,12010.271416925,12.176069288047632
1156.0,Latin America and the Caribbean,South America,brazil,Tailândia,106,106,100.0,86467.557736022,16016.889073392,18.523582130410322
1157.0,Latin America and the Caribbean,South America,brazil,Abaetetuba,99,99,100.0,100208.336607707,14049.568636094002,14.02035909556596
1158.0,Latin America and the Caribbean,South America,brazil,Carazinho,52,52,100.0,51079.88929695,0.0,0.0
1159.0,Latin America and the Caribbean,South America,brazil,Arapongas,106,106,100.0,104750.569942758,0.0,0.0
1160.0,Latin America and the Caribbean,South America,brazil,Apucarana,112,112,100.0,108165.674904149,0.0,0.0
1162.0,Latin America and the Caribbean,South America,brazil,Londrina,700,700,100.0,636563.075596269,19797.420794655998,3.110048564490132
1164.0,Latin America and the Caribbean,South America,brazil,Erechim,80,80,100.0,81981.918674659,0.0,0.0
1165.0,Latin America and the Caribbean,South America,brazil,Belém,2098,2098,100.0,2193998.683150673,695880.868821549,31.717469758105565
1166.0,Latin America and the Caribbean,South America,brazil,Passo Fundo,197,197,100.0,183864.171809483,3152.037911426,1.7143295947250066
1167.0,Latin America and the Caribbean,South America,brazil,Gurupi,84,84,100.0,74649.67076091601,2257.765503091,3.0244815282870454
1168.0,Latin America and the Caribbean,South America,brazil,Cachoeira do Sul,61,61,100.0,61889.771389526,2554.22865285,4.127061056299633
1170.0,Latin America and the Caribbean,South America,brazil,Guarapuava,146,146,100.0,141598.797177017,0.0,0.0
1171.0,Latin America and the Caribbean,South America,brazil,Araçatuba,196,196,100.0,184083.85358058696,593.607472397,0.3224658006939944
1172.0,Latin America and the Caribbean,South America,brazil,Fernandópolis,65,65,100.0,57958.946949245,0.0,0.0
1173.0,Latin America and the Caribbean,South America,brazil,Tupã,65,65,100.0,55040.524619546995,0.0,0.0
1174.0,Latin America and the Caribbean,South America,brazil,Trindade,73,73,100.0,65100.979661531,0.0,0.0
1175.0,Latin America and the Caribbean,South America,brazil,Birigui,131,131,100.0,115884.42150156299,0.0,0.0
1176.0,Latin America and the Caribbean,South America,brazil,Parque dos Buritis,111,111,100.0,92186.071106324,1771.8363899730002,1.9220218073177557
1177.0,Latin America and the Caribbean,South America,brazil,Goiânia,2619,2619,100.0,2325030.646255124,65979.791695101,2.8378030974074773
1178.0,Latin America and the Caribbean,South America,brazil,Santa Cruz do Sul,77,77,100.0,81474.66765918498,0.0,0.0
1179.0,Latin America and the Caribbean,South America,brazil,Goianésia,68,68,100.0,62965.931234344,0.0,0.0
1180.0,Latin America and the Caribbean,South America,brazil,Votuporanga,94,94,100.0,80812.77547501198,642.184949048,0.7946577076127886
1181.0,Latin America and the Caribbean,South America,brazil,Araguaína,178,178,100.0,155883.18075126,6811.580572106001,4.3696699921559325
1182.0,Latin America and the Caribbean,South America,brazil,Assis,102,102,100.0,91098.36665125798,1841.3876955179999,2.0213180139301343
1183.0,Latin America and the Caribbean,South America,brazil,Castanhal,179,179,100.0,175907.189686981,3389.461942119,1.9268467355714092
1184.0,Latin America and the Caribbean,South America,brazil,Penápolis,58,58,100.0,53234.31471536499,0.0,0.0
1185.0,Latin America and the Caribbean,South America,brazil,Palmas,78,78,100.0,85065.28200118699,0.0,0.0
1186.0,Latin America and the Caribbean,South America,brazil,Taquaralto,124,124,100.0,103491.02522308701,975.809310259,0.942892688670857
1187.0,Latin America and the Caribbean,South America,brazil,Senador Canedo,75,75,100.0,65420.945272442,2525.733239722,3.8607409740163794
1188.0,Latin America and the Caribbean,South America,brazil,Telêmaco Borba,65,65,100.0,69072.902097957,2274.86552978,3.2934268876582857
1189.0,Latin America and the Caribbean,South America,brazil,Ituiutaba,108,108,100.0,95333.58859741801,2865.355686415,3.0056098050761983
1190.0,Latin America and the Caribbean,South America,brazil,Anápolis,388,388,100.0,365346.689573759,7565.492106129001,2.0707706740015834
1191.0,Latin America and the Caribbean,South America,brazil,União da Vitória,59,59,100.0,60911.530704867,0.0,0.0
1192.0,Latin America and the Caribbean,South America,brazil,Lajeado,68,68,100.0,70589.83189409702,1805.3186306310001,2.5574768804371772
1193.0,Latin America and the Caribbean,South America,brazil,Itumbiara,107,107,100.0,87405.11794311201,1171.92644013,1.340798419713538
1194.0,Latin America and the Caribbean,South America,brazil,Marília,217,217,100.0,219978.561777993,8268.223741385,3.7586497859411714
1195.0,Latin America and the Caribbean,South America,brazil,Caçador,58,58,100.0,60684.993322122,0.0,0.0
1196.0,Latin America and the Caribbean,South America,brazil,Lins,76,76,100.0,68850.08191027901,0.0,0.0
1197.0,Latin America and the Caribbean,South America,brazil,São José do Rio Preto,457,457,100.0,432608.67176560103,2623.323409928,0.6063963995963045
1198.0,Latin America and the Caribbean,South America,brazil,Ourinhos,115,115,100.0,105973.663467471,4089.495478666,3.8589733947635825
1199.0,Latin America and the Caribbean,South America,brazil,Açailândia,94,94,100.0,89347.30247919599,7240.730553165,8.10402816005661
1200.0,Latin America and the Caribbean,South America,brazil,Bento Gonçalves,78,78,100.0,92385.87772373698,1046.84722117,1.133124723131824
1201.0,Latin America and the Caribbean,South America,brazil,Pelotas,271,271,100.0,293152.88369443803,3810.808431845,1.2999389205453353
1202.0,Latin America and the Caribbean,South America,brazil,Imperatriz,256,256,100.0,233574.582043743,0.0,0.0
1203.0,Latin America and the Caribbean,South America,brazil,Paragominas,109,109,100.0,90164.302697756,6309.289771607,6.997547347265212
1204.0,Latin America and the Caribbean,South America,brazil,Ponta Grossa,303,303,100.0,306757.53944091103,2049.12985583,0.667996574612215
1205.0,Latin America and the Caribbean,South America,brazil,Águas Lindas de Goiás,226,226,100.0,191818.336547249,7013.380821652,3.656261934022378
1206.0,Latin America and the Caribbean,South America,brazil,Caldas Novas,75,75,100.0,68898.80351269401,846.771743669,1.2290079079718554
1207.0,Latin America and the Caribbean,South America,brazil,Santo Antônio do Descoberto,75,75,100.0,67300.849594933,439.766462176,0.6534337453729699
1208.0,Latin America and the Caribbean,South America,brazil,Caxias do Sul,354,354,100.0,403627.640190028,12117.69342524,3.0021961378896123
1209.0,Latin America and the Caribbean,South America,brazil,Rio Grande,186,186,100.0,171212.156721937,15742.865384432998,9.194946016596672
1210.0,Latin America and the Caribbean,South America,brazil,Ceilândia,1407,1407,100.0,1364062.422374121,22911.212813814,1.6796308173300114
1211.0,Latin America and the Caribbean,South America,brazil,Recanto das Emas,204,204,100.0,187975.07186835798,465.217926622,0.24748916013065803
1212.0,Latin America and the Caribbean,South America,brazil,Guaíba,59,59,100.0,64982.85548212499,2294.953811345,3.5316296803489635
1213.0,Latin America and the Caribbean,South America,brazil,Catanduva,121,121,100.0,105200.662244391,739.357184293,0.7028065874484745
1214.0,Latin America and the Caribbean,South America,brazil,Novo Hamburgo,540,540,100.0,555217.348252989,17250.892749897,3.107052184910566
1215.0,Latin America and the Caribbean,South America,brazil,Gama,569,569,100.0,555019.44939441,19387.716524841995,3.4931598425958263
1216.0,Latin America and the Caribbean,South America,brazil,Canoas,350,350,100.0,341980.16240036,21848.518430546,6.388826263251988
1217.0,Latin America and the Caribbean,South America,brazil,Sapucaia do Sul,198,198,100.0,211808.631310626,4020.427677017,1.8981415687073104
1218.0,Latin America and the Caribbean,South America,brazil,Porto Alegre,1747,1747,100.0,1825393.219233639,172836.272915076,9.468440612901938
1219.0,Latin America and the Caribbean,South America,brazil,Guará,204,204,100.0,294572.43959045695,653.617192013,0.2218867430102157
1220.0,Latin America and the Caribbean,South America,brazil,Bauru,365,365,100.0,338827.062599124,7942.045318281,2.3439819881440407
1221.0,Latin America and the Caribbean,South America,brazil,Brasília,113,113,100.0,291202.942296171,2441.577036478,0.8384451809538273
1222.0,Latin America and the Caribbean,South America,brazil,Parque Santa Rita,94,94,100.0,76554.97965358399,710.397653358,0.927957471313549
1223.0,Latin America and the Caribbean,South America,brazil,Bragança,83,83,100.0,82155.67962651803,5119.522479207,6.231489414341759
1224.0,Latin America and the Caribbean,South America,brazil,Sapiranga,71,71,100.0,71643.015260471,3154.585940647,4.403200966874354
1225.0,Latin America and the Caribbean,South America,brazil,Luziânia,110,110,100.0,92566.75252158802,654.49391721,0.707050749195681
1226.0,Latin America and the Caribbean,South America,brazil,Gravataí,358,358,100.0,341436.16469395097,2612.674748078,0.7652015276178761
1227.0,Latin America and the Caribbean,South America,brazil,Sobradinho,138,138,100.0,143533.660028866,3006.612467868,2.0947089813381345
1228.0,Latin America and the Caribbean,South America,brazil,Uberlândia,773,773,100.0,650744.75181155,7909.829891104999,1.215504215606124
1229.0,Latin America and the Caribbean,South America,brazil,Barretos,127,127,100.0,112195.685445764,470.104398011,0.41900398945220674
1230.0,Latin America and the Caribbean,South America,brazil,Lages,141,141,100.0,133014.382351067,39321.239566216995,29.56164504259082
1231.0,Latin America and the Caribbean,South America,brazil,Itapoã,142,142,100.0,116380.24401437401,34326.466415796,29.495097476816056
1232.0,Latin America and the Caribbean,South America,brazil,Ibitinga,58,58,100.0,52038.260105443005,1032.93208825,1.9849473947764817
1233.0,Latin America and the Caribbean,South America,brazil,São Sebastião,109,109,100.0,95023.714557244,10554.233240593,11.106946607770146
1234.0,Latin America and the Caribbean,South America,brazil,Araguari,107,107,100.0,93682.373934363,0.0,0.0
1235.0,Latin America and the Caribbean,South America,brazil,Planaltina,167,167,100.0,139778.571392721,5946.721105815,4.254386810913333
1236.0,Latin America and the Caribbean,South America,brazil,Planaltina,79,79,100.0,71201.145901437,617.417166085,0.8671449851940362
1237.0,Latin America and the Caribbean,South America,brazil,Campo Largo,59,59,100.0,64335.88428787599,0.0,0.0
1238.0,Latin America and the Caribbean,South America,brazil,Bebedouro,75,75,100.0,69458.99543872601,0.0,0.0
1239.0,Latin America and the Caribbean,South America,brazil,Catalão,101,101,100.0,86261.10013610499,0.0,0.0
1240.0,Latin America and the Caribbean,South America,brazil,Avaré,75,75,100.0,71536.33415101499,3285.24115992,4.592409156701787
1241.0,Latin America and the Caribbean,South America,brazil,Lençóis Paulista,63,63,100.0,56706.542847321005,3528.418738855,6.222242728418584
1242.0,Latin America and the Caribbean,South America,brazil,Curitiba,2398,2398,100.0,2320890.485646269,70964.05677667599,3.0576219436271908
1243.0,Latin America and the Caribbean,South America,brazil,Araucária,100,100,100.0,107645.65218562502,2019.857394269,1.8763947760620576
1244.0,Latin America and the Caribbean,South America,brazil,Jaú,151,151,100.0,129056.12458914501,2291.614639856,1.7756729075442492
1245.0,Latin America and the Caribbean,South America,brazil,Jaboticabal,70,70,100.0,68920.684269569,0.0,0.0
1246.0,Latin America and the Caribbean,South America,brazil,Formosa,110,110,100.0,101629.739983663,4833.585015753,4.756073386126935
1247.0,Latin America and the Caribbean,South America,brazil,Fazenda Rio Grande,76,76,100.0,75273.33651786101,1883.1078413,2.5016930674425097
1248.0,Latin America and the Caribbean,South America,brazil,Matão,79,79,100.0,74655.32874453001,0.0,0.0
1249.0,Latin America and the Caribbean,South America,brazil,Itapeva,70,70,100.0,67322.79574336999,609.882573099,0.9059079712373082
1250.0,Latin America and the Caribbean,South America,brazil,Uberaba,351,351,100.0,325216.870026154,12387.545615135003,3.8090107730693044
1251.0,Latin America and the Caribbean,South America,brazil,São José dos Pinhais,155,155,100.0,176587.89468219603,5011.583594748,2.8380108408718
1252.0,Latin America and the Caribbean,South America,brazil,Botucatu,125,125,100.0,120566.01630182703,808.133250451,0.6702827838550337
1253.0,Latin America and the Caribbean,South America,brazil,Araraquara,226,226,100.0,216008.49242926697,4561.057117574,2.1115174992795893
1254.0,Latin America and the Caribbean,South America,brazil,Sertãozinho,137,137,100.0,112680.621176077,3176.19972247,2.8187630573200395
1255.0,Latin America and the Caribbean,South America,brazil,Tramandaí,57,57,100.0,53371.752491754996,795.031373728,1.4896107708863755
1256.0,Latin America and the Caribbean,South America,brazil,Jaraguá do Sul,85,85,100.0,100416.83209149202,0.0,0.0
1257.0,Latin America and the Caribbean,South America,brazil,Ribeirao Preto,703,703,100.0,654949.900651932,5889.578318898,0.8992410431752964
1258.0,Latin America and the Caribbean,South America,brazil,Balsas,88,88,100.0,82629.24642920101,7049.392066756,8.53135224075426
1259.0,Latin America and the Caribbean,South America,brazil,Blumenau,153,153,100.0,231352.22391738198,0.0,0.0
1260.0,Latin America and the Caribbean,South America,brazil,São Carlos,256,256,100.0,228674.691638897,2850.5357994819997,1.2465462526930247
1261.0,Latin America and the Caribbean,South America,brazil,Unaí,66,66,100.0,60236.211501144004,761.570250337,1.2643063555259217
1262.0,Latin America and the Caribbean,South America,brazil,Joinville,531,531,100.0,550775.596282578,10676.888570989999,1.9385188165657528
1263.0,Latin America and the Caribbean,South America,brazil,Batatais,52,52,100.0,50707.559745613,492.060621528,0.9703890780714822
1264.0,Latin America and the Caribbean,South America,brazil,Criciúma,161,161,100.0,157748.008332931,2910.2252937469993,1.8448570758528362
1265.0,Latin America and the Caribbean,South America,brazil,Paracatu,75,75,100.0,71896.947931976,4339.311721548,6.035460261336214
1266.0,Latin America and the Caribbean,South America,brazil,Paranaguá,129,129,100.0,146678.419426446,6127.31773555,4.177381894016544
1267.0,Latin America and the Caribbean,South America,brazil,Franca,378,378,100.0,346690.222536016,5426.029503604001,1.5650944707678673
1268.0,Latin America and the Caribbean,South America,brazil,Itapetininga,124,124,100.0,123933.659880819,2306.541382909,1.8611097139607502
1269.0,Latin America and the Caribbean,South America,brazil,Patrocínio,56,56,100.0,53273.56565883601,0.0,0.0
1270.0,Latin America and the Caribbean,South America,brazil,Tatuí,107,107,100.0,97072.639086336,707.684683146,0.7290259024652541
1271.0,Latin America and the Caribbean,South America,brazil,Piracicaba,353,353,100.0,366673.123653051,3313.973073181,0.9037949223452515
1272.0,Latin America and the Caribbean,South America,brazil,Itajaí,267,267,100.0,257920.65611323598,5342.175603492,2.071247679032967
1273.0,Latin America and the Caribbean,South America,brazil,Rio Claro,205,205,100.0,196010.320590153,533.41330708,0.2721353168924908
1274.0,Latin America and the Caribbean,South America,brazil,Santa Inês,88,88,100.0,78881.52878825,0.0,0.0
1275.0,Latin America and the Caribbean,South America,brazil,Balneário Camboriú,189,189,100.0,192567.26112697698,17443.802490928,9.058550445615845
1276.0,Latin America and the Caribbean,South America,brazil,Pirassununga,62,62,100.0,57615.255680434006,0.0,0.0
1277.0,Latin America and the Caribbean,South America,brazil,Tubarão,74,74,100.0,74773.46859192399,0.0,0.0
1278.0,Latin America and the Caribbean,South America,brazil,Araxá,103,103,100.0,93929.69011759401,4628.698049356,4.927832768915946
1279.0,Latin America and the Caribbean,South America,brazil,Itapema,54,54,100.0,61426.49090759199,0.0,0.0
1280.0,Latin America and the Caribbean,South America,brazil,Leme,100,100,100.0,89936.020489777,1934.138121425,2.150571162579795
1281.0,Latin America and the Caribbean,South America,brazil,Florianópolis,549,549,100.0,659036.1769166109,20374.703185640996,3.091591008094089
1282.0,Latin America and the Caribbean,South America,brazil,Limeira,291,291,100.0,295376.57395976403,11737.470330275,3.9737309472192166
1283.0,Latin America and the Caribbean,South America,brazil,Araras,83,83,100.0,80203.035201507,900.175035429,1.1223702858219087
1284.0,Latin America and the Caribbean,South America,brazil,Americana,490,490,100.0,431497.062799619,7311.188321359001,1.6943773090650704
1285.0,Latin America and the Caribbean,South America,brazil,São Sebastião do Paraíso,72,72,100.0,57054.522006228,1401.913840767,2.4571476396103518
1286.0,Latin America and the Caribbean,South America,brazil,Sorocaba,648,648,100.0,704159.388567792,8382.660780582,1.190449338129498
1287.0,Latin America and the Caribbean,South America,brazil,Patos de Minas,140,140,100.0,128173.28048043499,3069.2824099830004,2.394635136495169
1288.0,Latin America and the Caribbean,South America,brazil,Sumaré,295,295,100.0,282194.6516352539,2006.349472835,0.7109806869863268
1289.0,Latin America and the Caribbean,South America,brazil,Cosmópolis,67,67,100.0,60904.865029378,563.042168661,0.924461729599781
1290.0,Latin America and the Caribbean,South America,brazil,Salto,115,115,100.0,114187.1318665,2019.277681355,1.768393380539416
1291.0,Latin America and the Caribbean,South America,brazil,Campinas,1454,1454,100.0,1534965.345188635,50777.336816849005,3.308044509018468
1292.0,Latin America and the Caribbean,South America,brazil,Itu,97,97,100.0,104341.672646167,1421.635564101,1.3624810950864354
1293.0,Latin America and the Caribbean,South America,brazil,Indaiatuba,219,219,100.0,199431.03621987702,697.612939563,0.34980159196177807
1294.0,Latin America and the Caribbean,South America,brazil,Passos,118,118,100.0,104792.588065096,3307.420666344,3.156158968313166
1295.0,Latin America and the Caribbean,South America,brazil,Mogi Guaçu,153,153,100.0,138236.675961343,1165.143943793,0.8428616614875962
1296.0,Latin America and the Caribbean,South America,brazil,Mogi Mirim,69,69,100.0,68225.09559082301,0.0,0.0
1297.0,Latin America and the Caribbean,South America,brazil,Bacabal,80,80,100.0,84099.838502808,0.0,0.0
1298.0,Latin America and the Caribbean,South America,brazil,São Roque,55,55,100.0,55415.471465473995,1356.88648279,2.4485697710528243
1299.0,Latin America and the Caribbean,South America,brazil,São João da Boa Vista,74,74,100.0,78497.004991362,994.637916557,1.2671030145245061
1300.0,Latin America and the Caribbean,South America,brazil,Jardim Alice,40,40,100.0,53259.723836994,1349.1790407170001,2.5332069780276734
1301.0,Latin America and the Caribbean,South America,brazil,Itapira,65,65,100.0,61867.633943219,645.921283956,1.0440374761200906
1302.0,Latin America and the Caribbean,South America,brazil,Jundiaí,410,410,100.0,478974.548822124,10495.513261015,2.1912465467789817
1303.0,Latin America and the Caribbean,South America,brazil,São Paulo,17108,17108,100.0,19229681.266238384,2020247.544759473,10.505881594129324
1304.0,Latin America and the Caribbean,South America,brazil,Itatiba,74,74,100.0,91366.07971759001,3229.320760133,3.534485413092846
1305.0,Latin America and the Caribbean,South America,brazil,Poços de Caldas,116,116,100.0,125580.22410074402,11818.086954139,9.410786641579964
1306.0,Latin America and the Caribbean,South America,brazil,Polvilho,71,71,100.0,79033.49277433901,0.0,0.0
1307.0,Latin America and the Caribbean,South America,brazil,Barreiras,174,174,100.0,146997.005030111,8129.707349555,5.530525841590925
1308.0,Latin America and the Caribbean,South America,brazil,Itapecerica da Serra,66,66,100.0,74372.672093022,2398.142010084,3.2244935439249938
1309.0,Latin America and the Caribbean,South America,brazil,Jardim Britânia,49,49,100.0,66748.72049067101,4464.417645574,6.688394343376154
1310.0,Latin America and the Caribbean,South America,brazil,Francisco Morato,305,305,100.0,349348.517102436,33989.16053484,9.729298643301151
1311.0,Latin America and the Caribbean,South America,brazil,Perus,67,67,100.0,80151.695712571,13157.637256604,16.415918764573757
1312.0,Latin America and the Caribbean,South America,brazil,São Luís,1208,1208,100.0,1267159.3890674692,102533.125694355,8.091572897535125
1313.0,Latin America and the Caribbean,South America,brazil,Praia Grande,488,488,100.0,502558.72719137,12743.401127119,2.535703876507635
1314.0,Latin America and the Caribbean,South America,brazil,Bragança Paulista,126,126,100.0,118784.993678017,4857.5446729489995,4.089358868104198
1315.0,Latin America and the Caribbean,South America,brazil,Atibaia,91,91,100.0,89127.612616988,0.0,0.0
1316.0,Latin America and the Caribbean,South America,brazil,Alfenas,83,83,100.0,70999.768452613,623.117215115,0.8776327426065957
1317.0,Latin America and the Caribbean,South America,brazil,Ribeirão Pires,95,95,100.0,107868.976856523,1238.6306968489998,1.1482733339507873
1318.0,Latin America and the Caribbean,South America,brazil,Arujá,57,57,100.0,58639.200805002,3195.621103724,5.449632771003607
1319.0,Latin America and the Caribbean,South America,brazil,Cubatão,57,57,100.0,66253.517178438,7057.948987436,10.652942346331745
1320.0,Latin America and the Caribbean,South America,brazil,Santos,1012,1012,100.0,1058905.222216847,59827.23028054101,5.649913611275906
1321.0,Latin America and the Caribbean,South America,brazil,Codó,90,90,100.0,87251.53395855501,0.0,0.0
1322.0,Latin America and the Caribbean,South America,brazil,Pouso Alegre,113,113,100.0,111794.129028071,4235.248256872999,3.7884353084494693
1323.0,Latin America and the Caribbean,South America,brazil,Pirapora,69,69,100.0,68450.04300808301,2607.561326438,3.809437089951986
1324.0,Latin America and the Caribbean,South America,brazil,Sao Jose dos Campos,649,649,100.0,817572.895103848,21161.319139657997,2.5883097723011095
1325.0,Latin America and the Caribbean,South America,brazil,Formiga,58,58,100.0,55611.678185562,2001.0979220059999,3.5983411889295014
1326.0,Latin America and the Caribbean,South America,brazil,Varginha,134,134,100.0,124243.70814645299,4906.539031862,3.9491247525213824
1327.0,Latin America and the Caribbean,South America,brazil,Caçapava,59,59,100.0,53449.79564959299,0.0,0.0
1328.0,Latin America and the Caribbean,South America,brazil,Nova Serrana,93,93,100.0,84730.08579302601,1626.998418253,1.9202133492787228
1329.0,Latin America and the Caribbean,South America,brazil,Taubaté,278,278,100.0,292070.41837126296,3210.497141753,1.0992202358788703
1330.0,Latin America and the Caribbean,South America,brazil,Itajubá,58,58,100.0,68050.49816076,679.412143758,0.9983940781050296
1331.0,Latin America and the Caribbean,South America,brazil,Caxias,132,132,100.0,125424.41181034298,0.0,0.0
1332.0,Latin America and the Caribbean,South America,brazil,Três Corações,57,57,100.0,64844.631421989994,28238.45615789,43.547870561746805
1333.0,Latin America and the Caribbean,South America,brazil,Pindamonhangaba,74,74,100.0,77367.25725681902,1732.641504782,2.239502298796159
1334.0,Latin America and the Caribbean,South America,brazil,Divinópolis,198,198,100.0,205906.67984789802,3608.166753137,1.7523310830917822
1335.0,Latin America and the Caribbean,South America,brazil,Lavras,78,78,100.0,85667.04555382798,1912.058354878,2.231964861770071
1336.0,Latin America and the Caribbean,South America,brazil,Guaratinguetá,81,81,100.0,88851.850961266,0.0,0.0
1337.0,Latin America and the Caribbean,South America,brazil,Curvelo,60,60,100.0,51856.20110191001,1414.853986351,2.728418118347059
1338.0,Latin America and the Caribbean,South America,brazil,Pará de Minas,76,76,100.0,71747.948907342,2839.626633111,3.9577809210660515
1339.0,Latin America and the Caribbean,South America,brazil,Lorena,91,91,100.0,83556.273164795,3522.29813381,4.215480179283606
1340.0,Latin America and the Caribbean,South America,brazil,Itaúna,91,91,100.0,84453.44176915,4059.68382324,4.807008143418214
1341.0,Latin America and the Caribbean,South America,brazil,Floriano,67,67,100.0,58927.074974047,0.0,0.0
1342.0,Latin America and the Caribbean,South America,brazil,Cruzeiro,75,75,100.0,83506.614708751,785.145943401,0.9402200605776937
1343.0,Latin America and the Caribbean,South America,brazil,Teresina,1082,1082,100.0,966800.013393023,11460.460128125,1.1854013207865046
1344.0,Latin America and the Caribbean,South America,brazil,Montes Claros,400,400,100.0,375003.730063421,46931.669072598,12.51498726816954
1345.0,Latin America and the Caribbean,South America,brazil,Sete Lagoas,215,215,100.0,201604.803117676,8247.555559759001,4.090951917918807
1346.0,Latin America and the Caribbean,South America,brazil,Belo Horizonte,4414,4414,100.0,4365553.724911086,811236.313464205,18.58266704713908
1347.0,Latin America and the Caribbean,South America,brazil,Belvedere,62,62,100.0,59088.223323633,16706.156297356,28.27324187064224
1348.0,Latin America and the Caribbean,South America,brazil,Icaivera,58,58,100.0,56396.109457414,18156.933239441998,32.19536491812918
1349.0,Latin America and the Caribbean,South America,brazil,Ribeirão das Neves,71,71,100.0,65988.59510221201,14650.630057412996,22.201760826579395
1350.0,Latin America and the Caribbean,South America,brazil,São João del-Rei,71,71,100.0,75661.21145339,10887.549272088001,14.389869079475575
1351.0,Latin America and the Caribbean,South America,brazil,Resende,103,103,100.0,103952.044574592,7644.5075943189995,7.353879017582568
1352.0,Latin America and the Caribbean,South America,brazil,Janaúba,55,55,100.0,54779.46504489601,802.916371369,1.4657251046737092
1353.0,Latin America and the Caribbean,South America,brazil,Angra dos Reis,67,67,100.0,100893.052386851,23422.896841602,23.21556964278604
1354.0,Latin America and the Caribbean,South America,brazil,Volta Redonda,293,293,100.0,397760.163810095,83574.99036249201,21.011402841837555
1355.0,Latin America and the Caribbean,South America,brazil,Conselheiro Lafaiete,122,122,100.0,116632.64966311799,12900.011145606,11.060377332476303
1356.0,Latin America and the Caribbean,South America,brazil,Guanambi,59,59,100.0,53530.509413112006,1902.194477468,3.5534772568446136
1357.0,Latin America and the Caribbean,South America,brazil,Barbacena,98,98,100.0,101345.105059854,10717.505425442,10.57525710700313
1358.0,Latin America and the Caribbean,South America,brazil,Parnaíba,146,146,100.0,130449.926222651,0.0,0.0
1359.0,Latin America and the Caribbean,South America,brazil,Itabira,82,82,100.0,97287.12386841098,9625.441387417,9.893849262556285
1360.0,Latin America and the Caribbean,South America,brazil,Itaguaí,100,100,100.0,94997.09333667702,9515.022650713001,10.016119774308281
1361.0,Latin America and the Caribbean,South America,brazil,Rio de Janeiro,8627,8627,100.0,10275094.542583006,2544401.838773011,24.76280707908101
1362.0,Latin America and the Caribbean,South America,brazil,Juiz de Fora,415,415,100.0,534792.5527060861,73722.24328979902,13.785203798512066
1363.0,Latin America and the Caribbean,South America,brazil,Km 32,103,103,100.0,89857.30523420102,10696.753740675998,11.90415594235365
1364.0,Latin America and the Caribbean,South America,brazil,Irecê,68,68,100.0,59396.829576518,4806.459949453,8.092115326224736
1366.0,Latin America and the Caribbean,South America,brazil,Três Rios,51,51,100.0,62536.49236686399,7274.807606427001,11.63289997742451
1367.0,Latin America and the Caribbean,South America,brazil,Ubá,70,70,100.0,89672.382314847,6580.278005395999,7.338132249338608
1368.0,Latin America and the Caribbean,South America,brazil,Petrópolis,121,121,100.0,214312.71099564902,32983.290054201,15.390263088441184
1369.0,Latin America and the Caribbean,South America,brazil,Viçosa,61,61,100.0,61080.88916742901,5279.645845741999,8.643695135592978
1370.0,Latin America and the Caribbean,South America,brazil,Coronel Fabriciano,134,134,100.0,151253.11484513903,5151.253115486999,3.4057170463967807
1371.0,Latin America and the Caribbean,South America,brazil,Ipatinga,212,212,100.0,245342.003597338,21565.462441793,8.789959373278302
1372.0,Latin America and the Caribbean,South America,brazil,Sao Goncalo,1453,1453,100.0,1724886.237964556,292991.52255577303,16.986136019121837
1373.0,Latin America and the Caribbean,South America,brazil,Cafubá,47,47,100.0,61963.80933832301,0.0,0.0
1374.0,Latin America and the Caribbean,South America,brazil,Teresópolis,81,81,100.0,107008.603961716,6761.915318729,6.319038907514559
1375.0,Latin America and the Caribbean,South America,brazil,Cataguases,44,44,100.0,53384.467753319004,3438.079621202,6.440224593207167
1376.0,Latin America and the Caribbean,South America,brazil,Muriaé,73,73,100.0,84669.395183692,14380.830803697001,16.984685874391204
1377.0,Latin America and the Caribbean,South America,brazil,Caratinga,60,60,100.0,63253.48055781399,17459.224811014,27.601998588925365
1378.0,Latin America and the Caribbean,South America,brazil,Governador Valadares,250,250,100.0,245631.6565702,32419.865614121998,13.198569788115483
1379.0,Latin America and the Caribbean,South America,brazil,Nova Friburgo,110,110,100.0,130193.793077498,12605.580971558,9.682167385702108
1380.0,Latin America and the Caribbean,South America,brazil,Manhuaçu,35,35,100.0,53996.517561944,1822.49213166,3.3752030944759808
1381.0,Latin America and the Caribbean,South America,brazil,Sobral,146,146,100.0,137530.143380736,17544.117862057,12.756561893117624
1382.0,Latin America and the Caribbean,South America,brazil,Teófilo Otoni,99,99,100.0,107285.620764844,22455.880134275,20.9309318193678
1383.0,Latin America and the Caribbean,South America,brazil,Araruama,80,80,100.0,80398.42628967701,8244.607597671002,10.254687782028878
1384.0,Latin America and the Caribbean,South America,brazil,Petrolina,498,498,100.0,436690.905584138,4312.735421894,0.987594512902687
1385.0,Latin America and the Caribbean,South America,brazil,Itaperuna,80,80,100.0,81033.153938406,10607.471113979,13.090285393607942
1386.0,Latin America and the Caribbean,South America,brazil,Vitória da Conquista,312,312,100.0,283251.412715849,9805.744189928002,3.4618518212881386
1387.0,Latin America and the Caribbean,South America,brazil,Cabo Frio,230,230,100.0,210797.788401726,55953.326331546,26.543602167643925
1388.0,Latin America and the Caribbean,South America,brazil,Rio das Ostras,203,203,100.0,196102.942792324,31298.757278851,15.960371034307661
1389.0,Latin America and the Caribbean,South America,brazil,Macaé,201,201,100.0,205919.902044743,29548.893767962,14.349702711854201
1390.0,Latin America and the Caribbean,South America,brazil,Itapipoca,62,62,100.0,62415.65450070999,1802.468711051,2.887847168262085
1391.0,Latin America and the Caribbean,South America,brazil,Campos dos Goytacazes,337,337,100.0,319594.594892661,33555.612013587,10.499430387693815
1392.0,Latin America and the Caribbean,South America,brazil,Cachoeiro de Itapemirim,158,158,100.0,168448.29874937498,17764.449969045003,10.545936112703492
1393.0,Latin America and the Caribbean,South America,brazil,Jequié,147,147,100.0,137040.878751325,12756.324892787,9.308408563210314
1394.0,Latin America and the Caribbean,South America,brazil,Itapetinga,65,65,100.0,61163.26433203101,8596.750106995,14.055414145861583
1395.0,Latin America and the Caribbean,South America,brazil,Crato,94,94,100.0,97829.126358718,3418.051445265,3.4938995905286463
1396.0,Latin America and the Caribbean,South America,brazil,Colatina,79,79,100.0,88269.62766388599,22038.943591665,24.96775411309666
1397.0,Latin America and the Caribbean,South America,brazil,Iguatu,78,78,100.0,65879.90739852299,0.0,0.0
1398.0,Latin America and the Caribbean,South America,brazil,Juazeiro do Norte,279,279,100.0,245299.53132181102,2990.277384844,1.2190310224934853
1399.0,Latin America and the Caribbean,South America,brazil,Guarapari,79,79,100.0,72033.53894751101,4676.752657252,6.49246548980445
1400.0,Latin America and the Caribbean,South America,brazil,Vila Velha,1132,1132,100.0,1288786.2568323407,230189.14241542594,17.860924664202983
1401.0,Latin America and the Caribbean,South America,brazil,Serra,71,71,100.0,76943.89626341002,17485.082490841996,22.724456831486023
1402.0,Latin America and the Caribbean,South America,brazil,Colina de Laranjeiras,325,325,100.0,381051.459940066,49901.225357797004,13.09566570500629
1403.0,Latin America and the Caribbean,South America,brazil,Santo Antônio de Jesus,66,66,100.0,81533.085826267,2055.10790614,2.520581534861911
1404.0,Latin America and the Caribbean,South America,brazil,Linhares,124,124,100.0,122753.27800897897,8228.781234301001,6.703512417565823
1405.0,Latin America and the Caribbean,South America,brazil,Maranguape,67,67,100.0,67988.039575405,515.656229205,0.7584513870753543
1406.0,Latin America and the Caribbean,South America,brazil,Fortaleza,3658,3658,100.0,3317998.555164193,30679.451963882,0.9246372912408882
1407.0,Latin America and the Caribbean,South America,brazil,Teixeira de Freitas,180,180,100.0,159870.471973266,3113.1043501639997,1.9472666288772713
1408.0,Latin America and the Caribbean,South America,brazil,Eunápolis,84,84,100.0,90063.91267818201,36750.836353791,40.80528511470487
1409.0,Latin America and the Caribbean,South America,brazil,São Mateus,61,61,100.0,63237.33488128001,5235.826479133,8.279644436253667
1410.0,Latin America and the Caribbean,South America,brazil,Itabuna,208,208,100.0,217451.717200457,42663.040631013995,19.61954643553596
1411.0,Latin America and the Caribbean,South America,brazil,Feira de Santana,568,568,100.0,566432.832528231,69178.925945256,12.213085466193935
1413.0,Latin America and the Caribbean,South America,brazil,Pacajus,64,64,100.0,54998.696885961,412.039224266,0.7491799762462689
1414.0,Latin America and the Caribbean,South America,brazil,Ilhéus,76,76,100.0,93281.97391078401,3885.697590803,4.165539629896047
1415.0,Latin America and the Caribbean,South America,brazil,Porto Seguro,60,60,100.0,71128.391304846,10495.235141711999,14.755338830497289
1416.0,Latin America and the Caribbean,South America,brazil,Serra Talhada,65,65,100.0,60250.492572381,3601.863828294,5.978148351180625
1417.0,Latin America and the Caribbean,South America,brazil,Candeias,42,42,100.0,56451.040267139,8930.487114761001,15.819880506187186
1418.0,Latin America and the Caribbean,South America,brazil,Paulo Afonso,57,57,100.0,49646.989688341,3914.850675726,7.885373716113459
1419.0,Latin America and the Caribbean,South America,brazil,Alagoinhas,142,142,100.0,132126.73109533198,17937.375754781002,13.575887033668335
1420.0,Latin America and the Caribbean,South America,brazil,Salvador,1937,1937,100.0,3294899.4628367773,1732354.539173462,52.57685579522884
1421.0,Latin America and the Caribbean,South America,brazil,Simões Filho,100,100,100.0,106245.473237851,25080.077586026993,23.60578462470622
1422.0,Latin America and the Caribbean,South America,brazil,Dias d'Ávila,72,72,100.0,70659.364990414,23361.853418445,33.06264275317841
1423.0,Latin America and the Caribbean,South America,brazil,Camaçari,177,177,100.0,191006.991107983,37808.371449815,19.794234352626702
1424.0,Latin America and the Caribbean,South America,brazil,Mossoró,295,295,100.0,273058.151735413,1128.950239235,0.4134468178517983
1425.0,Latin America and the Caribbean,South America,brazil,Patos,109,109,100.0,97701.94197482898,1240.998975668,1.2701886478241338
1426.0,Latin America and the Caribbean,South America,brazil,Itabaiana,76,76,100.0,67854.498488714,0.0,0.0
1427.0,Latin America and the Caribbean,South America,brazil,Caicó,62,62,100.0,56017.585227332995,0.0,0.0
1428.0,Latin America and the Caribbean,South America,brazil,Arcoverde,77,77,100.0,66188.861643778,5843.945617438,8.8291979531081
1429.0,Latin America and the Caribbean,South America,brazil,Cabrita,108,108,100.0,93079.297886794,9914.325279777,10.651482665710606
1430.0,Latin America and the Caribbean,South America,brazil,Aracaju,875,875,100.0,917810.2321267859,106060.649089656,11.555836422076936
1431.0,Latin America and the Caribbean,South America,brazil,Arapiraca,189,189,100.0,174023.227118719,2070.530255872,1.189801091586171
1432.0,Latin America and the Caribbean,South America,brazil,Garanhuns,114,114,100.0,110572.42838186501,4624.210633039999,4.1820648245782905
1433.0,Latin America and the Caribbean,South America,brazil,Belo Jardim,55,55,100.0,52468.586561070995,2659.158318141,5.06809596451748
1434.0,Latin America and the Caribbean,South America,brazil,Santa Cruz do Capibaribe,132,132,100.0,113917.64361986902,483.774274526,0.4246701908093385
1436.0,Latin America and the Caribbean,South America,brazil,Caruaru,330,330,100.0,307763.127761491,23422.294688078997,7.610494102539376
1437.0,Latin America and the Caribbean,South America,brazil,Campina Grande,424,424,100.0,383487.722397982,32827.71615285899,8.560304342361844
1438.0,Latin America and the Caribbean,South America,brazil,Maceió,785,785,100.0,1045124.660804858,42479.79055656501,4.0645668550057
1439.0,Latin America and the Caribbean,South America,brazil,Gravatá,59,59,100.0,61002.64714807,2728.632065718,4.472973212285146
1440.0,Latin America and the Caribbean,South America,brazil,Potengi,451,451,100.0,417360.723840925,31111.429793149997,7.454326201764966
1441.0,Latin America and the Caribbean,South America,brazil,Parnamirim,159,159,100.0,154650.670515157,1393.791088595,0.9012512418809058
1442.0,Latin America and the Caribbean,South America,brazil,Natal,678,678,100.0,695251.5157693799,61163.252638223006,8.797284328181359
1443.0,Latin America and the Caribbean,South America,brazil,Vitória de Santo Antão,105,105,100.0,110954.932889279,20417.412091535996,18.401536155143603
1444.0,Latin America and the Caribbean,South America,brazil,Carpina,79,79,100.0,75347.64448608,5600.01337457,7.432234163079335
1445.0,Latin America and the Caribbean,South America,brazil,Recife,3393,3393,100.0,3828260.5079761827,1442191.8616179521,37.6722498015259
1446.0,Latin America and the Caribbean,South America,brazil,Goiana,57,57,100.0,52544.521267221,10427.927980106,19.845890168213
1447.0,Latin America and the Caribbean,South America,brazil,Cabo de Santo Agostinho,100,100,100.0,106135.45453660902,58882.079645640006,55.47823759998123
1448.0,Latin America and the Caribbean,South America,brazil,Santa Rita,118,118,100.0,99207.591427187,17162.690313612,17.29977521549698
1449.0,Latin America and the Caribbean,South America,brazil,João Pessoa,1006,1006,100.0,1013222.2230814782,84223.002457219,8.312391945083327
682.0,Latin America and the Caribbean,South America,brazil,Cruzeiro do Sul,72,72,100.0,63745.986845609994,16179.014883414,25.380444611515497
751.0,Latin America and the Caribbean,South America,brazil,Leticia,89,89,100.0,94195.66361061601,1684.600432725,1.7884055041947202
826.0,Latin America and the Caribbean,South America,brazil,Rio Branco,318,318,100.0,330257.069982341,71077.926843053,21.522000073110796
926.0,Latin America and the Caribbean,South America,brazil,Porto Velho,452,452,100.0,418560.774611827,0.0,0.0
939.0,Latin America and the Caribbean,South America,brazil,Coari,44,44,100.0,58916.889025046,39802.849725359,67.55762292275568
956.0,Latin America and the Caribbean,South America,brazil,Ariquemes,78,78,100.0,74329.97826179,0.0,0.0
978.0,Latin America and the Caribbean,South America,brazil,Ji-Paraná,116,116,100.0,103706.720232365,0.0,0.0
998.0,Latin America and the Caribbean,South America,brazil,Boa Vista,404,404,100.0,344280.45523360604,3702.6893727239994,1.075486370613632
999.0,Latin America and the Caribbean,South America,brazil,Cacoal,67,67,100.0,58332.582577153,0.0,0.0
1646.0,Africa,Western Africa,burkina_faso,Niangoloko,67,67,100.0,64658.042085782,42620.458979634,65.91671755709726
1653.0,Africa,Western Africa,burkina_faso,Banfora,155,155,100.0,151847.46459176502,96404.34641588,63.48762336931914
1669.0,Africa,Western Africa,burkina_faso,Bobo-Dioulasso,1172,1172,100.0,1077438.0724110228,626921.211023951,58.18628718224763
1686.0,Africa,Western Africa,burkina_faso,Nouna,46,46,100.0,38364.41132616199,20058.174897892008,52.28328600526096
1695.0,Africa,Western Africa,burkina_faso,Houndé,37,37,100.0,67619.53211589999,50634.522986462,74.88150450327628
1696.0,Africa,Western Africa,burkina_faso,Dédougou,70,70,100.0,64724.040245911,39274.207814718,60.67947499182761
1744.0,Africa,Western Africa,burkina_faso,Ouahigouya,81,81,100.0,73144.16077539201,42469.712861556,58.06302568973373
1745.0,Africa,Western Africa,burkina_faso,Koudougou,129,129,100.0,129587.067292632,47348.43371745801,36.53793137438347
1766.0,Africa,Western Africa,burkina_faso,Leo,38,38,100.0,33069.871607632,15936.107202989002,48.189201917890735
1799.0,Africa,Western Africa,burkina_faso,Ouagadougou,3215,3215,100.0,3033207.328460698,1849923.921229969,60.98903638640404
1825.0,Africa,Western Africa,burkina_faso,Ziniaré,25,25,100.0,30405.94531618,8323.515260833,27.374630764739898
1843.0,Africa,Western Africa,burkina_faso,Kaya,69,69,100.0,90018.52111365901,57319.494657054,63.67522366278532
1917.0,Africa,Western Africa,burkina_faso,Pouytenga,41,41,100.0,76886.278791441,70097.696229161,91.17061890757586
1928.0,Africa,Western Africa,burkina_faso,Koupéla,33,33,100.0,29495.573068478,17928.2350695,60.7827996014085
1955.0,Africa,Western Africa,burkina_faso,Dori,44,44,100.0,44743.891499629004,21382.206361021,47.787989923045224
1982.0,Africa,Western Africa,burkina_faso,Fada N'Gourma,100,100,100.0,98290.71951948,43898.438867018005,44.66183489308762
4063.0,Africa,Eastern Africa,burundi,Gatumba,21,21,100.0,26345.015098628002,14341.444160903,54.43703147336543
4078.0,Africa,Eastern Africa,burundi,Bujumbura,997,997,100.0,1276238.060035303,798040.4757723289,62.53069084542532
4096.0,Africa,Eastern Africa,burundi,Rumonge,71,71,100.0,84509.042959442,42916.059608259995,50.78280158592789
4118.0,Africa,Eastern Africa,burundi,Nyanza Lac,47,47,100.0,47040.101769775996,24951.141850719996,53.04227863459151
4152.0,Africa,Eastern Africa,burundi,Ngozi,104,104,100.0,126534.535397851,40033.894872498,31.638710132868532
4163.0,Africa,Eastern Africa,burundi,Gitega,108,108,100.0,153371.59716179303,67305.535639318,43.88396344879737
11061.0,Asia,South-Eastern Asia,cambodia,Poipet,127,127,100.0,133179.11899976403,4405.061195266,3.3076215163082776
11118.0,Asia,South-Eastern Asia,cambodia,Sisophon,54,54,100.0,49331.773165402,0.0,0.0
11165.0,Asia,South-Eastern Asia,cambodia,Battambang,140,140,100.0,146288.427952177,0.0,0.0
11257.0,Asia,South-Eastern Asia,cambodia,Siem Reap,291,291,100.0,313888.29100628,0.0,0.0
11305.0,Asia,South-Eastern Asia,cambodia,Sihanoukville,78,78,100.0,87641.756230602,0.0,0.0
11429.0,Asia,South-Eastern Asia,cambodia,Kampong Chhnang,31,31,100.0,38483.266409389995,0.0,0.0
11478.0,Asia,South-Eastern Asia,cambodia,Phnom Penh,1566,1566,100.0,2225133.147101338,177854.53950784597,7.992984138478884
11572.0,Asia,South-Eastern Asia,cambodia,Kampong Cham,45,45,100.0,45014.81850274801,0.0,0.0
2808.0,Africa,Middle Africa,cameroon,Limbé,98,98,100.0,171878.14727304797,98666.520756145,57.40492454773906
2819.0,Africa,Middle Africa,cameroon,Mamfe,44,44,100.0,81677.75434028401,11693.338725172001,14.316430244219838
2823.0,Africa,Middle Africa,cameroon,Tiko,80,80,100.0,87366.97134597099,19128.094428079,21.893965343415914
2832.0,Africa,Middle Africa,cameroon,Muyuka,31,31,100.0,38242.352486526,10978.418382105,28.707487035409358
2835.0,Africa,Middle Africa,cameroon,Kumba,202,202,100.0,284030.188686572,84854.97860204903,29.875337897862224
2850.0,Africa,Middle Africa,cameroon,Douala,2828,2828,100.0,4147310.892037418,2644804.862609965,63.77156020996225
2871.0,Africa,Middle Africa,cameroon,Kribi,61,61,100.0,119206.793871248,50280.150420358,42.17893023334241
2873.0,Africa,Middle Africa,cameroon,Nkongsamba,112,112,100.0,159523.32131788897,91375.330075753,57.28023295958429
2877.0,Africa,Middle Africa,cameroon,Dschang,59,59,100.0,59532.89781144,10359.410055179,17.401152028565132
2879.0,Africa,Middle Africa,cameroon,Wum,34,34,100.0,67374.849936632,21527.794298429,31.95227049659704
2883.0,Africa,Middle Africa,cameroon,Bamenda,264,264,100.0,358673.02810962,16526.272452934,4.607615058214842
2884.0,Africa,Middle Africa,cameroon,Edéa,38,38,100.0,85627.18123325202,5612.016410937999,6.55401279139463
2894.0,Africa,Middle Africa,cameroon,Mbouda,56,56,100.0,64452.70839375099,16926.061366957998,26.261210411134662
2901.0,Africa,Middle Africa,cameroon,Bafoussam,255,255,100.0,298074.312104886,156543.927343903,52.518422751175734
2904.0,Africa,Middle Africa,cameroon,Ndop,50,50,100.0,59417.03374054101,8628.678090786001,14.522229649607269
2915.0,Africa,Middle Africa,cameroon,Foumbot,45,45,100.0,50542.96631060099,22455.773024474005,44.42907621700882
2918.0,Africa,Middle Africa,cameroon,Kumbo,105,105,100.0,115798.24577206599,35454.563603756,30.617530833363197
2920.0,Africa,Middle Africa,cameroon,Nkambe,33,33,100.0,47242.738465088005,10044.552364869001,21.261579432555212
2928.0,Africa,Middle Africa,cameroon,Foumban,103,103,100.0,159973.041037019,83348.63338211899,52.10167465831413
2940.0,Africa,Middle Africa,cameroon,Ebolowa,80,80,100.0,143338.75918663,26712.640135801998,18.636020213501077
2946.0,Africa,Middle Africa,cameroon,Bafia,57,57,100.0,83105.722279871,23970.707792244,28.843630901274214
2961.0,Africa,Middle Africa,cameroon,Yaounde,2692,2692,100.0,5312352.5617554,3148447.074226515,59.26653093194082
2963.0,Africa,Middle Africa,cameroon,Mbalmayo,65,65,100.0,83369.880613168,31405.042899148004,37.66953085235399
2978.0,Africa,Middle Africa,cameroon,Banyo,52,52,100.0,102060.63394969101,54631.202588295,53.5281826832709
3067.0,Africa,Middle Africa,cameroon,Ngaoundal,35,35,100.0,70593.96546825,36601.219828839,51.847519240579544
3071.0,Africa,Middle Africa,cameroon,Garoua,603,603,100.0,681990.024843117,408790.697910051,59.94086174560809
3097.0,Africa,Middle Africa,cameroon,Ngaoundéré,284,284,100.0,318399.674600093,204971.72716919798,64.3756082435199
3106.0,Africa,Middle Africa,cameroon,Bertoua,135,135,100.0,160470.86669574498,13921.398802586,8.67534343724906
3108.0,Africa,Middle Africa,cameroon,Mokolo,145,145,100.0,143837.173113633,89236.86918936,62.04019952398665
3116.0,Africa,Middle Africa,cameroon,Guider,149,149,100.0,156430.437206521,102051.38344919602,65.23754920819329
3127.0,Africa,Middle Africa,cameroon,Mora,82,82,100.0,95791.05410817,47086.529784524,49.15545634496572
3129.0,Africa,Middle Africa,cameroon,Banki,99,99,100.0,107255.084731395,62511.038177457995,58.282587099723926
3131.0,Africa,Middle Africa,cameroon,Gamboru,289,289,100.0,302355.120047638,216117.24838980898,71.47795226876208
3141.0,Africa,Middle Africa,cameroon,Maroua,459,459,100.0,491480.11374531896,293312.288793169,59.67938083150218
3147.0,Africa,Middle Africa,cameroon,Meiganga,75,75,100.0,97314.37762721899,45623.084530317,46.88216237181806
3149.0,Africa,Middle Africa,cameroon,Kaele,91,91,100.0,94094.361517495,40005.142937225,42.51598320244389
3152.0,Africa,Middle Africa,cameroon,Batouri,70,70,100.0,80406.386298346,30252.888290741,37.62498189943318
3169.0,Africa,Middle Africa,cameroon,Garoua-Boulaï,53,53,100.0,60079.350968942,27571.236137205,45.891368153191166
3204.0,Africa,Middle Africa,cameroon,Yokadouma,33,33,100.0,53168.142710452,11320.561063908,21.292000221934707
3207.0,Africa,Middle Africa,cameroon,Yagoua,95,95,100.0,104781.895275473,61093.68960486299,58.30557792855996
3229.0,Africa,Middle Africa,central_african_republic,Bouar,34,34,100.0,71079.57450045699,22643.376035339003,31.856375329305635
3239.0,Africa,Middle Africa,central_african_republic,Carnot,42,42,100.0,87109.479742022,60983.882462026006,70.00831900572942
3363.0,Africa,Middle Africa,central_african_republic,Bangui,688,688,100.0,1261603.532323089,969245.370243004,76.82646294262167
3366.0,Africa,Middle Africa,central_african_republic,Badokwa,30,30,100.0,65389.03913698001,46633.97510796599,71.31772499405437
3433.0,Africa,Middle Africa,central_african_republic,Bambari,38,38,100.0,62648.071165601,30680.884143163,48.97338987829741
3473.0,Africa,Middle Africa,central_african_republic,Bria,36,36,100.0,54011.616828936996,28470.792645952,52.7123502636911
3186.0,Africa,Middle Africa,chad,N'Djamena,2175,2175,100.0,1929517.452655574,851990.175460899,44.15560866206803
3187.0,Africa,Middle Africa,chad,Pala,68,68,100.0,109474.27532500999,33561.358044388,30.656844217283187
3203.0,Africa,Middle Africa,chad,Mao,51,51,100.0,56101.65549808001,16857.414441799,30.04798038869979
3212.0,Africa,Middle Africa,chad,Bongor,112,112,100.0,111977.05919852,91622.788564083,81.82282087052165
3233.0,Africa,Middle Africa,chad,كيلو Kelo,105,105,100.0,89168.847241457,39499.612685542,44.29754775070992
3245.0,Africa,Middle Africa,chad,Moundou,259,259,100.0,236648.359753852,108668.743784196,45.9199226638321
3257.0,Africa,Middle Africa,chad,Laï,35,35,100.0,64365.00980872599,17707.553363327,27.51114839560916
3278.0,Africa,Middle Africa,chad,Gore,36,36,100.0,55071.10767056,12816.840112409001,23.273256439802186
3284.0,Africa,Middle Africa,chad,Doba,57,57,100.0,141421.12380334298,8151.175256434999,5.763760771530737
3322.0,Africa,Middle Africa,chad,Koumra,156,156,100.0,152999.15890294098,21856.502419212,14.285374230767664
3352.0,Africa,Middle Africa,chad,Sarh,261,261,100.0,241194.759250341,58298.76408381699,24.170825379877968
3365.0,Africa,Middle Africa,chad,Faya-Largeau,77,77,100.0,168874.282616037,104629.72496911699,61.95716917241306
3422.0,Africa,Middle Africa,chad,Abéché,324,324,100.0,304865.061001944,124193.28809157599,40.737133892422015
419.0,Latin America and the Caribbean,South America,colombia,San Andrés,39,39,100.0,59072.823153586,11065.810096667,18.732488995652908
488.0,Latin America and the Caribbean,South America,colombia,Ipiales,99,99,100.0,106396.36882443601,0.0,0.0
492.0,Latin America and the Caribbean,South America,colombia,Pasto,304,304,100.0,336937.172289802,25573.347601245,7.589945457026983
499.0,Latin America and the Caribbean,South America,colombia,Orito,37,37,100.0,48754.318373197,4695.290760026999,9.630512571391554
506.0,Latin America and the Caribbean,South America,colombia,Popayán,245,245,100.0,282437.51739965804,0.0,0.0
511.0,Latin America and the Caribbean,South America,colombia,Puerto Asís,45,45,100.0,45739.82075183499,11268.761014765,24.636653204009157
512.0,Latin America and the Caribbean,South America,colombia,Cali,2461,2461,100.0,2655896.594401604,130435.02662906,4.911148532815831
514.0,Latin America and the Caribbean,South America,colombia,Jamundí,106,106,100.0,101038.980388274,0.0,0.0
515.0,Latin America and the Caribbean,South America,colombia,Quibdó,54,54,100.0,101750.98163545401,3624.0890333079997,3.561723901880496
516.0,Latin America and the Caribbean,South America,colombia,Santander de Quilichao,61,61,100.0,61793.593553422,0.0,0.0
521.0,Latin America and the Caribbean,South America,colombia,Chigorodó,58,58,100.0,53945.471612466004,1852.844585149,3.434661946158304
524.0,Latin America and the Caribbean,South America,colombia,Palmira,208,208,100.0,195435.699248391,0.0,0.0
526.0,Latin America and the Caribbean,South America,colombia,Buga,119,119,100.0,114619.946289511,0.0,0.0
527.0,Latin America and the Caribbean,South America,colombia,Apartadó,205,205,100.0,223694.11578356603,29482.539351303,13.179845722821188
531.0,Latin America and the Caribbean,South America,colombia,Tuluá,269,269,100.0,245274.82018902196,11284.164195478997,4.6006207187443104
533.0,Latin America and the Caribbean,South America,colombia,Pitalito,83,83,100.0,77842.033123363,0.0,0.0
540.0,Latin America and the Caribbean,South America,colombia,Cartago,107,107,100.0,119589.68965263199,1133.992385972,0.9482359133683416
542.0,Latin America and the Caribbean,South America,colombia,Pereira,436,436,100.0,590521.7662881531,0.0,0.0
543.0,Latin America and the Caribbean,South America,colombia,Garzón,64,64,100.0,66046.857359647,794.587752546,1.2030667079573625
544.0,Latin America and the Caribbean,South America,colombia,Florencia,155,155,100.0,201353.89941575303,5153.439826978,2.5593941025881213
546.0,Latin America and the Caribbean,South America,colombia,Tierralta,63,63,100.0,68488.66307977801,18214.360527892997,26.594708830388857
547.0,Latin America and the Caribbean,South America,colombia,Armenia,132,132,100.0,266004.97567086096,0.0,0.0
552.0,Latin America and the Caribbean,South America,colombia,Calarcá,39,39,100.0,41745.097644083,0.0,0.0
555.0,Latin America and the Caribbean,South America,colombia,Santa Rosa de Cabal,46,46,100.0,55969.406364401,0.0,0.0
561.0,Latin America and the Caribbean,South America,colombia,Medellín,2402,2402,100.0,3199135.315961638,552091.431251496,17.257520446131586
562.0,Latin America and the Caribbean,South America,colombia,Caldas,42,42,100.0,63578.801267104005,7067.5204962259995,11.116158775209199
563.0,Latin America and the Caribbean,South America,colombia,Montería,342,342,100.0,336159.308590907,1184.26010346,0.35229133128102635
565.0,Latin America and the Caribbean,South America,colombia,Manizales,328,328,100.0,427506.451251622,31418.642267713,7.349279098766301
570.0,Latin America and the Caribbean,South America,colombia,Neiva,317,317,100.0,330544.14538626,2632.7823957419996,0.7964994789623154
571.0,Latin America and the Caribbean,South America,colombia,Cereté,48,48,100.0,48909.611348673,0.0,0.0
572.0,Latin America and the Caribbean,South America,colombia,Lorica,63,63,100.0,63259.899456103005,19300.8225104,30.510359131685206
574.0,Latin America and the Caribbean,South America,colombia,Rionegro,47,47,100.0,52830.046795892,0.0,0.0
575.0,Latin America and the Caribbean,South America,colombia,Ibagué,329,329,100.0,416856.328710512,32238.624612166997,7.733749589910934
579.0,Latin America and the Caribbean,South America,colombia,Planeta Rica,50,50,100.0,44645.211965855,2933.509703118,6.570715142671
581.0,Latin America and the Caribbean,South America,colombia,Montelíbano,65,65,100.0,74810.974679766,1961.7536999099998,2.6222806323636787
584.0,Latin America and the Caribbean,South America,colombia,Sahagún,281,281,100.0,269694.142398234,173975.911454283,64.50859848390323
586.0,Latin America and the Caribbean,South America,colombia,Cartagena,745,745,100.0,951825.928431508,59210.070175304005,6.220682627639165
587.0,Latin America and the Caribbean,South America,colombia,Sincelejo,284,284,100.0,294641.598356756,22847.186694059998,7.754229824125621
592.0,Latin America and the Caribbean,South America,colombia,Caucasia,64,64,100.0,72713.726807713,5328.7340869849995,7.328374326179857
593.0,Latin America and the Caribbean,South America,colombia,San Vicente del Caguán,29,29,100.0,46715.230145481,0.0,0.0
597.0,Latin America and the Caribbean,South America,colombia,Morroa,49,49,100.0,48956.938800575,674.993156552,1.378748698527842
599.0,Latin America and the Caribbean,South America,colombia,Turbaco,56,56,100.0,65279.465170448995,7723.4237742860005,11.831322076735203
603.0,Latin America and the Caribbean,South America,colombia,Arjona,59,59,100.0,57774.092250170994,6825.1838545969995,11.81357177373358
608.0,Latin America and the Caribbean,South America,colombia,El Carmen de Bolívar,45,45,100.0,42364.76865727,24273.749858616997,57.29701973588261
609.0,Latin America and the Caribbean,South America,colombia,La Dorada,80,80,100.0,77289.78471379101,1918.606569689,2.48235465630254
611.0,Latin America and the Caribbean,South America,colombia,Puerto Boyacá,43,43,100.0,50564.288893893005,519.726544181,1.0278529680732265
615.0,Latin America and the Caribbean,South America,colombia,Fusagasugá,81,81,100.0,97167.740516742,0.0,0.0
617.0,Latin America and the Caribbean,South America,colombia,Facatativá,83,83,100.0,104012.276004265,2436.1843131719997,2.3422084457339483
618.0,Latin America and the Caribbean,South America,colombia,Magangué,66,66,100.0,72388.774691468,12550.424681948,17.337528830180954
620.0,Latin America and the Caribbean,South America,colombia,Sabanalarga,74,74,100.0,68701.16335228,13097.036893819,19.06377745986793
621.0,Latin America and the Caribbean,South America,colombia,Bogota,7474,7474,100.0,10346691.894160766,603858.5155859459,5.836247196330819
626.0,Latin America and the Caribbean,South America,colombia,Barranquilla,2101,2101,100.0,2174311.614106488,1073455.299390051,49.36989217303045
629.0,Latin America and the Caribbean,South America,colombia,Chía,155,155,100.0,238697.978380376,4116.309571848,1.7244844718745271
631.0,Latin America and the Caribbean,South America,colombia,Zipaquirá,103,103,100.0,129925.05828769598,6194.993642449,4.768128430415083
638.0,Latin America and the Caribbean,South America,colombia,Manuela,54,54,100.0,50039.920052203,0.0,0.0
641.0,Latin America and the Caribbean,South America,colombia,Granada,41,41,100.0,45591.985566926,0.0,0.0
642.0,Latin America and the Caribbean,South America,colombia,Chiquinquirá,58,58,100.0,56080.925184002,0.0,0.0
645.0,Latin America and the Caribbean,South America,colombia,Barrancabermeja,138,138,100.0,167787.555915951,6936.611642552,4.134163350008342
646.0,Latin America and the Caribbean,South America,colombia,Villavicencio,259,259,100.0,292986.731415314,0.0,0.0
647.0,Latin America and the Caribbean,South America,colombia,Ciénaga,104,104,100.0,110089.12454059001,7085.634431941,6.4362710317752745
649.0,Latin America and the Caribbean,South America,colombia,Fundación,58,58,100.0,57344.533587942,7133.134355773999,12.439083395516366
653.0,Latin America and the Caribbean,South America,colombia,Playa Blanca,50,50,100.0,67824.90750601901,8354.134837678,12.31720785898105
654.0,Latin America and the Caribbean,South America,colombia,Santa Marta,300,300,100.0,410470.86712321104,151317.807810071,36.86444518476629
659.0,Latin America and the Caribbean,South America,colombia,Tunja,168,168,100.0,193870.35081186972,6506.634302410736,3.3561781237630934
660.0,Latin America and the Caribbean,South America,colombia,Aguachica,73,73,100.0,68779.92605498902,0.0,0.0
667.0,Latin America and the Caribbean,South America,colombia,Ocaña,84,84,100.0,86280.174791329,0.0,0.0
670.0,Latin America and the Caribbean,South America,colombia,Bucaramanga,770,770,100.0,1085489.833097252,193586.323593103,17.83400615008423
671.0,Latin America and the Caribbean,South America,colombia,Duitama,70,70,100.0,73117.05777273398,0.0,0.0
672.0,Latin America and the Caribbean,South America,colombia,Piedecuesta,105,105,100.0,127213.57392977801,2331.342030269,1.8326204965799504
676.0,Latin America and the Caribbean,South America,colombia,San José del Guaviare,59,59,100.0,60316.929467564994,0.0,0.0
678.0,Latin America and the Caribbean,South America,colombia,Valledupar,635,635,100.0,570933.700662278,20206.069266938,3.539127090150598
683.0,Latin America and the Caribbean,South America,colombia,Pamplona,39,39,100.0,41657.418706330995,3911.107967827,9.388742964125617
687.0,Latin America and the Caribbean,South America,colombia,Yopal,199,199,100.0,198688.126466189,6783.503925012999,3.414146605367159
689.0,Latin America and the Caribbean,South America,colombia,Cúcuta,602,602,100.0,688612.6678697821,167694.881437245,24.35256992236402
691.0,Latin America and the Caribbean,South America,colombia,Villa del Rosario,157,157,100.0,191175.570903679,38491.994028311005,20.134368552614198
692.0,Latin America and the Caribbean,South America,colombia,Riohacha,281,281,100.0,250583.50270649898,143147.440691825,57.12564440424849
706.0,Latin America and the Caribbean,South America,colombia,Saravena,41,41,100.0,40100.387202121,0.0,0.0
712.0,Latin America and the Caribbean,South America,colombia,Maicao,160,160,100.0,142174.460040323,42770.622495886,30.08319671743824
732.0,Latin America and the Caribbean,South America,colombia,Arauca,134,134,100.0,130386.995608627,4226.738950941,3.2416875097176794
5588.0,Africa,Eastern Africa,comoros,Moroni,75,75,100.0,163186.92852253403,84245.541734672,51.625177639787964
5632.0,Africa,Eastern Africa,comoros,Fomboni,145,145,100.0,231532.306414418,121798.04365361299,52.60520466444434
387.0,Latin America and the Caribbean,Central America,costa_rica,Barranca,55,55,100.0,61898.281128905,5687.718252284,9.18881453337801
392.0,Latin America and the Caribbean,Central America,costa_rica,San José,1555,1555,100.0,2173080.621078969,41555.269074537006,1.912274614731236
398.0,Latin America and the Caribbean,Central America,costa_rica,Cartago,204,204,100.0,225003.982315977,1644.22270178,0.7307527115102299
1549.0,Africa,Western Africa,cote_d_ivoire,Danané,53,53,100.0,95893.88128165701,7973.236621456001,8.314645851112457
1562.0,Africa,Western Africa,cote_d_ivoire,Man,94,94,100.0,200553.87330239898,44510.081460339,22.19357857687737
1563.0,Africa,Western Africa,cote_d_ivoire,Guiglo,38,38,100.0,79841.333294195,9802.93516764,12.278020372629147
1567.0,Africa,Western Africa,cote_d_ivoire,Duekoue,120,120,100.0,159666.970599034,54822.819102174,34.33572948524752
1583.0,Africa,Western Africa,cote_d_ivoire,San-Pédro,161,161,100.0,242121.250323952,76086.217133208,31.424840666156566
1585.0,Africa,Western Africa,cote_d_ivoire,Soubré,101,101,100.0,130242.84237897501,38057.79325387,29.220640887989124
1586.0,Africa,Western Africa,cote_d_ivoire,Issia,60,60,100.0,74298.437002687,3093.3032132249996,4.163348972082859
1587.0,Africa,Western Africa,cote_d_ivoire,Méagui,64,64,100.0,111385.35739298198,22235.474099273,19.962654535302484
1589.0,Africa,Western Africa,cote_d_ivoire,Vavoua,58,58,100.0,82148.263384344,3518.8503480980003,4.28353589367372
1590.0,Africa,Western Africa,cote_d_ivoire,Daloa,267,267,100.0,284023.441822435,60218.057666165,21.201791401363256
1591.0,Africa,Western Africa,cote_d_ivoire,Tengréla,69,69,100.0,60122.01970622499,7232.237906551001,12.029266385078179
1601.0,Africa,Western Africa,cote_d_ivoire,Bonon,81,81,100.0,91045.4083274,6811.375258136,7.481294645461133
1603.0,Africa,Western Africa,cote_d_ivoire,Gagnoa,168,168,100.0,203652.21570577798,95843.75809058598,47.0624676281716
1606.0,Africa,Western Africa,cote_d_ivoire,Sinfra,113,113,100.0,115797.09890140899,13971.488461773999,12.065490927082283
1610.0,Africa,Western Africa,cote_d_ivoire,Bouaflé,136,136,100.0,139965.617578073,42188.95119029599,30.142367761684717
1611.0,Africa,Western Africa,cote_d_ivoire,Lakota,27,27,100.0,42229.455433179995,1177.414289242,2.788135146817207
1615.0,Africa,Western Africa,cote_d_ivoire,Korhogo,306,306,100.0,309186.379823584,96453.93567906701,31.19604936482061
1617.0,Africa,Western Africa,cote_d_ivoire,Diégonéfla,38,38,100.0,66364.948503291,10017.917800862,15.095194114955454
1625.0,Africa,Western Africa,cote_d_ivoire,Oumé,65,65,100.0,68762.910460955,21563.043985859,31.358538842102885
1628.0,Africa,Western Africa,cote_d_ivoire,Divo,138,138,100.0,164929.506090366,25284.080376443,15.33023470196393
1633.0,Africa,Western Africa,cote_d_ivoire,Yamoussoukro,288,288,100.0,226214.91469028598,123915.13075243498,54.77761310393213
1637.0,Africa,Western Africa,cote_d_ivoire,Ferkéssédougou,88,88,100.0,95655.809100515,1682.633653072,1.759050149587769
1639.0,Africa,Western Africa,cote_d_ivoire,Ouangolodougou,50,50,100.0,50456.957625244,23731.578418137,47.03331222305784
1642.0,Africa,Western Africa,cote_d_ivoire,Bouaké,584,584,100.0,641715.322978571,308837.020583561,48.12679540673428
1666.0,Africa,Western Africa,cote_d_ivoire,Dabou,59,59,100.0,65673.56890612701,6971.354432545,10.615160023524483
1672.0,Africa,Western Africa,cote_d_ivoire,Agboville,58,58,100.0,64984.31103175999,4478.24352882,6.891268765827699
1675.0,Africa,Western Africa,cote_d_ivoire,Abidjan,4416,4416,100.0,6246099.438465882,3579595.8808071082,57.309300245247144
1683.0,Africa,Western Africa,cote_d_ivoire,Daoukro,55,55,100.0,60263.72237899498,6801.000385102,11.285397112264176
1684.0,Africa,Western Africa,cote_d_ivoire,Adzopé,61,61,100.0,76782.882515623,6941.22558747,9.040069036295519
1689.0,Africa,Western Africa,cote_d_ivoire,Grand-Bassam,53,53,100.0,58592.369988382,16939.247097090003,28.910329280841186
1693.0,Africa,Western Africa,cote_d_ivoire,Abengourou,113,113,100.0,120699.939186665,13989.880711106,11.590627804269523
1704.0,Africa,Western Africa,cote_d_ivoire,Aboisso,40,40,100.0,55734.712624691994,12966.996877441,23.26556694525104
1706.0,Africa,Western Africa,cote_d_ivoire,Agnibilékrou,45,45,100.0,53995.157596162004,0.0,0.0
1725.0,Africa,Western Africa,cote_d_ivoire,Bondoukou,95,95,100.0,99914.442084891,6790.857936793001,6.79667302853299
433.0,Latin America and the Caribbean,Caribbean,cuba,Pinar del Rio,145,145,100.0,161208.69543422502,41037.125350821,25.455900651193232
473.0,Latin America and the Caribbean,Caribbean,cuba,Havana,1618,1618,100.0,1868624.191569631,408398.282226961,21.855560046234302
476.0,Latin America and the Caribbean,Caribbean,cuba,Managua,24,24,100.0,116618.084346938,19968.729286478,17.12318410845368
490.0,Latin America and the Caribbean,Caribbean,cuba,Matanzas,159,159,100.0,154475.082121561,33091.237275911,21.421731467260546
503.0,Latin America and the Caribbean,Caribbean,cuba,Cienfuegos,139,139,100.0,137774.413308591,24725.586177170004,17.94642821072222
523.0,Latin America and the Caribbean,Caribbean,cuba,Santa Clara,207,207,100.0,225084.15267644002,35405.88375916799,15.730065105944702
537.0,Latin America and the Caribbean,Caribbean,cuba,Sancti Spiritus,99,99,100.0,112200.70387689499,2979.717707851,2.6557032218980585
569.0,Latin America and the Caribbean,Caribbean,cuba,Ciego de Ávila,119,119,100.0,117464.54665524699,37238.200873004,31.70165120740337
604.0,Latin America and the Caribbean,Caribbean,cuba,Camagüey,276,276,100.0,293334.022684154,110050.48881535901,37.517123928667274
619.0,Latin America and the Caribbean,Caribbean,cuba,Manzanillo,119,119,100.0,113576.89909385098,51663.62105383001,45.487789740710625
630.0,Latin America and the Caribbean,Caribbean,cuba,Nuevitas,60,60,100.0,58627.010895618,745.707678475,1.2719524108140008
632.0,Latin America and the Caribbean,Caribbean,cuba,Las Tunas,183,183,100.0,192140.05680341797,98363.87591627298,51.19384138462646
639.0,Latin America and the Caribbean,Caribbean,cuba,Bayamo,193,193,100.0,206931.561202171,100564.070806706,48.5977442118921
655.0,Latin America and the Caribbean,Caribbean,cuba,Contramaestre,64,64,100.0,73624.146753976,35516.192044580006,48.23986913323649
658.0,Latin America and the Caribbean,Caribbean,cuba,Holguín,311,311,100.0,325877.868614404,162840.27821894002,49.96972605452421
661.0,Latin America and the Caribbean,Caribbean,cuba,Palma Soriano,105,105,100.0,106290.76180030999,50650.70035965,47.652965790957644
664.0,Latin America and the Caribbean,Caribbean,cuba,Santiago de Cuba,450,450,100.0,492208.83474325004,182999.588545961,37.179257182861974
680.0,Latin America and the Caribbean,Caribbean,cuba,Guantanamo,222,222,100.0,202463.09268069197,100216.034566149,49.498421287183156
705.0,Latin America and the Caribbean,Caribbean,cuba,Baracoa,39,39,100.0,61861.766908888996,40467.792681558014,65.41648372436505
3010.0,Africa,Middle Africa,democratic_republic_of_the_congo,Moanda,64,64,100.0,59940.41454446,7269.079662470998,12.127176159382842
3046.0,Africa,Middle Africa,democratic_republic_of_the_congo,Tshela,33,33,100.0,133137.609600658,40616.632787368,30.507257047198223
3053.0,Africa,Middle Africa,democratic_republic_of_the_congo,Boma,162,162,100.0,170062.660884356,96296.93307176199,56.624383371988216
3073.0,Africa,Middle Africa,democratic_republic_of_the_congo,Kinzao,86,86,100.0,186554.157057709,122983.106664745,65.92354124100338
3089.0,Africa,Middle Africa,democratic_republic_of_the_congo,Matadi,113,113,100.0,356163.93080345995,242527.54063626198,68.0943575867301
3157.0,Africa,Middle Africa,democratic_republic_of_the_congo,Kimpese,64,64,100.0,102329.300771471,74152.85456966999,72.46492843264254
3176.0,Africa,Middle Africa,democratic_republic_of_the_congo,Kwilu-Ngongo,16,16,100.0,142781.439508732,119674.657507588,83.81667667685136
3192.0,Africa,Middle Africa,democratic_republic_of_the_congo,Mbanza-Ngungu,133,133,100.0,172258.980835336,106401.278202898,61.76820371682565
3202.0,Africa,Middle Africa,democratic_republic_of_the_congo,Kisantu,93,93,100.0,103637.567226513,55165.290921481996,53.22904849832232
3209.0,Africa,Middle Africa,democratic_republic_of_the_congo,Kinshasa,9270,9270,100.0,12535695.9942608,10528534.258186448,83.98843002420219
3222.0,Africa,Middle Africa,democratic_republic_of_the_congo,Kibomango,100,100,100.0,113043.137022437,44949.430629807,39.76307789555182
3285.0,Africa,Middle Africa,democratic_republic_of_the_congo,Kasongo-Lunda,14,14,100.0,51456.767183909,2236.038515767,4.345470262007111
3305.0,Africa,Middle Africa,democratic_republic_of_the_congo,Kenge,64,64,100.0,107357.450909611,14283.268079359,13.304403148864552
3319.0,Africa,Middle Africa,democratic_republic_of_the_congo,Bandundu,151,151,100.0,169542.78693407803,2557.19263257,1.5082874823594195
3353.0,Africa,Middle Africa,democratic_republic_of_the_congo,Mbandaka,436,436,100.0,447134.449265798,308180.27419977495,68.92340205631929
3371.0,Africa,Middle Africa,democratic_republic_of_the_congo,Kikwit,361,361,100.0,472537.339954135,182905.24970829202,38.70704688142634
3379.0,Africa,Middle Africa,democratic_republic_of_the_congo,Makanza,42,42,100.0,68887.978957842,19566.373081646,28.403174802994602
3397.0,Africa,Middle Africa,democratic_republic_of_the_congo,Idiofa,103,103,100.0,116180.713046253,30591.173056240998,26.33068110372353
3403.0,Africa,Middle Africa,democratic_republic_of_the_congo,Gemena,262,262,100.0,406738.7899569629,102419.402957696,25.180633243397565
3406.0,Africa,Middle Africa,democratic_republic_of_the_congo,Basankusu,71,71,100.0,129239.534717175,25580.959556397,19.793447579626324
3430.0,Africa,Middle Africa,democratic_republic_of_the_congo,Ilebo,202,202,100.0,291201.492800318,163144.80678617198,56.02471512673297
3434.0,Africa,Middle Africa,democratic_republic_of_the_congo,Tshikapa,804,804,100.0,1064268.610374229,801171.728533169,75.27909032771838
3441.0,Africa,Middle Africa,democratic_republic_of_the_congo,Boende,81,81,100.0,129936.13185419298,41034.744412228,31.580703401479493
3454.0,Africa,Middle Africa,democratic_republic_of_the_congo,Lwebo,37,37,100.0,127024.922263966,24321.662434959995,19.147157897422687
3456.0,Africa,Middle Africa,democratic_republic_of_the_congo,Lisala,136,136,100.0,173246.033815927,30700.643866772,17.720835040524666
3457.0,Africa,Middle Africa,democratic_republic_of_the_congo,Mweka,103,103,100.0,266143.22934285994,57601.636979630995,21.643096885033092
3472.0,Africa,Middle Africa,democratic_republic_of_the_congo,Kakenge,6,6,100.0,85177.65552904,20249.84206996,23.77365512608659
3479.0,Africa,Middle Africa,democratic_republic_of_the_congo,Dilolo,106,106,100.0,180432.753205248,48198.584642514994,26.71276904348268
3483.0,Africa,Middle Africa,democratic_republic_of_the_congo,Demba,5,5,100.0,230094.811133994,29893.2101533,12.991692427123839
3485.0,Africa,Middle Africa,democratic_republic_of_the_congo,Luiza,81,81,100.0,116626.438164664,27818.072398901997,23.852286699886925
3486.0,Africa,Middle Africa,democratic_republic_of_the_congo,Kananga,685,685,100.0,1494447.085084019,718990.199418221,48.11078335221209
3489.0,Africa,Middle Africa,democratic_republic_of_the_congo,Yakoma,51,51,100.0,71369.22420570301,22412.544155426003,31.403653892646698
3491.0,Africa,Middle Africa,democratic_republic_of_the_congo,Bumba,109,109,100.0,181558.07282118197,47147.516530134,25.968284305688776
3504.0,Africa,Middle Africa,democratic_republic_of_the_congo,Sandoa,110,110,100.0,160016.835185807,19292.739038686002,12.056693294979757
3530.0,Africa,Middle Africa,democratic_republic_of_the_congo,Kasaji,171,171,100.0,310354.162260045,72635.223568213,23.403979195662313
3531.0,Africa,Middle Africa,democratic_republic_of_the_congo,Kahinda,18,18,100.0,73166.03797847501,4561.565056666001,6.234538841652167
3538.0,Africa,Middle Africa,democratic_republic_of_the_congo,Mwene-Ditu,153,153,100.0,222887.670538406,101741.65365908301,45.64705325032853
3541.0,Africa,Middle Africa,democratic_republic_of_the_congo,Mbuji-Mayi,3285,3285,100.0,3587949.614263694,2590960.530111939,72.21284601689277
3543.0,Africa,Middle Africa,democratic_republic_of_the_congo,Bena Tshishimbi,8,8,100.0,38959.906954521,5417.69983337,13.905833604002787
3544.0,Africa,Middle Africa,democratic_republic_of_the_congo,Lukalaba,85,85,100.0,91795.182997608,57873.353962866,63.04617744960982
3547.0,Africa,Middle Africa,democratic_republic_of_the_congo,Bondo,20,20,100.0,66746.218723748,29548.265303064,44.269571921908536
3555.0,Africa,Middle Africa,democratic_republic_of_the_congo,Aketi,52,52,100.0,69056.48039674199,44730.283338179994,64.77347684271832
3568.0,Africa,Middle Africa,democratic_republic_of_the_congo,Kanyama,74,74,100.0,172222.869131983,56017.392935733,32.52610598003919
3586.0,Africa,Middle Africa,democratic_republic_of_the_congo,Kabinda,43,43,100.0,221859.510554605,41494.082466612,18.70286397138666
3602.0,Africa,Middle Africa,democratic_republic_of_the_congo,Buta,194,194,100.0,189934.46957057097,119148.234395395,62.731232864040486
3610.0,Africa,Middle Africa,democratic_republic_of_the_congo,Kamina,598,598,100.0,673723.124307839,304731.102151696,45.23091031865156
3624.0,Africa,Middle Africa,democratic_republic_of_the_congo,Kolwezi,326,326,100.0,368659.01880003896,113483.70858017702,30.782838013717683
3625.0,Africa,Middle Africa,democratic_republic_of_the_congo,Kisangani,727,727,100.0,811398.967199308,485606.459626512,59.84805000463231
3638.0,Africa,Middle Africa,democratic_republic_of_the_congo,Kabongo,60,60,100.0,103443.65973100101,11005.134473343,10.638771387208443
3640.0,Africa,Middle Africa,democratic_republic_of_the_congo,Kabondo-Dianda,42,42,100.0,211645.91290281602,82969.40163205599,39.201986229780886
3641.0,Africa,Middle Africa,democratic_republic_of_the_congo,Kabongo,138,138,100.0,220010.27940913898,119919.18956081,54.50617574909033
3650.0,Africa,Middle Africa,democratic_republic_of_the_congo,Luena,76,76,100.0,212776.635258927,93879.747397356,44.12126701933891
3652.0,Africa,Middle Africa,democratic_republic_of_the_congo,Lubao,6,6,100.0,119318.906598303,21713.9411069,18.198240099535763
3662.0,Africa,Middle Africa,democratic_republic_of_the_congo,Kitenge,14,14,100.0,151267.38623181998,75921.29726024,50.19012964492507
3663.0,Africa,Middle Africa,democratic_republic_of_the_congo,Kindu,98,98,100.0,233986.27446686302,88115.75842483899,37.658515921760994
3679.0,Africa,Middle Africa,democratic_republic_of_the_congo,Fungurume,114,114,100.0,234278.133931383,134656.7587219,57.47730548397624
3683.0,Africa,Middle Africa,democratic_republic_of_the_congo,Kakanda,80,80,100.0,110451.85559023698,78575.08843679103,71.13967259028685
3695.0,Africa,Middle Africa,democratic_republic_of_the_congo,Kikondja,4,4,100.0,117161.2945379,0.0,0.0
3699.0,Africa,Middle Africa,democratic_republic_of_the_congo,Kambove,177,177,100.0,271938.98483060003,164292.526123038,60.415216385904124
3703.0,Africa,Middle Africa,democratic_republic_of_the_congo,Samba,31,31,100.0,67210.64303394202,32762.175882730004,48.74551767966986
3709.0,Africa,Middle Africa,democratic_republic_of_the_congo,Likasi,608,608,100.0,703518.078637142,381165.70695963,54.1799448420751
3711.0,Africa,Middle Africa,democratic_republic_of_the_congo,Punia,18,18,100.0,95962.66706987101,18081.663529579,18.842393695053964
3716.0,Africa,Middle Africa,democratic_republic_of_the_congo,Lwambo,61,61,100.0,155196.346660427,146613.829979607,94.46989773567368
3726.0,Africa,Middle Africa,democratic_republic_of_the_congo,Kasongo,86,86,100.0,142222.156289237,86001.999172932,60.470183701919034
3727.0,Africa,Middle Africa,democratic_republic_of_the_congo,Malemba Nkulu,219,219,100.0,411638.18024320004,271931.331382505,66.06076511703681
3728.0,Africa,Middle Africa,democratic_republic_of_the_congo,Kingombe,3,3,100.0,101646.214294871,765.483358332,0.7530859497741529
3732.0,Africa,Middle Africa,democratic_republic_of_the_congo,Mukanga,131,131,100.0,131033.37529285901,61285.611531082,46.770993568706395
3740.0,Africa,Middle Africa,democratic_republic_of_the_congo,Kabalo,18,18,100.0,103213.969285714,8426.061159858,8.163682898904135
3742.0,Africa,Middle Africa,democratic_republic_of_the_congo,Mulongo,112,112,100.0,336636.71223488403,94332.90185297099,28.022167049668482
3745.0,Africa,Middle Africa,democratic_republic_of_the_congo,Mukubu,105,105,100.0,180314.294349589,24246.708199343,13.446914060143268
3746.0,Africa,Middle Africa,democratic_republic_of_the_congo,Kipushi,212,212,100.0,243906.881946852,79483.04128469001,32.58745331425687
3748.0,Africa,Middle Africa,democratic_republic_of_the_congo,Kongolo,217,217,100.0,375895.966649863,224070.662187331,59.6097543116356
3749.0,Africa,Middle Africa,democratic_republic_of_the_congo,Mwadingusha,16,16,100.0,152938.840378553,49937.34878108,32.65184217264592
3752.0,Africa,Middle Africa,democratic_republic_of_the_congo,Kyolo,51,51,100.0,118403.646056645,29969.915669220998,25.31164931769349
3756.0,Africa,Middle Africa,democratic_republic_of_the_congo,Lubumbashi,2596,2596,100.0,2502149.4540382707,1348014.598454948,53.87426383661293
3766.0,Africa,Middle Africa,democratic_republic_of_the_congo,Mpose,6,6,100.0,76942.29748064998,0.0,0.0
3767.0,Africa,Middle Africa,democratic_republic_of_the_congo,Manono,519,519,100.0,543535.975571405,394013.987100872,72.49087545431662
3771.0,Africa,Middle Africa,democratic_republic_of_the_congo,N/A,62,62,100.0,106342.03992895501,52589.015613227,49.45270529732236
3773.0,Africa,Middle Africa,democratic_republic_of_the_congo,Shabunda,16,16,100.0,86121.702097886,13107.309281942998,15.219519543454007
3780.0,Africa,Middle Africa,democratic_republic_of_the_congo,Kasumbalesa,256,256,100.0,246856.383335346,164962.497328664,66.82529132923739
3803.0,Africa,Middle Africa,democratic_republic_of_the_congo,Isiro,90,90,100.0,133014.00447532,71770.911347849,53.9574096960337
3831.0,Africa,Middle Africa,democratic_republic_of_the_congo,Nyunzu,147,147,100.0,195582.955814016,97840.18632884101,50.02490422625545
3852.0,Africa,Middle Africa,democratic_republic_of_the_congo,Elila,6,6,100.0,53959.322894,22710.47882392,42.08814641453792
3854.0,Africa,Middle Africa,democratic_republic_of_the_congo,Kilwa,280,280,100.0,275697.4667666,100665.083029658,36.51287921150145
3863.0,Africa,Middle Africa,democratic_republic_of_the_congo,Kamituga,17,17,100.0,213503.598065174,209526.22515511303,98.137093263952
3900.0,Africa,Middle Africa,democratic_republic_of_the_congo,Kasenga,87,87,100.0,172164.619168708,44650.677875462,25.934874477146664
3945.0,Africa,Middle Africa,democratic_republic_of_the_congo,Dungu,66,66,100.0,83200.26739767,23462.624422415,28.200179105520597
4007.0,Africa,Middle Africa,democratic_republic_of_the_congo,Bukavu,285,285,100.0,807122.818950923,698711.67717772,86.56819764876515
4039.0,Africa,Middle Africa,democratic_republic_of_the_congo,Mambasa,71,71,100.0,79769.06446766901,55867.854121576,70.03699303032398
4040.0,Africa,Middle Africa,democratic_republic_of_the_congo,Baraka,123,123,100.0,145703.34945983504,96418.840402608,66.17475902926107
4045.0,Africa,Middle Africa,democratic_republic_of_the_congo,Kalemie,255,255,100.0,796188.026837622,624994.7101029861,78.4983809145437
4047.0,Africa,Middle Africa,democratic_republic_of_the_congo,Uvira,207,207,100.0,354236.938770122,266567.69481898705,75.25124165325205
4052.0,Africa,Middle Africa,democratic_republic_of_the_congo,Goma,769,769,100.0,840212.824509904,635908.184001545,75.68417970440645
4077.0,Africa,Middle Africa,democratic_republic_of_the_congo,Butembo,402,402,100.0,400016.699058488,301582.147679068,75.39238946496393
4099.0,Africa,Middle Africa,democratic_republic_of_the_congo,Beni,1530,1530,100.0,1812801.846774585,1539672.8035981301,84.93332055776433
4113.0,Africa,Middle Africa,democratic_republic_of_the_congo,Oicha,38,38,100.0,43811.94804778301,15151.873475605,34.583884421390664
4116.0,Africa,Middle Africa,democratic_republic_of_the_congo,Kalimva,67,67,100.0,96427.14622958598,59509.319479144,61.71428047601518
4177.0,Africa,Middle Africa,democratic_republic_of_the_congo,Mongbwalu,56,56,100.0,173148.658767032,101754.347666579,58.76704352846729
4200.0,Africa,Middle Africa,democratic_republic_of_the_congo,Bunia,367,367,100.0,408343.63619387196,312583.323360845,76.54908651801243
4252.0,Africa,Middle Africa,democratic_republic_of_the_congo,Ariwara,48,48,100.0,63898.894848656004,47967.701223118,75.06812337948739
4262.0,Africa,Middle Africa,democratic_republic_of_the_congo,Aru,58,58,100.0,60032.039950383,24797.112446161,41.306463126450524
5578.0,Africa,Eastern Africa,djibouti,Djibouti,301,301,100.0,420632.270088937,222181.793412247,52.82091014207485
779.0,Latin America and the Caribbean,Caribbean,dominican_republic,Barahona,75,75,100.0,69416.620585986,22341.926785351003,32.18527003583554
780.0,Latin America and the Caribbean,Caribbean,dominican_republic,San Juan de la Maguana,68,68,100.0,62530.81004355099,8644.470712586,13.824338284703755
789.0,Latin America and the Caribbean,Caribbean,dominican_republic,Mao,76,76,100.0,72978.806467009,33192.824996421,45.482827965165804
791.0,Latin America and the Caribbean,Caribbean,dominican_republic,Azua,61,61,100.0,66412.097820831,16143.895573152,24.308666798488428
797.0,Latin America and the Caribbean,Caribbean,dominican_republic,Santiago de los Caballeros,604,604,100.0,740014.1510276659,49944.623324514,6.749144358274142
799.0,Latin America and the Caribbean,Caribbean,dominican_republic,Baní,111,111,100.0,122693.94839581501,20478.004466042,16.690313364094564
801.0,Latin America and the Caribbean,Caribbean,dominican_republic,Puerto Plata,88,88,100.0,130868.28773818498,5580.356387473,4.264101321962015
803.0,Latin America and the Caribbean,Caribbean,dominican_republic,La Vega,120,120,100.0,124055.035059018,12640.339825763,10.189300111639547
805.0,Latin America and the Caribbean,Caribbean,dominican_republic,Moca,72,72,100.0,95148.31719059,9400.96451961,9.880326628141079
806.0,Latin America and the Caribbean,Caribbean,dominican_republic,Bonao,80,80,100.0,91882.441927694,5692.7964778549995,6.195739205902789
813.0,Latin America and the Caribbean,Caribbean,dominican_republic,San Cristóbal,142,142,100.0,180821.87519994998,46455.251127083,25.691167661939968
815.0,Latin America and the Caribbean,Caribbean,dominican_republic,San Francisco de Macoris,126,126,100.0,143013.719335006,32689.598167034997,22.857665907185062
816.0,Latin America and the Caribbean,Caribbean,dominican_republic,Santo Domingo,3692,3692,100.0,4606975.496288029,1264066.9786816249,27.43810944295492
830.0,Latin America and the Caribbean,Caribbean,dominican_republic,San Pedro de Macorís,213,213,100.0,241349.013510849,89992.449895603,37.28726651354541
839.0,Latin America and the Caribbean,Caribbean,dominican_republic,La Romana,233,233,100.0,253028.87953949202,76510.59088404702,30.237888664446093
851.0,Latin America and the Caribbean,Caribbean,dominican_republic,Higüey,149,149,100.0,140690.93280481,41497.249285893005,29.495326001900157
414.0,Latin America and the Caribbean,South America,ecuador,Santa Elena,260,260,100.0,249950.45243407498,62599.36954262299,25.044711435012797
416.0,Latin America and the Caribbean,South America,ecuador,Manta,236,236,100.0,276933.02958328405,83725.87250966401,30.233256262588398
420.0,Latin America and the Caribbean,South America,ecuador,Portoviejo,169,169,100.0,201271.893966134,19902.650663698998,9.888440095390475
424.0,Latin America and the Caribbean,South America,ecuador,Zarumilla,111,111,100.0,101808.91828941599,12368.971356938,12.149202216034027
426.0,Latin America and the Caribbean,South America,ecuador,Chone,59,59,100.0,65291.69165962299,19031.10292279,29.147817186300625
427.0,Latin America and the Caribbean,South America,ecuador,Guayaquil,2688,2688,100.0,3222958.767559245,585687.098380943,18.17234226748998
429.0,Latin America and the Caribbean,South America,ecuador,Daule,86,86,100.0,81156.24519753199,24720.108710941997,30.45989701812098
430.0,Latin America and the Caribbean,South America,ecuador,Machala,251,251,100.0,249359.05629707198,4320.712627692,1.7327273738735007
434.0,Latin America and the Caribbean,South America,ecuador,Vinces,43,43,100.0,51505.271865177994,410.415526931,0.7968417835077506
435.0,Latin America and the Caribbean,South America,ecuador,Pasaje,46,46,100.0,49542.84490607101,0.0,0.0
437.0,Latin America and the Caribbean,South America,ecuador,Esmeraldas,100,100,100.0,135078.97643301298,96998.68719699199,71.80887045371905
440.0,Latin America and the Caribbean,South America,ecuador,Milagro,160,160,100.0,155945.489714018,12648.208261127002,8.110659875012754
444.0,Latin America and the Caribbean,South America,ecuador,Babahoyo,98,98,100.0,92428.78524678301,12450.426979793003,13.47029169165278
445.0,Latin America and the Caribbean,South America,ecuador,El Carmen,68,68,100.0,73941.04927286801,14407.933417296,19.485703217607515
446.0,Latin America and the Caribbean,South America,ecuador,San Jacinto de Buena Fe,48,48,100.0,46476.574788371996,7164.6439686270005,15.415602378726772
447.0,Latin America and the Caribbean,South America,ecuador,Quevedo,159,159,100.0,171889.13476372097,6259.332530464,3.641494000809351
453.0,Latin America and the Caribbean,South America,ecuador,Cantón Santo Domingo de los Tsachilas,298,298,100.0,317572.038159622,28977.787649553,9.124791910989288
455.0,Latin America and the Caribbean,South America,ecuador,City of Loja,159,159,100.0,165308.652954828,4065.0938173369996,2.4590931839773815
456.0,Latin America and the Caribbean,South America,ecuador,Cuenca,477,477,100.0,477179.64315975003,15023.679146673,3.148432537312447
463.0,Latin America and the Caribbean,South America,ecuador,Riobamba,163,163,100.0,158627.38830939,3033.717330527,1.9124801604940869
464.0,Latin America and the Caribbean,South America,ecuador,Ambato,196,196,100.0,192698.35697469802,6930.529441489,3.5965690368595116
465.0,Latin America and the Caribbean,South America,ecuador,Latacunga,66,66,100.0,70246.438880188,10527.242485112,14.986158235106004
467.0,Latin America and the Caribbean,South America,ecuador,Quito,2174,2174,100.0,2519469.6751322504,264645.30079418595,10.504008181019062
472.0,Latin America and the Caribbean,South America,ecuador,Tumbaco,52,52,100.0,66838.194203377,653.013816394,0.9770069706057474
475.0,Latin America and the Caribbean,South America,ecuador,Otavalo,54,54,100.0,54258.886620048004,0.0,0.0
479.0,Latin America and the Caribbean,South America,ecuador,Ibarra,110,110,100.0,110279.178091894,1071.16446808,0.9713206850230736
485.0,Latin America and the Caribbean,South America,ecuador,Tulcán,49,49,100.0,54179.017334116,0.0,0.0
496.0,Latin America and the Caribbean,South America,ecuador,Nueva Loja,69,69,100.0,67047.72497962501,499.283289061,0.744668501746668
3601.0,Africa,Northern Africa,egypt,Marsa Matruh‎,155,155,100.0,182045.026325758,0.0,0.0
3751.0,Africa,Northern Africa,egypt,Alexandria,5516,5516,100.0,7338280.674776271,2435313.687614465,33.18643420093376
3789.0,Africa,Northern Africa,egypt,Idku,146,146,100.0,147907.57984444196,107111.69434825401,72.41798862567153
3793.0,Africa,Northern Africa,egypt,Abu Huminus,115,115,100.0,131192.46307324598,14095.497550412001,10.744136683021457
3794.0,Africa,Northern Africa,egypt,Izbat Bahnasi,41,41,100.0,84116.679318396,27011.299520337998,32.11170452663213
3796.0,Africa,Northern Africa,egypt,Hawsh Isa,85,85,100.0,84274.473941556,30811.854617546996,36.56131349916807
3800.0,Africa,Northern Africa,egypt,Rosetta,123,123,100.0,153743.20349667702,55621.17486415499,36.17797313905793
3804.0,Africa,Northern Africa,egypt,Damanhur,400,400,100.0,556281.201208875,146722.40141721902,26.375581468216293
3806.0,Africa,Northern Africa,egypt,Mutubis,61,61,100.0,67331.191071378,27879.199817108,41.40606956967861
3807.0,Africa,Northern Africa,egypt,Fuwah,195,195,100.0,233640.35248461203,71451.794970687,30.581958215198696
3813.0,Africa,Northern Africa,egypt,Delingat,80,80,100.0,93677.752685178,19260.317581573996,20.5601832126588
3816.0,Africa,Northern Africa,egypt,Al Zayyatin al Qibliyah,59,59,100.0,69566.633565334,22414.921295465996,32.22079342737616
3817.0,Africa,Northern Africa,egypt,Desouk,288,288,100.0,337746.037665029,69160.559958347,20.477089956844825
3820.0,Africa,Northern Africa,egypt,Sadat City,79,79,100.0,90970.569997261,699.261216415,0.7686675113017911
3827.0,Africa,Northern Africa,egypt,Itay el-Barud,149,149,100.0,156745.04982476804,23073.624382487,14.72048042874846
3828.0,Africa,Northern Africa,egypt,Shubra Khit,101,101,100.0,113259.726932812,59685.963134434,52.69831099790744
3830.0,Africa,Northern Africa,egypt,Ezbet Ahmad al Ballasi,81,81,100.0,91532.227789679,23616.120368022,25.800880125289495
3834.0,Africa,Northern Africa,egypt,Al Balakus,84,84,100.0,88136.48031273799,27935.327427622,31.695533255353546
3840.0,Africa,Northern Africa,egypt,Kafr Al-Zaiyat,234,234,100.0,281904.32390107005,85965.61486736298,30.494606708314016
3841.0,Africa,Northern Africa,egypt,Qaryat Salah al Din,55,55,100.0,53173.772240888,2660.471558176,5.003353055569431
3844.0,Africa,Northern Africa,egypt,Geziret Nikla,79,79,100.0,90471.163976353,35924.789408874,39.70855223910226
3845.0,Africa,Northern Africa,egypt,Al Kafr al Bahri,65,65,100.0,68180.40178708901,28264.025473635,41.4547652005583
3848.0,Africa,Northern Africa,egypt,Kafr Dinshawai,73,73,100.0,81137.01459537899,29425.420705987002,36.26633399408175
3849.0,Africa,Northern Africa,egypt,Kahk al Qibliya,45,45,100.0,71694.47432318,24591.487389233,34.30039430707168
3850.0,Africa,Northern Africa,egypt,Kafr Al-Sheikh,289,289,100.0,378628.51289204205,72605.514068435,19.17592352299599
3856.0,Africa,Northern Africa,egypt,Birma,46,46,100.0,55041.393423845,22408.897653979,40.712809505783746
3857.0,Africa,Northern Africa,egypt,Qotur,64,64,100.0,68141.28042845799,17952.431226882,26.345896516767663
3858.0,Africa,Northern Africa,egypt,Shamma,54,54,100.0,53847.122947949,16670.932601196,30.959746200945325
3861.0,Africa,Northern Africa,egypt,Tala,236,236,100.0,236042.211679625,73678.02999526302,31.213921218152546
3862.0,Africa,Northern Africa,egypt,Faiyum,1139,1139,100.0,1675639.300938193,501206.235478546,29.91134399855147
3867.0,Africa,Northern Africa,egypt,Manuf,243,243,100.0,258729.23933846198,52784.003634654,20.40125181429669
3869.0,Africa,Northern Africa,egypt,Tanta,805,805,100.0,978607.707527584,520751.561678623,53.21351524956639
3870.0,Africa,Northern Africa,egypt,Al-Gharaq,74,74,100.0,88749.522828773,33155.631608167,37.3586590117618
3872.0,Africa,Northern Africa,egypt,Shunufa,64,64,100.0,66743.026150073,22023.179935103002,32.996975422695776
3875.0,Africa,Northern Africa,egypt,Mit Musa,59,59,100.0,65703.145464897,29593.963728648003,45.04192838752153
3876.0,Africa,Northern Africa,egypt,Tutun,53,53,100.0,59506.833921201,10418.05119481,17.507318921731898
3877.0,Africa,Northern Africa,egypt,Shibin Al-Kom,425,425,100.0,478898.549123175,94567.74367178,19.74692632603001
3878.0,Africa,Northern Africa,egypt,Ashmoun,233,233,100.0,243929.577162874,49444.157688553,20.269849299799624
3880.0,Africa,Northern Africa,egypt,Mehallet Roh,100,100,100.0,111113.24518178002,53987.474730397,48.587794049281975
3881.0,Africa,Northern Africa,egypt,6th of October,128,128,100.0,144972.399437163,991.2457485,0.6837479081179495
3882.0,Africa,Northern Africa,egypt,Shimm al Basal al Bahari,150,150,100.0,175037.160651329,58780.67056956301,33.58182362581457
3883.0,Africa,Northern Africa,egypt,Daquf,40,40,100.0,46758.25984368,3803.001443506,8.133325440724299
3884.0,Africa,Northern Africa,egypt,Manqaţīn,40,40,100.0,40991.5754408,9763.598678362,23.8185494784473
3885.0,Africa,Northern Africa,egypt,Atsa,67,67,100.0,85740.09813819098,20530.766593428,23.945350004542433
3886.0,Africa,Northern Africa,egypt,Sunbat,130,130,100.0,163556.725642136,60308.094251225004,36.87289166156322
3887.0,Africa,Northern Africa,egypt,Garawan,178,178,100.0,181056.07042069497,28288.27197669,15.624039509396429
3888.0,Africa,Northern Africa,egypt,Sandafa al Far,53,53,100.0,61851.573874577,30253.928157147,48.91375637182022
3889.0,Africa,Northern Africa,egypt,El Mahalla El Kubra,983,983,100.0,1089600.1913383051,566588.691110594,51.999687189360664
3891.0,Africa,Northern Africa,egypt,Kafr al Hajj Daud,95,95,100.0,92278.69706744999,24492.865070563,26.542274489051614
3893.0,Africa,Northern Africa,egypt,Shushah,51,51,100.0,71177.027501964,18225.884595209,25.60641436551434
3895.0,Africa,Northern Africa,egypt,Al-Santa,104,104,100.0,162167.900050552,79369.489515871,48.9427867605916
3896.0,Africa,Northern Africa,egypt,Sinnuris,127,127,100.0,154446.464262924,66706.251244895,43.19053308422569
3898.0,Africa,Northern Africa,egypt,Mahdiyah,49,49,100.0,49212.749925227,9010.655198969,18.30959499857178
3901.0,Africa,Northern Africa,egypt,Kafr Awn,66,66,100.0,75618.089426595,17129.876515547003,22.653146417003228
3902.0,Africa,Northern Africa,egypt,Cairo,20597,20597,100.0,25020340.78434203,9772952.341636216,39.06002890157365
3904.0,Africa,Northern Africa,egypt,Kafr Sarawa,81,81,100.0,91328.837657233,31925.701644374,34.95686845834457
3905.0,Africa,Northern Africa,egypt,Samalut,181,181,100.0,252828.108859891,45803.511236626,18.11646317459456
3906.0,Africa,Northern Africa,egypt,Dirin,133,133,100.0,162040.531692408,85084.44904327703,52.5081275373669
3907.0,Africa,Northern Africa,egypt,Shubra Millis,50,50,100.0,44598.660246525,22716.739838393998,50.93592433679445
3908.0,Africa,Northern Africa,egypt,Quwaysina,189,189,100.0,254941.84513608698,42555.794949543,16.692353868713425
3909.0,Africa,Northern Africa,egypt,Al Ikhsas,41,41,100.0,67834.87965900499,10487.216598665,15.45991774641976
3910.0,Africa,Northern Africa,egypt,Damshir,61,61,100.0,86676.08752608599,24186.942949767996,27.90497776274074
3911.0,Africa,Northern Africa,egypt,Al Manshiyah al Qibliyah,177,177,100.0,207208.51905646297,44328.605721408,21.393235144607516
3912.0,Africa,Northern Africa,egypt,Abu Sir Bana,101,101,100.0,109609.90810174498,53883.884247892,49.15968381058625
3913.0,Africa,Northern Africa,egypt,Banha,676,676,100.0,781009.1235733889,220036.27707048302,28.173329917548255
3914.0,Africa,Northern Africa,egypt,Nazlet Abu Haseiba,98,98,100.0,124682.235972133,66762.60648581701,53.54620565253476
3915.0,Africa,Northern Africa,egypt,Al-Minya,412,412,100.0,619061.255503212,169318.03061545698,27.35077169024649
3916.0,Africa,Northern Africa,egypt,Kafr al Bashbishah,48,48,100.0,68698.795843775,21645.406239233,31.50769380071216
3917.0,Africa,Northern Africa,egypt,Tukh,277,277,100.0,308610.67245168,108188.28132150302,35.056558628393624
3918.0,Africa,Northern Africa,egypt,Maghagheh,164,164,100.0,217638.99654439,96406.14038317,44.29635401462019
3919.0,Africa,Northern Africa,egypt,Kafr al Arab,110,110,100.0,113543.089164624,62732.470842648,55.24992432757696
3920.0,Africa,Northern Africa,egypt,Mit Ghamr,441,441,100.0,528815.676487687,82033.285976715,15.512642613314256
3921.0,Africa,Northern Africa,egypt,Aghour Al-Kubra,102,102,100.0,142600.04260144298,37868.157133417,26.555501977833075
3922.0,Africa,Northern Africa,egypt,Beni Mazar,178,178,100.0,216952.48168803498,117649.336150383,54.228158735494844
3923.0,Africa,Northern Africa,egypt,Aga,64,64,100.0,75409.059507488,33158.142495693,43.971033072492375
3924.0,Africa,Northern Africa,egypt,Nazlat Dahrut,50,50,100.0,73096.62480815999,24444.540411717,33.44140782952838
3925.0,Africa,Northern Africa,egypt,Ihnasya al Madinah,74,74,100.0,96788.82066545599,32827.394090937,33.91651418545812
3926.0,Africa,Northern Africa,egypt,Bilqas,80,80,100.0,95245.01806966,23622.289259911,24.801600901198007
3927.0,Africa,Northern Africa,egypt,Mansoura,1176,1176,100.0,1446170.82839702,725165.219388646,50.14381462751819
3928.0,Africa,Northern Africa,egypt,Fashn,124,124,100.0,144526.742897399,89766.01380907299,62.11031398721744
3929.0,Africa,Northern Africa,egypt,Nazlet Husein Ali,49,49,100.0,59946.607160868996,22483.993356859995,37.50669874697553
3933.0,Africa,Northern Africa,egypt,Kafr al Sharaqwah,124,124,100.0,132149.65215857097,31800.922220852,24.064325332232404
3934.0,Africa,Northern Africa,egypt,Hour,64,64,100.0,93335.16291097002,48614.689452776,52.08614624602765
3935.0,Africa,Northern Africa,egypt,Awlad Sarhan,93,93,100.0,116516.78385714101,58291.707888389006,50.028593271042695
3936.0,Africa,Northern Africa,egypt,Al Inab al Saghirah,65,65,100.0,78805.070915743,39572.336229484994,50.215469346883836
3937.0,Africa,Northern Africa,egypt,Minshat al Maghaliqah,51,51,100.0,75220.061281692,27007.627621121006,35.90482001866497
3939.0,Africa,Northern Africa,egypt,Atmeeda,52,52,100.0,59073.510251173,10675.304157573999,18.071220268076118
3942.0,Africa,Northern Africa,egypt,Dundet,108,108,100.0,111736.263329257,21721.519861053002,19.43999129185614
3943.0,Africa,Northern Africa,egypt,Nazlet al Sibaat,168,168,100.0,171983.396412174,34181.918185815004,19.87512684299762
3944.0,Africa,Northern Africa,egypt,Biba,72,72,100.0,101817.287662165,41850.38923035099,41.10342181694403
3947.0,Africa,Northern Africa,egypt,Kafr al Dayr,93,93,100.0,112620.74779356901,29558.096590335,26.24569377262016
3948.0,Africa,Northern Africa,egypt,Abu Qurqas,150,150,100.0,187929.83882001397,50672.129133929004,26.963322829462548
3949.0,Africa,Northern Africa,egypt,Naj al Shaykh Hasan Abu Sabir,78,78,100.0,105040.81525384399,30729.73371047,29.255041134446486
3950.0,Africa,Northern Africa,egypt,Kardida,77,77,100.0,93168.33876969901,24470.622460377996,26.264955223540525
3951.0,Africa,Northern Africa,egypt,Ghayyadah al Gharbiyah,99,99,100.0,117089.63339953199,52087.549549744,44.48519312722709
3954.0,Africa,Northern Africa,egypt,Zayyan,98,98,100.0,139097.14904316998,3413.703164591,2.4541862921514865
3956.0,Africa,Northern Africa,egypt,Kafr al Hajj Shirbini,73,73,100.0,83191.645950019,22284.061733938,26.786417649827634
3957.0,Africa,Northern Africa,egypt,Beni Suef,464,464,100.0,580557.8772044,116735.717442313,20.107507283242537
3958.0,Africa,Northern Africa,egypt,Abyūhā,41,41,100.0,52481.521884023,17316.680386768,32.99576644335029
3959.0,Africa,Northern Africa,egypt,Gimmeizet Bilgai,25,25,100.0,31707.098593732,11837.867675619,37.335070695996016
3960.0,Africa,Northern Africa,egypt,Minya Al-Qamh,193,193,100.0,226966.25786644098,55340.34494705801,24.38263091054848
3961.0,Africa,Northern Africa,egypt,Kafr al Dabbusi,172,172,100.0,215063.86739821802,93577.896316757,43.51167746067063
3962.0,Africa,Northern Africa,egypt,Safur,66,66,100.0,72126.07890233901,37002.936884733994,51.30313119452554
3964.0,Africa,Northern Africa,egypt,Kafr al Shurafa al Qibli,72,72,100.0,88228.81376279099,22428.717488166,25.421080179619203
3965.0,Africa,Northern Africa,egypt,Mallawi,344,344,100.0,421390.81601986405,161164.44257323898,38.2458365124032
3966.0,Africa,Northern Africa,egypt,Dairut,514,514,100.0,620468.518775514,192496.45849798498,31.02437153102853
3967.0,Africa,Northern Africa,egypt,El Senbellawein City,211,211,100.0,227701.292503287,112129.952663932,49.24431979775141
3968.0,Africa,Northern Africa,egypt,Al-Zaqaziq‎,1006,1006,100.0,1231506.973045142,601722.000458147,48.86062471658376
3969.0,Africa,Northern Africa,egypt,Qalandūl,39,39,100.0,50229.731857243016,17454.807343198998,34.749951269513005
3970.0,Africa,Northern Africa,egypt,Markaz Deir Mawas,83,83,100.0,95753.74924076699,48945.113687331,51.115610694534254
3971.0,Africa,Northern Africa,egypt,Diyarb al Suq,129,129,100.0,155732.479742005,54270.78407317,34.84872530321097
3972.0,Africa,Northern Africa,egypt,Al Ayyat,128,128,100.0,141865.056750333,66105.599280579,46.59752076715948
3973.0,Africa,Northern Africa,egypt,Bush,101,101,100.0,103713.044189572,30507.608338831997,29.415401483220023
3974.0,Africa,Northern Africa,egypt,Minyat Sultan,182,182,100.0,186020.44327984104,91237.38972041602,49.0469693071113
3975.0,Africa,Northern Africa,egypt,Al-Wasitah,188,188,100.0,213612.12688194297,87927.62496272699,41.162281489440886
3977.0,Africa,Northern Africa,egypt,Izbat Abu Sir,48,48,100.0,60310.298701449006,22138.784866486,36.70813334233096
3978.0,Africa,Northern Africa,egypt,Nazlet al Barsha,48,48,100.0,61230.86270185101,32719.698852063004,53.43661253212081
3980.0,Africa,Northern Africa,egypt,Kafr Ismail,86,86,100.0,118372.738666534,57380.601108428,48.474506676806726
3981.0,Africa,Northern Africa,egypt,Al Saff,89,89,100.0,84553.94036849,28311.170783072997,33.48297034968636
3983.0,Africa,Northern Africa,egypt,Al-Qobabat,134,134,100.0,128125.35243641702,66471.25138958299,51.87985837741969
3984.0,Africa,Northern Africa,egypt,Nazlet Rimeih,332,332,100.0,404934.16029295,137027.282613162,33.83939811697524
3986.0,Africa,Northern Africa,egypt,Izbat al Hawwashah,69,69,100.0,67198.107257583,6526.7473298,9.712695187651265
3989.0,Africa,Northern Africa,egypt,El Showeifat District,39,39,100.0,46447.50542828699,0.0,0.0
3991.0,Africa,Northern Africa,egypt,Al Daraksa,79,79,100.0,78492.00537068697,52095.999771974006,66.37109031161202
3992.0,Africa,Northern Africa,egypt,Al Halawat,114,114,100.0,129842.679547031,58321.00642042301,44.91666886718727
3993.0,Africa,Northern Africa,egypt,Al Bustan,244,244,100.0,340993.779211195,72997.450192015,21.407267417275648
3994.0,Africa,Northern Africa,egypt,Beni Adi,65,65,100.0,67384.449707308,21841.860094571002,32.41379901363534
3995.0,Africa,Northern Africa,egypt,An Nazlah,699,699,100.0,776140.9442067719,253361.963127264,32.64380844979179
3996.0,Africa,Northern Africa,egypt,Bilbeis,277,277,100.0,337823.447520629,117637.485543953,34.822178983526456
4000.0,Africa,Northern Africa,egypt,Damietta,470,470,100.0,697695.1955528001,236686.736971045,33.924088696570806
4003.0,Africa,Northern Africa,egypt,Kafr Haggag,243,243,100.0,323976.63617386,136865.89390797698,42.24560620307471
4004.0,Africa,Northern Africa,egypt,Abu Kabir‎,173,173,100.0,213924.69373776502,67447.27596527498,31.52851350950338
4008.0,Africa,Northern Africa,egypt,Nazlet al Khalayfa,79,79,100.0,104841.209760231,49980.043448248005,47.672135377444626
4012.0,Africa,Northern Africa,egypt,Aţ Ţawābīyah,118,118,100.0,150999.107210518,35811.242916057,23.71619513361105
4018.0,Africa,Northern Africa,egypt,Qism Auwal Faqus,340,340,100.0,389488.297312059,97358.211050074,24.996440643265426
4025.0,Africa,Northern Africa,egypt,Kawm Abu Shil,128,128,100.0,170658.92178975503,61634.31693021199,36.11549650251688
4026.0,Africa,Northern Africa,egypt,Al Gharabwa,45,45,100.0,44772.199200828996,4369.531219283,9.759474176560204
4027.0,Africa,Northern Africa,egypt,Asyut,668,668,100.0,981762.790721123,265828.057670084,27.076607525003915
4029.0,Africa,Northern Africa,egypt,Al-Manzala,244,244,100.0,351310.434812974,146406.47036096198,41.67438705283659
4030.0,Africa,Northern Africa,egypt,Kafr al Rabaya,58,58,100.0,61872.953357041006,5592.215905884999,9.03822365422713
4032.0,Africa,Northern Africa,egypt,9th,28,28,100.0,66384.828491064,0.0,0.0
4034.0,Africa,Northern Africa,egypt,Tall al Zahirah,47,47,100.0,52039.562416108005,20540.769613731998,39.47144952812658
4041.0,Africa,Northern Africa,egypt,Al Nazla,31,31,100.0,37879.994425975994,9971.448026849,26.32378430343996
4046.0,Africa,Northern Africa,egypt,Kafr al Hawi,92,92,100.0,104875.695406612,16159.37447022,15.40812140274134
4048.0,Africa,Northern Africa,egypt,Dayr Abu Maqrufah,40,40,100.0,36940.352555519,19661.001441203,53.22364320062665
4049.0,Africa,Northern Africa,egypt,Abu Tig,69,69,100.0,98431.21102896701,31987.146535434,32.49695518428663
4051.0,Africa,Northern Africa,egypt,الغنايم,93,93,100.0,92147.68659470399,48491.798346085,52.623999731396374
4058.0,Africa,Northern Africa,egypt,Nazlet al Mughrebi,81,81,100.0,95224.19550152401,46447.801404941005,48.77731038872115
4074.0,Africa,Northern Africa,egypt,Port Said,767,767,100.0,872473.422564456,60387.470381283005,6.921410878486873
4075.0,Africa,Northern Africa,egypt,Tima,307,307,100.0,375591.64010482497,186889.198693357,49.758615138824055
4081.0,Africa,Northern Africa,egypt,Al Ismailiya,516,516,100.0,615324.2306849649,166574.470226367,27.07100775812779
4086.0,Africa,Northern Africa,egypt,Fazarah bil Qaryah,128,128,100.0,140016.095728362,59561.00778303299,42.5386863368796
4088.0,Africa,Northern Africa,egypt,Tahma,218,218,100.0,248128.458142509,80236.79421887301,32.336796359243145
4104.0,Africa,Northern Africa,egypt,Sohag,821,821,100.0,1092822.003016737,410900.765180099,37.59997182027875
4109.0,Africa,Northern Africa,egypt,Maragha,216,216,100.0,255653.599101241,98137.456202801,38.38688621940258
4112.0,Africa,Northern Africa,egypt,Nida,176,176,100.0,212488.76162535098,80266.03395747901,37.77424902075521
4133.0,Africa,Northern Africa,egypt,Girga,734,734,100.0,944563.813495686,324787.79711177596,34.384950224780056
4141.0,Africa,Northern Africa,egypt,Suez,405,405,100.0,539404.864881207,42874.31954486501,7.948448806502182
4149.0,Africa,Northern Africa,egypt,Muhammad al Askari,33,33,100.0,37158.077688822996,3612.735534462,9.72261149975661
4156.0,Africa,Northern Africa,egypt,Al Sahil Bahari,113,113,100.0,151342.638785264,74299.011596828,49.0932444373782
4157.0,Africa,Northern Africa,egypt,Aulad Ileiu,33,33,100.0,49126.447986600004,7680.381093611,15.633902731388075
4159.0,Africa,Northern Africa,egypt,Balyana,295,295,100.0,374405.31974003196,92171.56241920199,24.61812307667029
4176.0,Africa,Northern Africa,egypt,Naj Kawm Majanin,81,81,100.0,82576.916750439,20352.908402825004,24.64721280928281
4190.0,Africa,Northern Africa,egypt,Nag Hammadi,233,233,100.0,262910.650652437,64431.247542492,24.5068989721793
4199.0,Africa,Northern Africa,egypt,Al Salamiyah al Hait,49,49,100.0,47040.932182322,15367.902150656002,32.66921261486239
4209.0,Africa,Northern Africa,egypt,Abu Manna Gharb,53,53,100.0,54560.59860150501,18640.095559957,34.16402319208211
4215.0,Africa,Northern Africa,egypt,Dishna,58,58,100.0,60477.636880387996,14092.002610224,23.301179307146224
4225.0,Africa,Northern Africa,egypt,Armant Al-Waburat,133,133,100.0,266018.84746353305,111685.23642432001,41.98395620807668
4233.0,Africa,Northern Africa,egypt,Tod,147,147,100.0,301446.791716827,134608.58541930004,44.65417749270611
4238.0,Africa,Northern Africa,egypt,Naj al Madamud,559,559,100.0,1328955.863833339,506360.12469254795,38.10210244544655
4239.0,Africa,Northern Africa,egypt,Isna,90,90,100.0,96661.934924065,22876.290126096996,23.666286159146296
4241.0,Africa,Northern Africa,egypt,Qena,144,144,100.0,153986.053088286,9352.661626113,6.073706961467976
4242.0,Africa,Northern Africa,egypt,Ezbet Abu Habashi,159,159,100.0,478394.989784142,208211.38852931402,43.52290324429645
4243.0,Africa,Northern Africa,egypt,Luxor,979,979,100.0,3002118.536562468,1274991.010805235,42.46970914963087
4247.0,Africa,Northern Africa,egypt,Al Saaida,79,79,100.0,206220.60521259301,76091.758032426,36.89823233424368
4250.0,Africa,Northern Africa,egypt,Qus,321,321,100.0,341643.342790429,38761.779491668996,11.34568558399988
4251.0,Africa,Northern Africa,egypt,Al Arish,94,94,100.0,105356.52172134601,6145.691863133001,5.833233446513676
4283.0,Africa,Northern Africa,egypt,Faris,109,109,100.0,113681.467239968,57516.196357682,50.594171375596495
4286.0,Africa,Northern Africa,egypt,Ezbet al Sibil Qiblli,80,80,100.0,99491.080632289,17551.940745332002,17.641722889916693
4287.0,Africa,Northern Africa,egypt,Aswan,318,318,100.0,410589.3841864,138376.284771112,33.70186617106781
4318.0,Africa,Northern Africa,egypt,Hurghada,63,63,100.0,95128.51807756601,7338.916792915001,7.714738903985643
305.0,Latin America and the Caribbean,Central America,el_salvador,Ahuachapan,62,62,100.0,83851.126333843,14857.357970419998,17.718733927636517
308.0,Latin America and the Caribbean,Central America,el_salvador,Sonsonate,133,133,100.0,183229.30717215,46228.640368889006,25.22993787530707
310.0,Latin America and the Caribbean,Central America,el_salvador,Chalchuapa,58,58,100.0,65024.155279814,11467.657800288998,17.635996578411532
311.0,Latin America and the Caribbean,Central America,el_salvador,Santa Ana,169,169,100.0,199564.36927818,14184.734341106,7.107849157849107
316.0,Latin America and the Caribbean,Central America,el_salvador,Lourdes,141,141,100.0,193330.201683213,20149.386216193,10.422265140554387
321.0,Latin America and the Caribbean,Central America,el_salvador,San Salvador,935,935,100.0,1699260.262380633,404419.143936873,23.79971761184417
326.0,Latin America and the Caribbean,Central America,el_salvador,San Juan Nonualco [Zacatecoluca],53,53,100.0,61045.965322201,5620.854916050999,9.207578070694911
334.0,Latin America and the Caribbean,Central America,el_salvador,Usulután,58,58,100.0,65262.324715389004,0.0,0.0
338.0,Latin America and the Caribbean,Central America,el_salvador,San Miguel,161,161,100.0,169521.709048182,1102.9957306390002,0.6506516108361692
2762.0,Africa,Middle Africa,equatorial_guinea,Malabo,351,351,100.0,616569.194813129,219512.47600596497,35.60224510932552
2861.0,Africa,Middle Africa,equatorial_guinea,Bata,140,140,100.0,565440.77497037,390351.75385684904,69.03494957138598
5065.0,Africa,Eastern Africa,eritrea,Asmara,243,243,100.0,253661.679412561,59555.471371305,23.478308394561502
4568.0,Africa,Eastern Africa,ethiopia,Asosa,111,111,100.0,103211.11646688201,30806.36372165,29.84791248870467
4646.0,Africa,Eastern Africa,ethiopia,Tepi,118,118,100.0,134345.874757301,65934.786624374,49.07838572899001
4657.0,Africa,Eastern Africa,ethiopia,Metu,24,24,100.0,67821.49513636401,29391.384589317,43.33638550760605
4732.0,Africa,Eastern Africa,ethiopia,Bedele,44,44,100.0,60113.708064033,23281.921085754002,38.72980362641105
4742.0,Africa,Eastern Africa,ethiopia,Nekemte,149,149,100.0,183275.920584895,81974.605080861,44.72742781444093
4759.0,Africa,Eastern Africa,ethiopia,Agaro,52,52,100.0,94608.545079,17306.317065548003,18.292551746881728
4801.0,Africa,Eastern Africa,ethiopia,Jimma,278,278,100.0,275068.25483319606,150169.492932225,54.59353825591003
4830.0,Africa,Eastern Africa,ethiopia,Bako,82,82,100.0,82459.33532148799,48263.45012623301,58.53000140986595
4847.0,Africa,Eastern Africa,ethiopia,Gonder,186,186,100.0,297681.964318272,104393.861782928,35.068923984697115
4849.0,Africa,Eastern Africa,ethiopia,Bahir Dar,372,372,100.0,465528.559316146,185541.64549390902,39.85612521097883
4936.0,Africa,Eastern Africa,ethiopia,Arba Minch,119,119,100.0,146946.00130877903,50003.079389277,34.02820011699744
4971.0,Africa,Eastern Africa,ethiopia,Welkite,42,42,100.0,53286.300494867006,4953.968580353,9.2968896964994
4977.0,Africa,Eastern Africa,ethiopia,Ambo,109,109,100.0,138466.53790907603,60449.18834622,43.65617084028917
4982.0,Africa,Eastern Africa,ethiopia,Sodo,110,110,100.0,105872.42674910501,28727.740650507,27.134298827952243
4997.0,Africa,Eastern Africa,ethiopia,Hossana,107,107,100.0,130577.11148239001,2577.063209664,1.9735948976107884
5007.0,Africa,Eastern Africa,ethiopia,Waliso,66,66,100.0,75298.665106878,6658.831201592,8.84322609456693
5042.0,Africa,Eastern Africa,ethiopia,Alaba Kulito,131,131,100.0,166469.083409291,70392.64803097001,42.28571851861428
5095.0,Africa,Eastern Africa,ethiopia,Butajira,62,62,100.0,62095.692478335994,16928.716678789,27.262304361441984
5096.0,Africa,Eastern Africa,ethiopia,Dilla,170,170,100.0,175393.442625404,76257.0221734,43.4776927985077
5105.0,Africa,Eastern Africa,ethiopia,Holeta,49,49,100.0,49990.874213455005,17872.347426839,35.751220013729366
5126.0,Africa,Eastern Africa,ethiopia,Hawassa,381,381,100.0,394430.261164263,250016.219985238,63.38667303245204
5134.0,Africa,Eastern Africa,ethiopia,Addis Ababa,5356,5356,100.0,7054287.372528575,4154697.8152724393,58.89606697130072
5146.0,Africa,Eastern Africa,ethiopia,Shashamane,365,365,100.0,343689.25563784596,119039.086067822,34.63567281057413
5157.0,Africa,Eastern Africa,ethiopia,Sululta,51,51,100.0,90975.42111506099,5781.374841326001,6.354875603174199
5162.0,Africa,Eastern Africa,ethiopia,Arsi Negelle,231,231,100.0,224237.875900586,157541.41398779,70.25637990686047
5165.0,Africa,Eastern Africa,ethiopia,Ziway,30,30,100.0,60223.12158592001,3439.757648785,5.711689394707839
5177.0,Africa,Eastern Africa,ethiopia,Meki,103,103,100.0,117041.60554003401,70527.058399127,60.25810913453614
5183.0,Africa,Eastern Africa,ethiopia,Dukem,52,52,100.0,51713.678629655,3331.1837154809996,6.441591091086578
5189.0,Africa,Eastern Africa,ethiopia,Bishoftu,286,286,100.0,315371.04810610996,117635.06427429701,37.3005274202334
5210.0,Africa,Eastern Africa,ethiopia,Mek'elē,276,276,100.0,290629.789219672,60995.34192422799,20.987298682629117
5227.0,Africa,Eastern Africa,ethiopia,Mojo,96,96,100.0,96817.32577493001,35235.210307993,36.39349674861278
5236.0,Africa,Eastern Africa,ethiopia,Asella,166,166,100.0,185234.624351106,79047.60808477401,42.67431553991867
5246.0,Africa,Eastern Africa,ethiopia,Adama,553,553,100.0,569976.631454536,211670.21412552602,37.13664779297356
5255.0,Africa,Eastern Africa,ethiopia,Moyale,51,51,100.0,67965.432715334,14222.141328190999,20.925551063227875
5263.0,Africa,Eastern Africa,ethiopia,Weldiya,109,109,100.0,129121.161560181,54571.992310179,42.2641739361553
5277.0,Africa,Eastern Africa,ethiopia,Dessie,193,193,100.0,299545.702737412,144862.053317429,48.36058470997933
5279.0,Africa,Eastern Africa,ethiopia,Debre Birhan,81,81,100.0,134924.459261802,63913.373178799,47.3697456550736
5289.0,Africa,Eastern Africa,ethiopia,Kombolcha,125,125,100.0,257353.408051383,79268.999398201,30.801612459071926
5369.0,Africa,Eastern Africa,ethiopia,Robe,131,131,100.0,137763.950296481,35149.995594178,25.514654246290046
5429.0,Africa,Eastern Africa,ethiopia,Ginir,61,61,100.0,58078.464974188,26732.745159402002,46.028670301949134
5498.0,Africa,Eastern Africa,ethiopia,Dire Dawa,362,362,100.0,469055.783898872,205088.51025711797,43.72369285213523
5514.0,Africa,Eastern Africa,ethiopia,Harar,134,134,100.0,208651.91489035002,126437.82413085,60.5974904171357
5534.0,Africa,Eastern Africa,ethiopia,Dolo,56,56,100.0,51902.924445658995,39166.035289406995,75.46017051584985
5564.0,Africa,Eastern Africa,ethiopia,Jijiga,301,301,100.0,354846.87998577603,218686.04851573,61.62828556488815
5714.0,Africa,Eastern Africa,ethiopia,Kebri Dehar,163,163,100.0,166698.86210707,105953.80051994,63.56000225837553
13135.0,Oceania,Melanesia,fiji,Suva,56,56,100.0,232937.86514215902,0.0,0.0
2772.0,Africa,Middle Africa,gabon,Port-Gentil,63,63,100.0,62079.170263210995,23308.770428894004,37.54684595503866
2834.0,Africa,Middle Africa,gabon,Libreville,293,293,100.0,683325.209131312,231107.134300825,33.820958339093565
1455.0,Africa,Western Africa,gambia,Serrekunda,1159,1159,100.0,1123731.726252779,507194.61724609893,45.1348489498825
1457.0,Africa,Western Africa,gambia,Yundum,101,101,100.0,95436.138783059,1539.922988266,1.6135638007804165
1458.0,Africa,Western Africa,gambia,Brikama,205,205,100.0,186299.00941186098,41758.568912828996,22.414809957744403
1480.0,Africa,Western Africa,gambia,Farafenni,40,40,100.0,41189.613813412,20209.101391513,49.06358550254868
1720.0,Africa,Western Africa,ghana,Dormaa Ahenkro,65,65,100.0,78354.88634768299,472.327270531,0.6028051249224574
1736.0,Africa,Western Africa,ghana,Berekum,93,93,100.0,115886.930665311,5416.631188136,4.674065623309658
1738.0,Africa,Western Africa,ghana,Wa,46,46,100.0,50151.510193012,8681.788614416,17.311121003143192
1740.0,Africa,Western Africa,ghana,Bole,24,24,100.0,22830.995622591,1080.58412897,4.732969804876904
1747.0,Africa,Western Africa,ghana,Sunyani,110,110,100.0,130137.189921208,13865.714714256002,10.654690425274318
1762.0,Africa,Western Africa,ghana,Wenchi,41,41,100.0,54107.023923547,0.0,0.0
1774.0,Africa,Western Africa,ghana,Techiman,131,131,100.0,149119.723369339,12201.329863493,8.18223745847007
1779.0,Africa,Western Africa,ghana,Takoradi [Sekondi-Takoradi],622,622,100.0,1189029.176809241,252827.77954093798,21.263378937378235
1783.0,Africa,Western Africa,ghana,Dunkwa-on-Ofin,43,43,100.0,62416.008951085,3079.1888662089996,4.93333187743891
1785.0,Africa,Western Africa,ghana,Kumasi,3539,3539,100.0,4927370.402926112,1538071.044788065,31.214845222000843
1788.0,Africa,Western Africa,ghana,Kintampo,86,86,100.0,102174.96674283201,7475.117288404001,7.315996791286855
1789.0,Africa,Western Africa,ghana,Nkoranza,64,64,100.0,71620.316530386,1888.0999792880002,2.6362631034825785
1791.0,Africa,Western Africa,ghana,Obuasi,139,139,100.0,228531.66154333,51919.50670630301,22.71873680682927
1812.0,Africa,Western Africa,ghana,Mampong,49,49,100.0,57755.209751745,3883.7352408599995,6.724476038705161
1817.0,Africa,Western Africa,ghana,Ejura,51,51,100.0,53163.80619155301,4463.76443223,8.396246905548367
1822.0,Africa,Western Africa,ghana,Cape Coast,146,146,100.0,262551.633280572,73709.64463533899,28.074342450031626
1827.0,Africa,Western Africa,ghana,Assin Fosu,47,47,100.0,80943.00745908098,18908.88086199,23.36073424446081
1829.0,Africa,Western Africa,ghana,Konongo,55,55,100.0,74952.804491421,6346.509636074,8.467341121038924
1844.0,Africa,Western Africa,ghana,Navrongo,42,42,100.0,43159.485294836,1491.390640572,3.45553388874738
1853.0,Africa,Western Africa,ghana,Atebubu,71,71,100.0,77407.65972907499,10501.714123705,13.566763496611001
1854.0,Africa,Western Africa,ghana,Akim Oda,78,78,100.0,101636.959496804,15506.666459316999,15.256916909054732
1866.0,Africa,Western Africa,ghana,Tamale,482,482,100.0,541753.5542169649,97790.153624933,18.05067135485176
1868.0,Africa,Western Africa,ghana,Bolgatanga,66,66,100.0,65673.219929748,3190.733644205,4.858500386638867
1873.0,Africa,Western Africa,ghana,Savelugu,81,81,100.0,78792.494748472,34223.550409335,43.43503847490333
1875.0,Africa,Western Africa,ghana,Walewale,50,50,100.0,57400.884864468004,5431.96374974,9.463205597902666
1876.0,Africa,Western Africa,ghana,Nkawkaw,50,50,100.0,73099.621699759,10481.195962901,14.33823557384505
1879.0,Africa,Western Africa,ghana,Agona Swedru,120,120,100.0,173333.587654447,27187.327220807,15.684973459966049
1883.0,Africa,Western Africa,ghana,Asamankese,58,58,100.0,96267.145181491,23814.896956462,24.738343400091622
1884.0,Africa,Western Africa,ghana,Yeji,42,42,100.0,66660.031213421,4619.095779781001,6.92933335868438
1886.0,Africa,Western Africa,ghana,Winneba,85,85,100.0,107863.38517890901,27636.015699220003,25.621313157732967
1910.0,Africa,Western Africa,ghana,Accra,4611,4611,100.0,5450209.961275143,2502885.777084398,45.92274049748384
1913.0,Africa,Western Africa,ghana,Suhum,46,46,100.0,88624.514193683,8927.202665499,10.073062455371197
1921.0,Africa,Western Africa,ghana,New Tafo Akim,59,59,100.0,85553.06872344801,5035.8715928930005,5.886254775000012
1926.0,Africa,Western Africa,ghana,Nsawam,53,53,100.0,61834.67246943199,12771.017037324,20.65348861294181
1935.0,Africa,Western Africa,ghana,Koforidua,162,162,100.0,212352.94460013398,14540.003130881001,6.847092776726124
1938.0,Africa,Western Africa,ghana,Bawku,52,52,100.0,56301.449611851014,6778.059095318,12.038871364852517
1953.0,Africa,Western Africa,ghana,Kete Krachi,28,28,100.0,38163.46633141799,6816.0620895249995,17.860175567735816
1956.0,Africa,Western Africa,ghana,Yendi,117,117,100.0,135941.16746582,38008.821077887,27.95975772934541
1957.0,Africa,Western Africa,ghana,Somanya,96,96,100.0,121550.296477502,11646.531984259998,9.58165658313773
1972.0,Africa,Western Africa,ghana,Dambai,20,20,100.0,63613.492032129,20780.449224810996,32.66673241946143
1985.0,Africa,Western Africa,ghana,Ho,149,149,100.0,208651.89467228,49278.194513088994,23.617420100827747
1987.0,Africa,Western Africa,ghana,Hohoe,106,106,100.0,151589.488509889,48239.171484298,31.82224041949393
2001.0,Africa,Western Africa,ghana,Akatsi,55,55,100.0,74788.50221407702,8077.786797451,10.800840447812263
256.0,Latin America and the Caribbean,Central America,guatemala,Malacatán,63,63,100.0,69617.430582075,22589.385462463,32.4478873661265
259.0,Latin America and the Caribbean,Central America,guatemala,Coatepeque,76,76,100.0,94036.86105117999,12330.420328231,13.112326581722153
261.0,Latin America and the Caribbean,Central America,guatemala,San Pedro Sacatepéquez [San Marcos],88,88,100.0,99501.737388885,32617.789384122996,32.78112547587196
263.0,Latin America and the Caribbean,Central America,guatemala,Retalhuleu,45,45,100.0,65561.576762132,5027.475186729,7.668325618478476
266.0,Latin America and the Caribbean,Central America,guatemala,Ostuncalco,26,26,100.0,40244.791654947,33194.189013447,82.48070780947049
267.0,Latin America and the Caribbean,Central America,guatemala,Mazatenango,86,86,100.0,110379.112650984,10244.339389169001,9.28104887159344
268.0,Latin America and the Caribbean,Central America,guatemala,Quetzaltenango,202,202,100.0,213235.72023518896,52919.39376031401,24.817321273352515
269.0,Latin America and the Caribbean,Central America,guatemala,Totonicapán,50,50,100.0,94443.118453769,10953.831119496,11.59833696603107
271.0,Latin America and the Caribbean,Central America,guatemala,Huehuetenango,23,23,100.0,69285.038570217,8488.12404487,12.251020162553132
274.0,Latin America and the Caribbean,Central America,guatemala,Aguacatán,20,20,100.0,44530.273696859,11022.52860424,24.752887618154226
275.0,Latin America and the Caribbean,Central America,guatemala,Panajachel [Sololá],25,25,100.0,51224.92101849001,16092.124317403,31.414639588403524
276.0,Latin America and the Caribbean,Central America,guatemala,Santa Lucía Cotzumalguapa,70,70,100.0,104880.83845185098,78766.26617939201,75.10072129672406
278.0,Latin America and the Caribbean,Central America,guatemala,Santa Cruz del Quiché,73,73,100.0,78601.202095313,16130.373111644,20.521789338646585
280.0,Latin America and the Caribbean,Central America,guatemala,Santa Cruz Barillas,67,67,100.0,77901.291801033,56822.435912622,72.94158363606046
281.0,Latin America and the Caribbean,Central America,guatemala,Santa María Nebaj,33,33,100.0,51429.344648073,42708.607320017996,83.04326569251401
282.0,Latin America and the Caribbean,Central America,guatemala,Escuintla,57,57,100.0,87580.385039723,19873.983869953,22.692277341483425
283.0,Latin America and the Caribbean,Central America,guatemala,Chimaltenango,124,124,100.0,171999.62984715,91491.50612533701,53.192850593133414
285.0,Latin America and the Caribbean,Central America,guatemala,Ciudad Vieja [Antigua Guatemala],52,52,100.0,60528.42521323101,6261.980294041001,10.345519930480835
288.0,Latin America and the Caribbean,Central America,guatemala,Guatemala City,1398,1398,100.0,2717787.348455546,610440.999053207,22.46095521049894
291.0,Latin America and the Caribbean,Central America,guatemala,San Juan Sacatepéquez,44,44,100.0,60576.144072541,35650.739915822,58.8527719313557
294.0,Latin America and the Caribbean,Central America,guatemala,San José Pinula,59,59,100.0,142366.380899615,17666.719966205997,12.409334180281725
297.0,Latin America and the Caribbean,Central America,guatemala,La Leyenda,35,35,100.0,58102.405585207,21037.742009835,36.2080395776096
300.0,Latin America and the Caribbean,Central America,guatemala,Salamá,27,27,100.0,33728.314833345,17331.576018427,51.38583443633061
301.0,Latin America and the Caribbean,Central America,guatemala,Cobán,168,168,100.0,216882.487835541,124198.43359662301,57.26531212183483
306.0,Latin America and the Caribbean,Central America,guatemala,Jalapa,75,75,100.0,86501.99094295398,31218.164612325996,36.08953305238216
307.0,Latin America and the Caribbean,Central America,guatemala,Jutiapa,42,42,100.0,56513.549732338,3413.193088701,6.039601307769053
319.0,Latin America and the Caribbean,Central America,guatemala,Fray Bartolomé de las Casas,40,40,100.0,35041.438549587,5389.262234461001,15.379683190901758
322.0,Latin America and the Caribbean,Central America,guatemala,Chiquimula,55,55,100.0,63654.511188549004,15396.598849334,24.187757571067074
325.0,Latin America and the Caribbean,Central America,guatemala,Flores,148,148,100.0,141759.47546021699,38513.47252173699,27.168182159749392
327.0,Latin America and the Caribbean,Central America,guatemala,El Estor,49,49,100.0,51990.665843769,8546.218481564,16.437986209380796
330.0,Latin America and the Caribbean,Central America,guatemala,Poptún,65,65,100.0,58870.742854436,6901.903427409001,11.723825949461299
336.0,Latin America and the Caribbean,Central America,guatemala,Morales,40,40,100.0,57046.833606111,18483.047946985,32.399778880987796
340.0,Latin America and the Caribbean,Central America,guatemala,Puerto Barrios,59,59,100.0,66882.634262739,1172.698429926,1.7533675861498212
1477.0,Africa,Western Africa,guinea_bissau,Bissau,405,405,100.0,628172.433114812,210691.466174755,33.54038717204367
1492.0,Africa,Western Africa,guinea_bissau,Bafatá,58,58,100.0,70137.27405093,5496.088071107,7.836187170770324
1498.0,Africa,Western Africa,guinea_bissau,Gabú,86,86,100.0,81894.742895352,16305.706049737999,19.910565041487473
1493.0,Africa,Western Africa,guinea,Kamsar,86,86,100.0,111734.434237044,19803.832137666,17.72401880663957
1497.0,Africa,Western Africa,guinea,Boké,54,54,100.0,60181.392026531,10641.548599531001,17.682456721572123
1501.0,Africa,Western Africa,guinea,Sangarédi,69,69,100.0,84782.69745780398,32390.083973995006,38.203648792980935
1502.0,Africa,Western Africa,guinea,Conakry,2116,2116,100.0,2970382.3938673167,1777227.780441896,59.831615757997334
1505.0,Africa,Western Africa,guinea,Fria,37,37,100.0,57714.20165107401,9411.246507591,16.306638987209947
1512.0,Africa,Western Africa,guinea,Kindia,134,134,100.0,198647.315367823,14756.317691218,7.4284002599756445
1515.0,Africa,Western Africa,guinea,Labé,169,169,100.0,184855.461013106,45947.999337178,24.85617632574044
1518.0,Africa,Western Africa,guinea,Mamou,61,61,100.0,76890.61236388698,13506.919176061,17.566408643150254
1527.0,Africa,Western Africa,guinea,Faranah,64,64,100.0,97819.19499270301,60362.085603475,61.70781267212209
1531.0,Africa,Western Africa,guinea,Guéckédou,40,40,100.0,54411.189912329995,8981.525208456,16.506761243280064
1532.0,Africa,Western Africa,guinea,Kissidougou,54,54,100.0,110193.41600262902,27633.732444389,25.07748053089643
1535.0,Africa,Western Africa,guinea,Macenta,15,15,100.0,65781.808730902,3863.7791501330003,5.873628628757864
1538.0,Africa,Western Africa,guinea,Banankoro,58,58,100.0,79703.267338819,21867.679314807,27.436364963367666
1539.0,Africa,Western Africa,guinea,Kankan,181,181,100.0,245810.263599971,132915.853505257,54.07254016112315
1540.0,Africa,Western Africa,guinea,Siguiri,219,219,100.0,224405.35227444803,68266.86298905099,30.42122761205826
1545.0,Africa,Western Africa,guinea,Nzérékoré,169,169,100.0,285085.445151011,99355.516773155,34.85113619901779
1548.0,Africa,Western Africa,guinea,Sinko,61,61,100.0,99678.51160351197,31086.595699831003,31.18685782898039
701.0,Latin America and the Caribbean,Caribbean,haiti,Jérémie,39,39,100.0,59201.419507959006,46228.578243957,78.08694221891429
710.0,Latin America and the Caribbean,Caribbean,haiti,Les Cayes,44,44,100.0,78814.27918265702,32513.096656814,41.2527996119369
728.0,Latin America and the Caribbean,Caribbean,haiti,Petit-Goâve,69,69,100.0,150477.16196051502,119164.15094905799,79.19085487559
730.0,Latin America and the Caribbean,Caribbean,haiti,Anse-à-Galets,55,55,100.0,69073.76956045101,38310.880830385,55.46371810048187
735.0,Latin America and the Caribbean,Caribbean,haiti,Léogâne,101,101,100.0,124197.902871265,106003.623207398,85.35057416973785
736.0,Latin America and the Caribbean,Caribbean,haiti,Jacmel,85,85,100.0,123070.92672737599,74288.996932934,60.362750901760364
737.0,Latin America and the Caribbean,Caribbean,haiti,Saint-Marc,120,120,100.0,211502.989906261,175203.572649398,82.83739758338591
739.0,Latin America and the Caribbean,Caribbean,haiti,Port-de-Paix,60,60,100.0,178643.254716347,123511.069707443,69.13838974975917
740.0,Latin America and the Caribbean,Caribbean,haiti,Gonaïves,235,235,100.0,389123.1403017719,246684.42256126495,63.394950598403575
741.0,Latin America and the Caribbean,Caribbean,haiti,Port-au-Prince,1167,1167,100.0,1726843.34522247,1016851.9758532441,58.88501575238387
743.0,Latin America and the Caribbean,Caribbean,haiti,Saint-Louis-du-Nord,52,52,100.0,131264.956406871,44645.014321573,34.01137328929633
745.0,Latin America and the Caribbean,Caribbean,haiti,Gros Morne,52,52,100.0,77294.91833211701,71942.642412885,93.07551384395722
759.0,Latin America and the Caribbean,Caribbean,haiti,Mirebalais,30,30,100.0,51198.06172668999,43977.123331309,85.89607076547459
760.0,Latin America and the Caribbean,Caribbean,haiti,Cap-Haitien,189,189,100.0,333394.33026489,270649.778689417,81.18007839976735
761.0,Latin America and the Caribbean,Caribbean,haiti,Hinche,53,53,100.0,64321.147370367,51645.841611660995,80.29371944234694
776.0,Latin America and the Caribbean,Caribbean,haiti,Ouanaminthe,94,94,100.0,118948.99706259099,81785.464638454,68.75675008459169
335.0,Latin America and the Caribbean,Central America,honduras,Santa Rosa,48,48,100.0,53613.321693246,15528.945647785999,28.964714659234176
341.0,Latin America and the Caribbean,Central America,honduras,Barrio El Centro,82,82,100.0,99353.14445256001,49111.992434935,49.43174441588551
343.0,Latin America and the Caribbean,Central America,honduras,Siguatepeque,72,72,100.0,73981.876528533,2161.308681693,2.92140289366604
345.0,Latin America and the Caribbean,Central America,honduras,San Pedro Sula,1061,1061,100.0,1305287.425311232,227143.05873370898,17.401765644034235
346.0,Latin America and the Caribbean,Central America,honduras,Villanueva,91,91,100.0,105557.44683171099,53595.443306511,50.77372077022439
351.0,Latin America and the Caribbean,Central America,honduras,Comayagua,95,95,100.0,106688.84602658098,22276.076478836007,20.879480197288885
352.0,Latin America and the Caribbean,Central America,honduras,Puerto Cortés,60,60,100.0,71281.40951662899,531.54914079,0.7457051486418724
353.0,Latin America and the Caribbean,Central America,honduras,El Progreso,125,125,100.0,131985.275919762,40504.973504543996,30.68900922642935
357.0,Latin America and the Caribbean,Central America,honduras,Choluteca,116,116,100.0,107290.14222635499,5490.471419664001,5.117405295335054
359.0,Latin America and the Caribbean,Central America,honduras,Tegucigalpa,896,896,100.0,1600986.6192094348,685327.902910229,42.806597799589554
369.0,Latin America and the Caribbean,Central America,honduras,Danli,66,66,100.0,73698.071951813,2636.734586726,3.5777524661025213
373.0,Latin America and the Caribbean,Central America,honduras,La Ceiba,238,238,100.0,299165.12313723296,52435.467494537,17.527266194891244
378.0,Latin America and the Caribbean,Central America,honduras,Juticalpa,54,54,100.0,56835.574705349994,1610.12225873,2.832947968024044
10002.0,Asia,South-Central Asia,india,Udaipur,39,39,100.0,163026.03806486996,0.0,0.0
10017.0,Asia,South-Central Asia,india,Bishwanath Charaili,13,13,100.0,118356.689942632,0.0,0.0
10021.0,Asia,South-Central Asia,india,Zakiganj,53,53,100.0,306812.106959935,12427.309052789999,4.050462407082526
10022.0,Asia,South-Central Asia,india,Hojai,121,121,100.0,185496.602357631,1343.49059148,0.724266953898054
10025.0,Asia,South-Central Asia,india,Dharmanagar,15,15,100.0,97718.105420084,0.0,0.0
10033.0,Asia,South-Central Asia,india,Badarpur,22,22,100.0,157526.620314202,0.0,0.0
10036.0,Asia,South-Central Asia,india,Hailakandi,43,43,100.0,135895.67127760197,15744.708783367001,11.585879546673986
10040.0,Asia,South-Central Asia,india,Lumding,48,48,100.0,142869.22749932902,0.0,0.0
10041.0,Asia,South-Central Asia,india,Silchar,143,143,100.0,530462.9603173321,35789.055194481996,6.746758562194874
10045.0,Asia,South-Central Asia,india,North Lakhimpur,69,69,100.0,136475.369848303,0.0,0.0
10047.0,Asia,South-Central Asia,india,Diphu,47,47,100.0,69202.208576765,667.586590883,0.9646897181647835
10049.0,Asia,South-Central Asia,india,Kolasib,29,29,100.0,50743.430057164995,0.0,0.0
10056.0,Asia,South-Central Asia,india,Golaghat,64,64,100.0,155540.11337814,0.0,0.0
10060.0,Asia,South-Central Asia,india,Dimapur,203,203,100.0,454979.8263713019,24695.633831355997,5.427852489266695
10062.0,Asia,South-Central Asia,india,Jorhat,107,107,100.0,243744.38020885104,0.0,0.0
10063.0,Asia,South-Central Asia,india,Aizawl,37,37,100.0,362270.676224562,23250.70793599,6.418048564763631
10074.0,Asia,South-Central Asia,india,Dibrugarh,150,150,100.0,248885.476229333,955.894669503,0.38407008877536936
10075.0,Asia,South-Central Asia,india,Wokha,19,19,100.0,57450.262180182996,6897.69755219,12.00638132956912
10078.0,Asia,South-Central Asia,india,Nazira,16,16,100.0,72325.946672233,0.0,0.0
10080.0,Asia,South-Central Asia,india,Mokokchung,30,30,100.0,59727.18411347801,0.0,0.0
10081.0,Asia,South-Central Asia,india,Senapati,6,6,100.0,107558.404879806,0.0,0.0
10084.0,Asia,South-Central Asia,india,Imphal,381,381,100.0,781195.855209894,96065.790582551,12.297273461178278
10086.0,Asia,South-Central Asia,india,LAMKA,44,44,100.0,162241.63587100696,0.0,0.0
10087.0,Asia,South-Central Asia,india,Sonari,6,6,100.0,48508.21126688301,0.0,0.0
10089.0,Asia,South-Central Asia,india,Tinsukia,35,35,100.0,192145.840127714,0.0,0.0
10092.0,Asia,South-Central Asia,india,Thoubal,26,26,100.0,124080.09554086099,0.0,0.0
10093.0,Asia,South-Central Asia,india,Duliajan,81,81,100.0,117621.92075234301,0.0,0.0
10095.0,Asia,South-Central Asia,india,Moran,14,14,100.0,58138.708231984005,0.0,0.0
10098.0,Asia,South-Central Asia,india,Ukhrul,3,3,100.0,85049.22182206,0.0,0.0
10099.0,Asia,South-Central Asia,india,Digboi,4,4,100.0,99755.09427468,0.0,0.0
10152.0,Asia,South-Central Asia,india,Port Blair,123,123,100.0,182153.671459102,1374.91762078,0.7548119177431474
6369.0,Asia,South-Central Asia,india,Mithapur,8,8,100.0,66496.341113293,0.0,0.0
6371.0,Asia,South-Central Asia,india,Dwarka,42,42,100.0,53013.16715260399,1272.87095009,2.4010467935747104
6385.0,Asia,South-Central Asia,india,Mandvi,33,33,100.0,58814.608767757,16801.984785444,28.567706455024634
6397.0,Asia,South-Central Asia,india,Baramulla,34,34,100.0,138114.925433649,1204.75464211,0.8722841780693494
6402.0,Asia,South-Central Asia,india,Bhuj,147,147,100.0,177952.196116312,3551.7301438349996,1.9958900319013428
6403.0,Asia,South-Central Asia,india,Sopore,48,48,100.0,88939.375299192,0.0,0.0
6412.0,Asia,South-Central Asia,india,Bandipora,26,26,100.0,104827.376335879,1393.73543416,1.3295529115355431
6421.0,Asia,South-Central Asia,india,Mundra,26,26,100.0,50153.913878700005,0.0,0.0
6433.0,Asia,South-Central Asia,india,Khambhaliya,17,17,100.0,82631.91101315501,17232.34829442,20.85435043572526
6440.0,Asia,South-Central Asia,india,Anjar,40,40,100.0,96737.409777816,5237.51165134,5.4141532870989435
6442.0,Asia,South-Central Asia,india,Srinagar,313,313,100.0,1328088.2570951178,95578.900279309,7.196728061459219
6444.0,Asia,South-Central Asia,india,Porbandar,105,105,100.0,233872.02127026703,7749.44135403,3.313539307497837
6446.0,Asia,South-Central Asia,india,Gandhidham,228,228,100.0,283256.762823476,7648.956720863001,2.7003615534608745
6452.0,Asia,South-Central Asia,india,Bhanvad,7,7,100.0,26845.2028863,6288.09077114,23.423517407458377
6456.0,Asia,South-Central Asia,india,Pampore,88,88,100.0,212442.392395979,21437.55332991,10.090996005143726
6458.0,Asia,South-Central Asia,india,Jamnagar,289,289,100.0,667249.611629767,38053.341625978996,5.703014428593394
6464.0,Asia,South-Central Asia,india,Pulwama,22,22,100.0,68460.298710951,769.232465554,1.1236183306792271
6477.0,Asia,South-Central Asia,india,Jam Jodhpur,11,11,100.0,23237.746100035998,6424.74451313,27.64788153494821
6480.0,Asia,South-Central Asia,india,Barmer,30,30,100.0,255095.63087841,27000.17542496,10.584334718703785
6486.0,Asia,South-Central Asia,india,Anantnag,90,90,100.0,277126.42680959805,19150.709524949998,6.910459513162073
6487.0,Asia,South-Central Asia,india,Pokaran,5,5,100.0,53350.161362494,3094.10705966,5.799620808335934
6488.0,Asia,South-Central Asia,india,Fatehpora,23,23,100.0,66699.85747679001,0.0,0.0
6500.0,Asia,South-Central Asia,india,Upleta,71,71,100.0,83262.021731732,1480.687594148,1.778346914177433
6501.0,Asia,South-Central Asia,india,Mangrol,41,41,100.0,70636.667555444,4454.42708093,6.306111592019313
6502.0,Asia,South-Central Asia,india,Katra,9,9,100.0,36793.714609382,0.0,0.0
6503.0,Asia,South-Central Asia,india,Jammu,470,470,100.0,1143537.682271624,34814.16348699,3.0444264344513843
6508.0,Asia,South-Central Asia,india,Keshod,11,11,100.0,89907.40514605702,17907.79669874,19.918044202975604
6513.0,Asia,South-Central Asia,india,Dhoraji,43,43,100.0,85666.74492462,9517.563412239999,11.109986051897627
6514.0,Asia,South-Central Asia,india,Phalodi,48,48,100.0,118456.457388151,19325.41864723,16.314364850457775
6516.0,Asia,South-Central Asia,india,Morbi,93,93,100.0,226434.88578640495,5576.747630513,2.4628482537684246
6517.0,Asia,South-Central Asia,india,Junagadh,261,261,100.0,355024.56546896,2461.85408208,0.6934320386613476
6519.0,Asia,South-Central Asia,india,Udhampur,31,31,100.0,203963.58658565202,7523.13075597,3.688467574976062
6522.0,Asia,South-Central Asia,india,Rajkot,1099,1099,100.0,1533713.0452113259,6822.189075105,0.44481522123096956
6523.0,Asia,South-Central Asia,india,Jetpur,58,58,100.0,136736.765549624,737.611337483,0.539438924504404
6524.0,Asia,South-Central Asia,india,Veraval,51,51,100.0,227660.20230283897,13758.909543501,6.043616497010125
6528.0,Asia,South-Central Asia,india,Shapar - Veraval,27,27,100.0,69441.37501521,0.0,0.0
6529.0,Asia,South-Central Asia,india,Wankaner,31,31,100.0,70041.96526427,3455.63489517,4.933663528902719
6532.0,Asia,South-Central Asia,india,Fazilka,75,75,100.0,108484.55962448499,692.609907105,0.6384409998090437
6533.0,Asia,South-Central Asia,india,Gondal,61,61,100.0,140439.204369447,659.783765767,0.4698002731711132
6535.0,Asia,South-Central Asia,india,N/A,5,5,100.0,38985.6962923,0.0,0.0
6538.0,Asia,South-Central Asia,india,Sri Ganganagar,238,238,100.0,293358.13932948594,0.0,0.0
6544.0,Asia,South-Central Asia,india,Sanchore,11,11,100.0,72673.634654789,0.0,0.0
6545.0,Asia,South-Central Asia,india,Jalalabad,43,43,100.0,80268.95146801599,1269.71906732,1.5818308874084808
6546.0,Asia,South-Central Asia,india,Balotra,62,62,100.0,214675.25470834394,7287.50201005,3.3946632647301342
6548.0,Asia,South-Central Asia,india,Amritsar,822,822,100.0,1335766.143712539,347759.22237530403,26.034439038016437
6553.0,Asia,South-Central Asia,india,Radhanpur,9,9,100.0,66518.87077215599,14185.0872465,21.32490687505433
6554.0,Asia,South-Central Asia,india,Than,11,11,100.0,80146.78462672999,0.0,0.0
6555.0,Asia,South-Central Asia,india,Abohar,112,112,100.0,141450.391800839,0.0,0.0
6556.0,Asia,South-Central Asia,india,Kodinar,20,20,100.0,57022.790179448995,7089.3582356160005,12.432499730907598
6558.0,Asia,South-Central Asia,india,Firozpur,140,140,100.0,232363.452739507,7430.975951906,3.1979968726994943
6559.0,Asia,South-Central Asia,india,Bikaner,563,563,100.0,847826.752271284,12858.5311868,1.5166460780286375
6562.0,Asia,South-Central Asia,india,Tarn Taran Sahib,73,73,100.0,110527.638818913,14059.781511039999,12.720602431465453
6563.0,Asia,South-Central Asia,india,Dhrangadhra,32,32,100.0,81992.050096919,8333.010990169,10.163193846621633
6565.0,Asia,South-Central Asia,india,Siwana,7,7,100.0,37799.526413807995,0.0,0.0
6566.0,Asia,South-Central Asia,india,Dhire Kot,50,50,100.0,108007.17832687902,33628.596127847006,31.135519554146228
6568.0,Asia,South-Central Asia,india,Jasdan,18,18,100.0,60911.39956079701,3637.10018683,5.971132190452677
6569.0,Asia,South-Central Asia,india,Sri Muktsar Sahib,67,67,100.0,169124.551585495,6382.1704193410005,3.7736510515533976
6571.0,Asia,South-Central Asia,india,Batala,142,142,100.0,260566.60676359496,33236.598844693,12.755509716886964
6573.0,Asia,South-Central Asia,india,Kathua,40,40,100.0,102246.322882821,7060.14666965,6.905037238103177
6575.0,Asia,South-Central Asia,india,Bhinmal,23,23,100.0,75747.49736606602,0.0,0.0
6579.0,Asia,South-Central Asia,india,Gurdaspur,50,50,100.0,133568.711565222,11981.105086533,8.969993755373308
6580.0,Asia,South-Central Asia,india,Faridkot,76,76,100.0,130600.21610465598,5659.054068575,4.3331123311772615
6581.0,Asia,South-Central Asia,india,Malout,12,12,100.0,101927.810512062,3553.7946034,3.4865799486386977
6583.0,Asia,South-Central Asia,india,Amreli,67,67,100.0,157471.052894781,4203.593297687,2.6694387447169463
6584.0,Asia,South-Central Asia,india,Diu,45,45,100.0,67692.993073669,6447.533826131,9.524669442691463
6586.0,Asia,South-Central Asia,india,Hanumanangarh Junction,135,135,100.0,156854.382977513,0.0,0.0
6588.0,Asia,South-Central Asia,india,Surendranagar,92,92,100.0,303397.377309466,13692.61070428,4.5130946172660895
6589.0,Asia,South-Central Asia,india,Una,12,12,100.0,93703.65775196401,0.0,0.0
6591.0,Asia,South-Central Asia,india,Pathankot,135,135,100.0,250825.001360541,17791.300874884997,7.093113038325639
6592.0,Asia,South-Central Asia,india,Deesa,46,46,100.0,155990.899171364,4552.00477669,2.918122019214332
6593.0,Asia,South-Central Asia,india,Kotkapura,42,42,100.0,94481.93599931701,6933.97203502,7.338939408555434
6594.0,Asia,South-Central Asia,india,Nokha,84,84,100.0,88355.797212157,0.0,0.0
6595.0,Asia,South-Central Asia,india,Jodhpur,856,856,100.0,1328861.28754818,4266.42227784,0.32105851211240993
6597.0,Asia,South-Central Asia,india,Jalore,41,41,100.0,82725.85467099499,2484.02424804,3.002718144066439
6598.0,Asia,South-Central Asia,india,N/A,65,65,100.0,96681.297351132,0.0,0.0
6599.0,Asia,South-Central Asia,india,Patan,62,62,100.0,207185.49868732895,19445.911742286,9.385749420442076
6600.0,Asia,South-Central Asia,india,Kundla,57,57,100.0,94214.655703086,0.0,0.0
6603.0,Asia,South-Central Asia,india,Botad,17,17,100.0,137094.664869534,8514.48116989,6.210658290745885
6605.0,Asia,South-Central Asia,india,Kapurthala,103,103,100.0,129868.513086607,2450.637778743,1.8870145815165478
6606.0,Asia,South-Central Asia,india,Mandi Dabwali,21,21,100.0,69007.149455985,0.0,0.0
6607.0,Asia,South-Central Asia,india,Ahore,17,17,100.0,27869.149855788997,837.131889303,3.003794136652182
6608.0,Asia,South-Central Asia,india,Limbdi,25,25,100.0,64681.963045927994,11400.848646037,17.626009028114574
6610.0,Asia,South-Central Asia,india,Moga,141,141,100.0,189315.305738632,3705.060332644,1.9570844090964268
6611.0,Asia,South-Central Asia,india,Palanpur,60,60,100.0,210289.332034149,2300.8556013,1.094138052103548
6614.0,Asia,South-Central Asia,india,Bathinda,144,144,100.0,401205.62036115397,7930.58786493,1.9766891245918012
6616.0,Asia,South-Central Asia,india,Siddhapur,21,21,100.0,71203.65628797401,4962.359391579999,6.969247999724026
6617.0,Asia,South-Central Asia,india,Rajula,13,13,100.0,61217.533421582,7541.61255563,12.319366910283312
6618.0,Asia,South-Central Asia,india,Jalandhar,936,936,100.0,1149959.11594925,4418.2868165,0.3842125128816308
6619.0,Asia,South-Central Asia,india,Sri Dungargarh,46,46,100.0,51832.696313083004,0.0,0.0
6620.0,Asia,South-Central Asia,india,Shihi Village,50,50,100.0,102575.032590269,9303.923449240001,9.070358755238297
6622.0,Asia,South-Central Asia,india,Mahesana,138,138,100.0,366898.363003984,10667.039044148,2.90735531137602
6623.0,Asia,South-Central Asia,india,Nagaur,57,57,100.0,182977.70565453,1915.12197088,1.0466422474964436
6624.0,Asia,South-Central Asia,india,Raman Mandi,30,30,100.0,81890.35588798298,0.0,0.0
6625.0,Asia,South-Central Asia,india,Asop,16,16,100.0,21019.959902121,2457.17934137,11.689743238387722
6626.0,Asia,South-Central Asia,india,Sirohi,17,17,100.0,57587.311083092,1291.74023302,2.2430987117216925
6627.0,Asia,South-Central Asia,india,Kadi,33,33,100.0,135278.39886102302,9882.97418452,7.305655794073362
6629.0,Asia,South-Central Asia,india,Abu Road,38,38,100.0,92878.226374216,0.0,0.0
6630.0,Asia,South-Central Asia,india,Pali,123,123,100.0,260290.74916518503,6195.72786335,2.380310434858399
6631.0,Asia,South-Central Asia,india,Visnagar,16,16,100.0,141981.586860961,19870.396408,13.995051645294387
6632.0,Asia,South-Central Asia,india,Jagraon,56,56,100.0,92102.337180131,2465.337046433,2.676736684337736
6633.0,Asia,South-Central Asia,india,Piparcity,20,20,100.0,38953.37885496,4903.332675778,12.587695393601653
6634.0,Asia,South-Central Asia,india,Palitana,41,41,100.0,108159.86982226398,4160.592428445,3.8467062093195774
6635.0,Asia,South-Central Asia,india,Sumerpur,62,62,100.0,78976.89335065702,0.0,0.0
6637.0,Asia,South-Central Asia,india,Hoshiarpur,189,189,100.0,235571.77914019,0.0,0.0
6638.0,Asia,South-Central Asia,india,Mahuva,64,64,100.0,163476.991960648,6123.15677126,3.7455770979282264
6639.0,Asia,South-Central Asia,india,Phagwara,60,60,100.0,160152.42186734802,0.0,0.0
6641.0,Asia,South-Central Asia,india,Vadnagar,13,13,100.0,35853.678630379996,5151.63338703,14.368493230886642
6643.0,Asia,South-Central Asia,india,Sardarshahar,65,65,100.0,71020.883841746,0.0,0.0
6644.0,Asia,South-Central Asia,india,Pindwara,12,12,100.0,50763.71248106,0.0,0.0
6646.0,Asia,South-Central Asia,india,Kalol,115,115,100.0,146458.42096491,2909.08394796,1.9862865711606899
6648.0,Asia,South-Central Asia,india,Sirsa,165,165,100.0,288008.968502608,3048.081322428,1.0583286132634437
6649.0,Asia,South-Central Asia,india,Dharamshala,53,53,100.0,67408.61655644301,0.0,0.0
6651.0,Asia,South-Central Asia,india,Ahmedabad,3758,3758,100.0,7888997.222837737,2236027.537812634,28.343621814691378
6652.0,Asia,South-Central Asia,india,N/A,11,11,100.0,56253.667456865,0.0,0.0
6654.0,Asia,South-Central Asia,india,Bhavnagar,590,590,100.0,723790.573320957,10495.359504295,1.450054738367109
6655.0,Asia,South-Central Asia,india,Bidasar,17,17,100.0,41404.919485641,0.0,0.0
6656.0,Asia,South-Central Asia,india,Mansa,13,13,100.0,69884.25159158501,23982.4607622,34.31740372975219
6658.0,Asia,South-Central Asia,india,Dholka,29,29,100.0,118588.98093416201,33949.166218032995,28.627589132316455
6659.0,Asia,South-Central Asia,india,Ludhiana,1424,1424,100.0,2342363.277084383,181415.828907562,7.744991166928481
6660.0,Asia,South-Central Asia,india,Vijapur,25,25,100.0,57338.617040537996,5112.838369892999,8.916919580181466
6661.0,Asia,South-Central Asia,india,Barnala,57,57,100.0,173295.631995595,10835.49659696,6.2526080272094955
6662.0,Asia,South-Central Asia,india,Gandhinagar,174,174,100.0,196867.85684466,0.0,0.0
6664.0,Asia,South-Central Asia,india,Mansa,36,36,100.0,73932.365876112,649.692314861,0.878765757272918
6665.0,Asia,South-Central Asia,india,Sojat,23,23,100.0,37992.829310579,8314.322502222,21.883925606737844
6667.0,Asia,South-Central Asia,india,Ladnun,41,41,100.0,67182.49474357901,2900.02745741,4.316641512761285
6669.0,Asia,South-Central Asia,india,Ratangarh,60,60,100.0,88893.86038660999,2761.4362988989997,3.106442094976171
6670.0,Asia,South-Central Asia,india,Merta City,40,40,100.0,59548.360608582996,0.0,0.0
6671.0,Asia,South-Central Asia,india,Sujangarh,54,54,100.0,116816.38730183001,935.572441705,0.8008914359658026
6672.0,Asia,South-Central Asia,india,Khedbrahma,24,24,100.0,41660.90487733,0.0,0.0
6673.0,Asia,South-Central Asia,india,Idar,12,12,100.0,65591.550146361,0.0,0.0
6676.0,Asia,South-Central Asia,india,Una,22,22,100.0,56857.44450770201,0.0,0.0
6677.0,Asia,South-Central Asia,india,Himatnagar,82,82,100.0,188302.331143335,0.0,0.0
6678.0,Asia,South-Central Asia,india,Dahegam,28,28,100.0,43207.593299853994,1523.68826284,3.5264363193428525
6680.0,Asia,South-Central Asia,india,Malerkotla,59,59,100.0,155301.800361798,21134.328688870002,13.608553564501202
6685.0,Asia,South-Central Asia,india,Fatehabad,61,61,100.0,95850.715275722,3010.63532307,3.1409628132765355
6687.0,Asia,South-Central Asia,india,Khambhat,20,20,100.0,164034.122619452,55144.45976482,33.617675934873255
6688.0,Asia,South-Central Asia,india,Dhuri,33,33,100.0,84635.445136088,0.0,0.0
6689.0,Asia,South-Central Asia,india,Sangrur,50,50,100.0,133597.548553064,3498.16838057,2.618437552527809
6690.0,Asia,South-Central Asia,india,Churu,95,95,100.0,119230.12293958299,0.0,0.0
6691.0,Asia,South-Central Asia,india,Didwana,12,12,100.0,79508.40383526399,0.0,0.0
6693.0,Asia,South-Central Asia,india,Sunam,46,46,100.0,94056.80112882503,15272.41145688,16.23743447957806
6694.0,Asia,South-Central Asia,india,Nadiad,174,174,100.0,376572.98345847405,37705.919218070994,10.01291140744539
6696.0,Asia,South-Central Asia,india,Petlad,24,24,100.0,96997.36829096,21865.562877138997,22.542428998227606
6703.0,Asia,South-Central Asia,india,Fatehpur Shekhawati,31,31,100.0,112798.33851436498,0.0,0.0
6704.0,Asia,South-Central Asia,india,Anand,329,329,100.0,651364.294868109,17060.193862541997,2.6191478404563786
6705.0,Asia,South-Central Asia,india,Khanna,69,69,100.0,127054.649578532,3550.9091448910003,2.7947888225028685
6707.0,Asia,South-Central Asia,india,Kapadvanj,13,13,100.0,103914.990383909,19525.969141629997,18.790329546769176
6710.0,Asia,South-Central Asia,india,Borsad,32,32,100.0,164061.524915333,20397.356384043,12.4327482598796
6711.0,Asia,South-Central Asia,india,Mandi Gobindgarh,114,114,100.0,173065.48205098603,5457.2475072,3.153284781301603
6712.0,Asia,South-Central Asia,india,Udaipur,459,459,100.0,755511.8456223819,5346.612431578,0.7076808209636372
6713.0,Asia,South-Central Asia,india,Nabha,50,50,100.0,133963.712990067,10717.754648590999,8.000490886204153
6714.0,Asia,South-Central Asia,india,Rajsamand,40,40,100.0,121718.848622176,0.0,0.0
6715.0,Asia,South-Central Asia,india,Nathdwara,26,26,100.0,60055.849041026,6901.675171530001,11.492094911213817
6716.0,Asia,South-Central Asia,india,Modasa,13,13,100.0,117280.82749366999,0.0,0.0
6718.0,Asia,South-Central Asia,india,Makrana,17,17,100.0,194409.54900377,4330.36424637,2.2274442117480686
6719.0,Asia,South-Central Asia,india,Beawar,25,25,100.0,210870.388338641,0.0,0.0
6720.0,Asia,South-Central Asia,india,Rajgarh,43,43,100.0,81265.233234286,0.0,0.0
6721.0,Asia,South-Central Asia,india,Laxmangarh,5,5,100.0,58387.904409282,0.0,0.0
6723.0,Asia,South-Central Asia,india,Tohana,37,37,100.0,83310.395535698,8491.17063469,10.192210203889363
6726.0,Asia,South-Central Asia,india,Rupnagar,35,35,100.0,78969.186746741,0.0,0.0
6728.0,Asia,South-Central Asia,india,Surat,883,883,100.0,6993761.732554603,593854.0871946691,8.491197011050485
6729.0,Asia,South-Central Asia,india,Patran,46,46,100.0,62149.49563296801,491.308937992,0.7905276350004339
6732.0,Asia,South-Central Asia,india,Fatehgarh Sahib,41,41,100.0,46756.253166555,0.0,0.0
6735.0,Asia,South-Central Asia,india,Hisar,302,302,100.0,501980.66873524105,3459.689936838,0.6892078026739192
6737.0,Asia,South-Central Asia,india,Vadodara,1435,1435,100.0,2348439.715255669,26551.689507421004,1.130609797430137
6739.0,Asia,South-Central Asia,india,Samana,63,63,100.0,95949.47173798502,17900.127881879,18.65578575644476
6740.0,Asia,South-Central Asia,india,Kuchaman,32,32,100.0,91775.894049301,5883.10106841,6.410290119592475
6743.0,Asia,South-Central Asia,india,Parbatsar,9,9,100.0,41863.535496236,0.0,0.0
6744.0,Asia,South-Central Asia,india,Ajmer,428,428,100.0,620982.061373179,11405.596267836,1.8367030188625386
6746.0,Asia,South-Central Asia,india,Mukandgarh,6,6,100.0,30612.877434326,0.0,0.0
6749.0,Asia,South-Central Asia,india,Balasinor,16,16,100.0,56174.286416805,15618.745723339998,27.804083896057328
6750.0,Asia,South-Central Asia,india,Patiala,525,525,100.0,676046.069893104,19977.300795641,2.9550206243784243
6751.0,Asia,South-Central Asia,india,Barwala,29,29,100.0,40145.026988643,3096.46134722,7.713187857853443
6752.0,Asia,South-Central Asia,india,Sikar,159,159,100.0,308363.609458123,0.0,0.0
6754.0,Asia,South-Central Asia,india,Pilol,27,27,100.0,49548.909594485995,0.0,0.0
6755.0,Asia,South-Central Asia,india,Bharuch,63,63,100.0,406527.78149250697,29024.769239300003,7.139676686483722
6756.0,Asia,South-Central Asia,india,Jhunjhunu,42,42,100.0,182047.916250248,8148.49297374,4.476015513706216
6757.0,Asia,South-Central Asia,india,Nawalgarh,19,19,100.0,84500.517953394,0.0,0.0
6758.0,Asia,South-Central Asia,india,Dungarpur,27,27,100.0,57234.138742234,573.780761991,1.0025148881424468
6760.0,Asia,South-Central Asia,india,Chandigarh,1507,1507,100.0,2251580.3157577543,85531.03075170901,3.7987110720908976
6762.0,Asia,South-Central Asia,india,Karjan,23,23,100.0,44892.68104601499,0.0,0.0
6763.0,Asia,South-Central Asia,india,Ankleshwar,179,179,100.0,266801.650487662,0.0,0.0
6766.0,Asia,South-Central Asia,india,Narwana,40,40,100.0,94830.762032884,4778.21717399,5.03867845365735
6768.0,Asia,South-Central Asia,india,Nawa,2,2,100.0,24706.53101729,0.0,0.0
6769.0,Asia,South-Central Asia,india,Pilani,58,58,100.0,92832.318063897,0.0,0.0
6770.0,Asia,South-Central Asia,india,Baddi,14,14,100.0,79710.589136455,0.0,0.0
6771.0,Asia,South-Central Asia,india,Rajpura,102,102,100.0,176484.639338363,5910.659753451,3.349107194603413
6772.0,Asia,South-Central Asia,india,Kishangarh,29,29,100.0,258056.23837248696,7346.50188048,2.84686079546576
6773.0,Asia,South-Central Asia,india,Kamrej,29,29,100.0,133796.949402217,0.0,0.0
6777.0,Asia,South-Central Asia,india,Hansi,73,73,100.0,121665.888336342,7730.477716203,6.353857948114683
6780.0,Asia,South-Central Asia,india,Navsari,101,101,100.0,398360.76618243504,32020.699185915997,8.038115674085148
6781.0,Asia,South-Central Asia,india,Bijainagar,11,11,100.0,53726.179263122,0.0,0.0
6785.0,Asia,South-Central Asia,india,Gulabpura,8,8,100.0,48637.533234669005,0.0,0.0
6786.0,Asia,South-Central Asia,india,Halol,32,32,100.0,161981.555915091,780.781722746,0.48201890538406567
6788.0,Asia,South-Central Asia,india,Chirawa,36,36,100.0,81491.817150326,0.0,0.0
6789.0,Asia,South-Central Asia,india,Vns HOSTEL,28,28,100.0,40275.06090161399,0.0,0.0
6790.0,Asia,South-Central Asia,india,Kaithal,139,139,100.0,252844.062637358,6295.119527694,2.48972408607545
6798.0,Asia,South-Central Asia,india,Valsad,83,83,100.0,285049.810440478,23931.008303239,8.395377729337623
6799.0,Asia,South-Central Asia,india,Daman,54,54,100.0,95182.59234949201,0.0,0.0
6800.0,Asia,South-Central Asia,india,Umargam road,45,45,100.0,61789.862977044,0.0,0.0
6805.0,Asia,South-Central Asia,india,Kalka,23,23,100.0,129816.35190281003,1792.16117951,1.3805357747625988
6806.0,Asia,South-Central Asia,india,Bilimora,64,64,100.0,104326.541127018,0.0,0.0
6808.0,Asia,South-Central Asia,india,Godhra,52,52,100.0,329351.43461111403,22854.495023798998,6.939242590755598
6809.0,Asia,South-Central Asia,india,Dabhoi,18,18,100.0,63587.485479748,16341.521343869998,25.699272774474807
6810.0,Asia,South-Central Asia,india,Vapi,135,135,100.0,506915.45083272597,0.0,0.0
6811.0,Asia,South-Central Asia,india,Boisar,64,64,100.0,257033.860990277,2599.595173169,1.0113823770741774
6812.0,Asia,South-Central Asia,india,Renwal,30,30,100.0,47126.55197362601,0.0,0.0
6813.0,Asia,South-Central Asia,india,Bardoli,79,79,100.0,106492.94582199202,1204.25550089,1.1308312410692158
6814.0,Asia,South-Central Asia,india,Dera Bassi,46,46,100.0,89481.416513471,0.0,0.0
6815.0,Asia,South-Central Asia,india,Lalru,16,16,100.0,38174.204302094,1587.150139753,4.157650876474036
6816.0,Asia,South-Central Asia,india,Ambala,459,459,100.0,606614.9435715841,3545.825869789,0.5845266272064021
6817.0,Asia,South-Central Asia,india,Sambhar,13,13,100.0,28455.752387299,4303.78132588,15.124468568966599
6820.0,Asia,South-Central Asia,india,Pehowa,31,31,100.0,82108.44019184502,6392.45905729,7.785386060621933
6822.0,Asia,South-Central Asia,india,Bhilwara,167,167,100.0,401006.186705463,0.0,0.0
6824.0,Asia,South-Central Asia,india,Jind,110,110,100.0,245243.03110272603,35801.24683221,14.598272852537766
6825.0,Asia,South-Central Asia,india,Phulera,17,17,100.0,43041.207474623,0.0,0.0
6826.0,Asia,South-Central Asia,india,Sagwara,7,7,100.0,69520.207044421,0.0,0.0
6829.0,Asia,South-Central Asia,india,Palghar,44,44,100.0,118580.336301706,0.0,0.0
6831.0,Asia,South-Central Asia,india,Kharadpada,12,12,100.0,55752.617899369,0.0,0.0
6832.0,Asia,South-Central Asia,india,Bhiwani,207,207,100.0,282002.294172202,12078.684832719,4.283186726609843
6834.0,Asia,South-Central Asia,india,Silvassa,78,78,100.0,372534.120091508,0.0,0.0
6835.0,Asia,South-Central Asia,india,Singhana,14,14,100.0,50044.824132967995,0.0,0.0
6840.0,Asia,South-Central Asia,india,Vasai-Virar,774,774,100.0,1607384.8993714368,72702.497616076,4.523029776160402
6841.0,Asia,South-Central Asia,india,Sarwar,20,20,100.0,25552.47661569,8199.41364389,32.08852811885682
6845.0,Asia,South-Central Asia,india,Mumbai,9161,9161,100.0,24357086.23083449,3554222.9852815587,14.592151752462668
6846.0,Asia,South-Central Asia,india,Shahabad Markanda,35,35,100.0,47191.79128876099,8422.140506006,17.84662178740349
6847.0,Asia,South-Central Asia,india,Chittorgarh,98,98,100.0,207557.51795632302,2060.688609655,0.9928277375568912
6848.0,Asia,South-Central Asia,india,Neem Ka Thana,10,10,100.0,92447.515415623,3331.69944074,3.6038820792115795
6849.0,Asia,South-Central Asia,india,Partapur,9,9,100.0,45613.376479996,0.0,0.0
6853.0,Asia,South-Central Asia,india,Bodeli,12,12,100.0,50987.447430827,2376.01169692,4.659993423172355
6855.0,Asia,South-Central Asia,india,Shahpura,17,17,100.0,50158.43690318301,16938.294622824,33.76958228486803
6856.0,Asia,South-Central Asia,india,Kurukshetra,252,252,100.0,321433.897991156,8657.571366426999,2.6934220132144264
6864.0,Asia,South-Central Asia,india,N/A,21,21,100.0,26701.787125336,0.0,0.0
6866.0,Asia,South-Central Asia,india,Naraingarh,22,22,100.0,47971.955170832,2372.359735026,4.945305494799693
6867.0,Asia,South-Central Asia,india,Charkhi Dadri,57,57,100.0,97908.195848979,5512.66068676,5.630438431592739
6868.0,Asia,South-Central Asia,india,Kekri,8,8,100.0,60288.086782499995,0.0,0.0
6870.0,Asia,South-Central Asia,india,Barara,26,26,100.0,58506.220242430005,8441.89608455,14.429057371284005
6873.0,Asia,South-Central Asia,india,N/A,11,11,100.0,45960.10004829199,0.0,0.0
6874.0,Asia,South-Central Asia,india,Mahendragarh,13,13,100.0,62553.046156067,0.0,0.0
6875.0,Asia,South-Central Asia,india,Bagru,16,16,100.0,40484.484970811005,0.0,0.0
6877.0,Asia,South-Central Asia,india,Nimbahera,4,4,100.0,70575.1261912,0.0,0.0
6882.0,Asia,South-Central Asia,india,Narnaul,15,15,100.0,123241.69881702,0.0,0.0
6883.0,Asia,South-Central Asia,india,Chomu,71,71,100.0,89103.79994801497,0.0,0.0
6885.0,Asia,South-Central Asia,india,Malpura,11,11,100.0,58253.165042639994,8765.13586504,15.046625979247857
6886.0,Asia,South-Central Asia,india,Songadh,42,42,100.0,51842.016863651,2444.4967840199997,4.715281024751098
6888.0,Asia,South-Central Asia,india,Uran,58,58,100.0,94173.35269501,0.0,0.0
6890.0,Asia,South-Central Asia,india,Alibag,33,33,100.0,108396.432811784,719.702437177,0.663953986776177
6891.0,Asia,South-Central Asia,india,Rohtak,329,329,100.0,510075.4461532141,20327.842528826004,3.985261921962819
6893.0,Asia,South-Central Asia,india,Jaipur,3025,3025,100.0,3930151.255950508,197095.79855164,5.014967254840993
6897.0,Asia,South-Central Asia,india,Gohana,63,63,100.0,135440.74354516502,13613.53897034,10.05128782817139
6898.0,Asia,South-Central Asia,india,Banswara,18,18,100.0,172024.29243070103,0.0,0.0
6899.0,Asia,South-Central Asia,india,Chhota Udaipur,11,11,100.0,51734.146246740995,0.0,0.0
6900.0,Asia,South-Central Asia,india,Karnal,302,302,100.0,448141.947153061,19964.817487551,4.455020917899502
6901.0,Asia,South-Central Asia,india,Sithana,11,11,100.0,86893.239988288,0.0,0.0
6903.0,Asia,South-Central Asia,india,Bilaspur,22,22,100.0,28890.971478224,2929.822355952,10.14096171241696
6906.0,Asia,South-Central Asia,india,Dahod,133,133,100.0,293218.623461019,31808.263150493993,10.84796824125417
6907.0,Asia,South-Central Asia,india,Yamunanagar,368,368,100.0,672374.046934248,39777.734306166996,5.9160127443254655
6912.0,Asia,South-Central Asia,india,Panipat,402,402,100.0,720941.81031926,21718.815211240002,3.0125614717257276
6913.0,Asia,South-Central Asia,india,Neemuch,15,15,100.0,127152.910394934,3253.93325137,2.5590709966947345
6915.0,Asia,South-Central Asia,india,Amer,20,20,100.0,47674.865002440994,0.0,0.0
6917.0,Asia,South-Central Asia,india,Kotputli,75,75,100.0,111102.06071520099,0.0,0.0
6918.0,Asia,South-Central Asia,india,Deoli,17,17,100.0,55709.831337403,0.0,0.0
6919.0,Asia,South-Central Asia,india,Navapur,27,27,100.0,65288.275676745,9423.855252116,14.434222920475564
6923.0,Asia,South-Central Asia,india,Behror,27,27,100.0,62056.636734559994,2663.1719749599997,4.291518385618296
6924.0,Asia,South-Central Asia,india,Pen,30,30,100.0,61254.124315004,6138.057490002,10.020643603419375
6926.0,Asia,South-Central Asia,india,Padi Meena,81,81,100.0,149496.383215558,0.0,0.0
6927.0,Asia,South-Central Asia,india,Pratapgarh,12,12,100.0,77474.748568485,6639.0589502,8.569319775631543
6933.0,Asia,South-Central Asia,india,Jhajjar,49,49,100.0,56658.844511128,0.0,0.0
6934.0,Asia,South-Central Asia,india,Neemrana,33,33,100.0,55271.087202168004,0.0,0.0
6936.0,Asia,South-Central Asia,india,Gangoh,12,12,100.0,64237.303250651,4157.24000705,6.4716913641729965
6939.0,Asia,South-Central Asia,india,Paonta Sahib,23,23,100.0,46903.79082890599,0.0,0.0
6940.0,Asia,South-Central Asia,india,Roha,23,23,100.0,62282.74322018099,2388.6611464879998,3.835189368656486
6948.0,Asia,South-Central Asia,india,Rewari,138,138,100.0,183769.51334556102,0.0,0.0
6950.0,Asia,South-Central Asia,india,Chaksu,9,9,100.0,40379.863214742996,4290.533903153,10.625429512565791
6955.0,Asia,South-Central Asia,india,Delhi [New Delhi],20479,20479,100.0,32412720.671810824,6418624.229621563,19.802793769187687
6956.0,Asia,South-Central Asia,india,Bawal,29,29,100.0,40490.30646594101,0.0,0.0
6958.0,Asia,South-Central Asia,india,Tonk,48,48,100.0,213982.988038074,17653.65406347,8.250026894815061
6959.0,Asia,South-Central Asia,india,Kairana,12,12,100.0,126885.11224401402,29716.369567499998,23.419902494433035
6960.0,Asia,South-Central Asia,india,Manasa,15,15,100.0,36871.503520664,3932.63863234,10.66579406000089
6964.0,Asia,South-Central Asia,india,Salhapur,68,68,100.0,90101.179102163,8160.480006475,9.057017996648055
6965.0,Asia,South-Central Asia,india,Saharanpur,251,251,100.0,1242489.860196351,413022.714817783,33.2415360518526
6968.0,Asia,South-Central Asia,india,Dakpathar,38,38,100.0,42668.98030007599,0.0,0.0
6969.0,Asia,South-Central Asia,india,Niwai,18,18,100.0,82691.531745629,0.0,0.0
6970.0,Asia,South-Central Asia,india,Nashik,1396,1396,100.0,1937159.065718382,25800.515246623996,1.3318738612234744
6971.0,Asia,South-Central Asia,india,Mandsaur,18,18,100.0,161518.813845262,0.0,0.0
6974.0,Asia,South-Central Asia,india,Shamli,34,34,100.0,202124.848146649,83204.083527591,41.1646981014543
6975.0,Asia,South-Central Asia,india,Lonavala,64,64,100.0,100992.211717735,0.0,0.0
6976.0,Asia,South-Central Asia,india,Kandhla,8,8,100.0,73301.056075092,21177.319188729998,28.890878689435606
6978.0,Asia,South-Central Asia,india,Bhiwadi,188,188,100.0,373018.314762141,0.0,0.0
6979.0,Asia,South-Central Asia,india,Thana Bhawan,10,10,100.0,75145.592870259,12950.31391958,17.233630642769807
6980.0,Asia,South-Central Asia,india,Bundi,78,78,100.0,145584.61134361598,9053.778871011,6.218912004127843
6985.0,Asia,South-Central Asia,india,Sela Kui,11,11,100.0,55236.11892481899,0.0,0.0
6986.0,Asia,South-Central Asia,india,Khairthal,27,27,100.0,88105.51571387501,10605.78693249,12.037597018253175
6989.0,Asia,South-Central Asia,india,Khushkhera,32,32,100.0,59481.461502743005,0.0,0.0
6990.0,Asia,South-Central Asia,india,Nandurbar,159,159,100.0,191531.40448911602,3037.0585651610004,1.5856713280320482
6992.0,Asia,South-Central Asia,india,Baraut,28,28,100.0,209406.52407473297,74632.937151747,35.640215834494256
6993.0,Asia,South-Central Asia,india,Baghpat,25,25,100.0,180752.404488815,48408.40533683,26.78161071977636
6995.0,Asia,South-Central Asia,india,Alwar,511,511,100.0,599355.452612411,566.257348802,0.0944777170765451
6996.0,Asia,South-Central Asia,india,Dausa,29,29,100.0,205970.346298909,0.0,0.0
7001.0,Asia,South-Central Asia,india,Chutmalpur,8,8,100.0,55908.052450407005,1333.794774366,2.3856935019318315
7003.0,Asia,South-Central Asia,india,Baghpat,34,34,100.0,88706.084323236,20646.089891493997,23.274716778458775
7004.0,Asia,South-Central Asia,india,Rawatbhata,28,28,100.0,55867.591448736996,0.0,0.0
7005.0,Asia,South-Central Asia,india,Pimpalgaon Basvant,21,21,100.0,55934.581819588,0.0,0.0
7006.0,Asia,South-Central Asia,india,Jaora,36,36,100.0,68413.70219926101,3430.8046301779996,5.01479165706524
7008.0,Asia,South-Central Asia,india,Bhagwānpur,27,27,100.0,91694.49538705901,6077.725426264,6.628233680341252
7011.0,Asia,South-Central Asia,india,Ratlam,115,115,100.0,333879.17794210505,47311.655246419,14.170292241052207
7012.0,Asia,South-Central Asia,india,Budhana,10,10,100.0,83540.00348431,22638.77579508,27.099323498749772
7015.0,Asia,South-Central Asia,india,Deoband,14,14,100.0,163563.681959907,86049.1325531,52.60894810022222
7016.0,Asia,South-Central Asia,india,Dehradun,625,625,100.0,1051629.05203308,5049.707959374,0.480179579445011
7017.0,Asia,South-Central Asia,india,Shahada,32,32,100.0,173411.16709117498,6582.02771516,3.795619293479148
7018.0,Asia,South-Central Asia,india,Talegaon,50,50,100.0,94817.057778487,0.0,0.0
7021.0,Asia,South-Central Asia,india,Sinnar,50,50,100.0,103425.96156116901,502.757376044,0.48610365178636045
7022.0,Asia,South-Central Asia,india,Rajgarh,12,12,100.0,74671.664414406,0.0,0.0
7023.0,Asia,South-Central Asia,india,Sakri,17,17,100.0,49297.414273075,0.0,0.0
7024.0,Asia,South-Central Asia,india,Satana,31,31,100.0,45329.75628504901,629.301275521,1.3882741207866602
7027.0,Asia,South-Central Asia,india,Sohna,25,25,100.0,93236.82735359001,11102.69270315,11.908055023198404
7028.0,Asia,South-Central Asia,india,Kota,821,821,100.0,1184044.780513818,53405.439147492,4.51042393213512
7030.0,Asia,South-Central Asia,india,Muzaffarnagar,329,329,100.0,878075.2141335041,276632.97190599004,31.50447335869456
7031.0,Asia,South-Central Asia,india,Bandikui,43,43,100.0,135220.671708635,6129.793446612,4.5331777820332775
7033.0,Asia,South-Central Asia,india,Roorkee,145,145,100.0,465854.507610068,74780.02049557498,16.052226451389785
7037.0,Asia,South-Central Asia,india,Ratnagiri,122,122,100.0,210946.80622628,3590.916022,1.702285086102735
7039.0,Asia,South-Central Asia,india,N/A,29,29,100.0,43112.890775332,0.0,0.0
7041.0,Asia,South-Central Asia,india,Pune,3643,3643,100.0,6841492.9599744165,499463.238640593,7.300500659178646
7048.0,Asia,South-Central Asia,india,Sardhana,17,17,100.0,84631.07999506599,42132.531583171,49.783757439497805
7050.0,Asia,South-Central Asia,india,Dondaicha,24,24,100.0,83816.62732961,7301.60002471,8.711398033228372
7051.0,Asia,South-Central Asia,india,Chiplun,44,44,100.0,110429.792396948,1586.797720798,1.4369290083369342
7055.0,Asia,South-Central Asia,india,Haridwar,415,415,100.0,681660.109620709,19968.013152118,2.929321060495773
7056.0,Asia,South-Central Asia,india,Khatauli,27,27,100.0,147092.18454944398,53523.080679539,36.38744019166267
7058.0,Asia,South-Central Asia,india,Narayangaon,18,18,100.0,27989.630316521,0.0,0.0
7060.0,Asia,South-Central Asia,india,Lakheri,8,8,100.0,55059.83241421,0.0,0.0
7061.0,Asia,South-Central Asia,india,Meerut,537,537,100.0,2177480.653510503,378060.1845793981,17.36227525006456
7063.0,Asia,South-Central Asia,india,Modinagar,20,20,100.0,371066.43933603,50948.96637835,13.730416167389281
7066.0,Asia,South-Central Asia,india,Sawai Madhopur,72,72,100.0,230387.23063987299,2189.1620895,0.9502098199712996
7067.0,Asia,South-Central Asia,india,Daurala,4,4,100.0,58337.07360205,0.0,0.0
7069.0,Asia,South-Central Asia,india,Barwani,26,26,100.0,94143.417015958,2293.117543244,2.435770461630153
7070.0,Asia,South-Central Asia,india,Laksar,19,19,100.0,59451.315755202,4246.310725822,7.142500837671448
7074.0,Asia,South-Central Asia,india,Nagda,19,19,100.0,139197.292843965,18859.41973449,13.548697211827754
7075.0,Asia,South-Central Asia,india,Sangamner,58,58,100.0,119468.48011823697,1549.67847423,1.2971442113403433
7077.0,Asia,South-Central Asia,india,Palwal,59,59,100.0,252174.11045078505,36999.692260929995,14.67228027285971
7080.0,Asia,South-Central Asia,india,Dadri,87,87,100.0,123836.62663541101,883.127625077,0.7131392779916618
7081.0,Asia,South-Central Asia,india,Rishikesh,163,163,100.0,301114.51195115503,8760.470678787,2.9093485471759895
7082.0,Asia,South-Central Asia,india,Punhana,17,17,100.0,54760.755423994,20591.457320999998,37.602580829222156
7084.0,Asia,South-Central Asia,india,Malegaon,401,401,100.0,552439.672331266,29572.48634029,5.353070719105977
7085.0,Asia,South-Central Asia,india,Greater Noida,152,152,100.0,185804.974584789,0.0,0.0
7088.0,Asia,South-Central Asia,india,Bhawani Mandi,30,30,100.0,64192.758520815,0.0,0.0
7089.0,Asia,South-Central Asia,india,Manmad,31,31,100.0,72607.139604147,715.311445792,0.9851805892531601
7092.0,Asia,South-Central Asia,india,Manawar,6,6,100.0,74226.9151907,2916.52421585,3.9292003559046136
7095.0,Asia,South-Central Asia,india,Aurangabad,12,12,100.0,43868.745609886995,9445.00713064,21.53015090659742
7097.0,Asia,South-Central Asia,india,Suket,13,13,100.0,110796.51125265399,0.0,0.0
7103.0,Asia,South-Central Asia,india,Gangapur,8,8,100.0,219038.54525002802,0.0,0.0
7105.0,Asia,South-Central Asia,india,Shirpur,65,65,100.0,150713.407610401,25376.713720128,16.837728057829878
7106.0,Asia,South-Central Asia,india,Yeola,23,23,100.0,42678.335049675006,0.0,0.0
7108.0,Asia,South-Central Asia,india,Hapur,38,38,100.0,479868.625965062,102804.073561715,21.423378816434628
7109.0,Asia,South-Central Asia,india,Dhule,492,492,100.0,603227.756017476,4198.825842437,0.6960597884549856
7110.0,Asia,South-Central Asia,india,Mawana,4,4,100.0,86329.35072183001,0.0,0.0
7111.0,Asia,South-Central Asia,india,Hodal,37,37,100.0,101385.24022744401,15010.739872139999,14.805646106341952
7112.0,Asia,South-Central Asia,india,Itawa,11,11,100.0,32533.306275225998,0.0,0.0
7113.0,Asia,South-Central Asia,india,Dhar,11,11,100.0,109413.127204289,16706.59614462,15.269279447087317
7115.0,Asia,South-Central Asia,india,Sikandarabad,24,24,100.0,237115.04680528498,41289.586968640004,17.413313716251142
7116.0,Asia,South-Central Asia,india,Kaman,27,27,100.0,66744.58271753101,35008.625764068,52.451636280696526
7118.0,Asia,South-Central Asia,india,Kopargaon,33,33,100.0,80612.353679865,3251.376425955,4.0333475919424915
7119.0,Asia,South-Central Asia,india,Mehidpur,13,13,100.0,55738.698612292996,10032.49563516,17.999156573324377
7121.0,Asia,South-Central Asia,india,Shirdi,35,35,100.0,71739.423003691,0.0,0.0
7122.0,Asia,South-Central Asia,india,Bijnor,47,47,100.0,244159.43352671503,60676.369671942,24.851126493665873
7126.0,Asia,South-Central Asia,india,Kiratpur,12,12,100.0,89546.47753417,6942.6601672629995,7.753135978591399
7127.0,Asia,South-Central Asia,india,Jewar,9,9,100.0,39466.170880243,17542.9177956,44.45051902509774
7131.0,Asia,South-Central Asia,india,Sendhwa,5,5,100.0,148132.17941880002,0.0,0.0
7132.0,Asia,South-Central Asia,india,Gulavthi,13,13,100.0,79708.140412913,15677.616219813,19.668776788165005
7133.0,Asia,South-Central Asia,india,Kosi Kalan,24,24,100.0,113026.16577549202,26029.309643688,23.029454697588314
7135.0,Asia,South-Central Asia,india,Najibabad,72,72,100.0,268785.826705717,89656.136047204,33.35597607435044
7137.0,Asia,South-Central Asia,india,Jhalawar,14,14,100.0,113861.31619679401,0.0,0.0
7138.0,Asia,South-Central Asia,india,Karegaon,26,26,100.0,53648.342217585996,0.0,0.0
7139.0,Asia,South-Central Asia,india,Satara,263,263,100.0,343143.924443541,0.0,0.0
7140.0,Asia,South-Central Asia,india,Deeg,53,53,100.0,82297.873649398,24817.566941816,30.15578148172184
7141.0,Asia,South-Central Asia,india,Hindaun,13,13,100.0,231190.061990602,54835.889354,23.71896476944113
7143.0,Asia,South-Central Asia,india,Jhalrapatan,21,21,100.0,54866.20448064501,2034.7174462399998,3.7085077517213376
7145.0,Asia,South-Central Asia,india,Bulandshahr,60,60,100.0,522300.39091515,208987.12916638,40.01282265942835
7151.0,Asia,South-Central Asia,india,Sheopur,15,15,100.0,106272.660685378,9095.644726691,8.558781410036218
7152.0,Asia,South-Central Asia,india,N/A,33,33,100.0,155680.77497767302,0.0,0.0
7153.0,Asia,South-Central Asia,india,Shrirampur,81,81,100.0,108451.71921539401,540.932781352,0.49877750695465056
7155.0,Asia,South-Central Asia,india,Kotdwar,17,17,100.0,111121.834165828,0.0,0.0
7156.0,Asia,South-Central Asia,india,Govardhan,51,51,100.0,186450.05195793998,62730.199944624,33.644506550620264
7158.0,Asia,South-Central Asia,india,Ujjain,386,386,100.0,583976.777154242,64190.598677623,10.991977967073979
7159.0,Asia,South-Central Asia,india,Amalner,53,53,100.0,155444.22022850596,6812.592863053001,4.382660772486979
7160.0,Asia,South-Central Asia,india,Vaijapur,29,29,100.0,39386.64361807101,0.0,0.0
7161.0,Asia,South-Central Asia,india,Baran,77,77,100.0,138746.93904382802,15277.249883392002,11.010873456866788
7163.0,Asia,South-Central Asia,india,Khurja,27,27,100.0,325834.969086449,101119.55858792001,31.03397983078097
7165.0,Asia,South-Central Asia,india,N/A,6,6,100.0,38945.32267198,0.0,0.0
7166.0,Asia,South-Central Asia,india,Chandpur,46,46,100.0,151143.17006394698,64670.664960716014,42.787685962491445
7167.0,Asia,South-Central Asia,india,Garhmuktesar,11,11,100.0,70216.570470833,20164.972112209998,28.718252653177146
7170.0,Asia,South-Central Asia,india,Nagina,10,10,100.0,76210.741386926,8823.34224723,11.577557292656977
7171.0,Asia,South-Central Asia,india,Bayana,22,22,100.0,102997.65110426002,19520.492772773003,18.952366936031638
7175.0,Asia,South-Central Asia,india,Rahuri,19,19,100.0,28058.111887198997,0.0,0.0
7177.0,Asia,South-Central Asia,india,Pithampur,26,26,100.0,129042.51086274802,1137.38880056,0.8814062846078278
7178.0,Asia,South-Central Asia,india,Parola,29,29,100.0,44186.202500137006,5434.917935095,12.300034009662062
7179.0,Asia,South-Central Asia,india,Chalisgaon,32,32,100.0,177640.39431257598,0.0,0.0
7183.0,Asia,South-Central Asia,india,Vrindavan,110,110,100.0,225522.70748105302,23123.809251439998,10.253428361923472
7184.0,Asia,South-Central Asia,india,Bharatpur,222,222,100.0,381773.105215547,24977.838975592997,6.542587373065645
7186.0,Asia,South-Central Asia,india,Gajraula,18,18,100.0,152691.30868585999,3311.6895551099997,2.168878886173748
7187.0,Asia,South-Central Asia,india,Mathura,227,227,100.0,344967.637449024,18108.591759619998,5.249359590229942
7188.0,Asia,South-Central Asia,india,Karad,101,101,100.0,214153.07984552695,1740.0646791089998,0.8125331096634913
7190.0,Asia,South-Central Asia,india,Indore,2332,2332,100.0,3590384.625581711,459910.046058208,12.809492408733055
7192.0,Asia,South-Central Asia,india,Panaji,165,165,100.0,254513.47030439,0.0,0.0
7193.0,Asia,South-Central Asia,india,Chopda,37,37,100.0,153219.04104877397,38410.572890597,25.069059711951745
7195.0,Asia,South-Central Asia,india,Shikarpur,9,9,100.0,66759.230069804,34183.17713929,51.20367191704845
7197.0,Asia,South-Central Asia,india,Ahmadnagar,442,442,100.0,492821.953542425,0.0,0.0
7198.0,Asia,South-Central Asia,india,Dhampur,22,22,100.0,203548.387432859,79161.58940397,38.890796631872945
7200.0,Asia,South-Central Asia,india,Jahangirabad,7,7,100.0,80300.726290116,14509.3401896,18.068753372391246
7202.0,Asia,South-Central Asia,india,Vasco da Gama,57,57,100.0,114610.07997761,0.0,0.0
7203.0,Asia,South-Central Asia,india,Phaltan,71,71,100.0,81718.22773287902,0.0,0.0
7204.0,Asia,South-Central Asia,india,Hasanpur,16,16,100.0,76174.319113499,32506.784193768002,42.67420381576789
7207.0,Asia,South-Central Asia,india,Gokul,49,49,100.0,192720.73143539502,8106.86822171,4.2065366612764405
7208.0,Asia,South-Central Asia,india,Sherkot,8,8,100.0,119877.26226355002,106265.69113829,88.6454104237591
7209.0,Asia,South-Central Asia,india,Daund,28,28,100.0,63617.31099479199,0.0,0.0
7211.0,Asia,South-Central Asia,india,Khargone,30,30,100.0,99322.53402606901,15903.82276734,16.012300655927437
7212.0,Asia,South-Central Asia,india,Bhadgaon,11,11,100.0,58337.129929589,4204.904096937,7.207937898234248
7213.0,Asia,South-Central Asia,india,Islampur,130,130,100.0,171876.48982144002,9103.242358247,5.296386008176119
7214.0,Asia,South-Central Asia,india,Kodoli,33,33,100.0,68560.818094124,0.0,0.0
7216.0,Asia,South-Central Asia,india,Kannad,25,25,100.0,73834.140968796,2023.16682997,2.7401508345915975
7218.0,Asia,South-Central Asia,india,Kolhapur,678,678,100.0,811066.190671572,29697.799118335,3.6615752770738577
7219.0,Asia,South-Central Asia,india,Seohara,7,7,100.0,146575.38004207,50922.7086105,34.74165210820821
7220.0,Asia,South-Central Asia,india,Dewas,61,61,100.0,352507.6782808349,13379.821010971998,3.795611226463157
7221.0,Asia,South-Central Asia,india,Amroha,62,62,100.0,286561.830572981,167968.911451541,58.61524234252929
7223.0,Asia,South-Central Asia,india,Aklera,6,6,100.0,66585.25014269,10347.31187577,15.539945939372535
7224.0,Asia,South-Central Asia,india,Baramati,101,101,100.0,156342.211526095,0.0,0.0
7227.0,Asia,South-Central Asia,india,Aligarh,1005,1005,100.0,1707257.418696864,488106.83871924994,28.590113791499466
7233.0,Asia,South-Central Asia,india,Margao,132,132,100.0,166946.793266945,0.0,0.0
7236.0,Asia,South-Central Asia,india,Pachora,35,35,100.0,123048.87973738002,18468.003875450002,15.00867290695029
7237.0,Asia,South-Central Asia,india,N/A,60,60,100.0,94029.137122955,2048.96356866,2.1790730313527398
7241.0,Asia,South-Central Asia,india,Shajapur,10,10,100.0,79407.98457387999,0.0,0.0
7242.0,Asia,South-Central Asia,india,Kanth,9,9,100.0,94329.68724280599,0.0,0.0
7245.0,Asia,South-Central Asia,india,Gokul Shirgaon,31,31,100.0,47018.645651410996,0.0,0.0
7246.0,Asia,South-Central Asia,india,Ponda,48,48,100.0,76338.10943760199,0.0,0.0
7248.0,Asia,South-Central Asia,india,Jalgaon,406,406,100.0,732181.829360987,50878.984397657,6.948954802943105
7251.0,Asia,South-Central Asia,india,Moradabad,243,243,100.0,1509242.2278255788,756478.578854478,50.12307268557975
7252.0,Asia,South-Central Asia,india,Runkata,18,18,100.0,69294.123359866,12638.743654719998,18.239272021789002
7253.0,Asia,South-Central Asia,india,Kagal,22,22,100.0,29981.146133838003,0.0,0.0
7254.0,Asia,South-Central Asia,india,Hathras,87,87,100.0,447310.1010510119,140867.88093980702,31.492219963023427
7255.0,Asia,South-Central Asia,india,Bari,6,6,100.0,109429.48601057,37849.398788,34.587934356507944
7257.0,Asia,South-Central Asia,india,Ranjangoan,133,133,100.0,220492.259328279,754.386669242,0.3421374843453504
7259.0,Asia,South-Central Asia,india,Jaspur,28,28,100.0,66598.97513202799,20811.377532546,31.248795482646457
7261.0,Asia,South-Central Asia,india,Vita,16,16,100.0,32983.081765779,0.0,0.0
7262.0,Asia,South-Central Asia,india,Atrauli,21,21,100.0,98866.115312076,52573.911482127,53.17687593588028
7263.0,Asia,South-Central Asia,india,Sadabad,17,17,100.0,81678.13542899999,24944.13602495,30.539551244571545
7264.0,Asia,South-Central Asia,india,Agra,1491,1491,100.0,2741767.871998032,543155.104777196,19.81039716470884
7266.0,Asia,South-Central Asia,india,Aurangabad,1131,1131,100.0,1509282.777791111,58792.486472361,3.895392390179254
7267.0,Asia,South-Central Asia,india,Sambhal,73,73,100.0,426359.85636347195,174023.95949033898,40.816215901429395
7268.0,Asia,South-Central Asia,india,Babrala,3,3,100.0,48394.44194548,0.0,0.0
7269.0,Asia,South-Central Asia,india,Jairampur,10,10,100.0,43744.777754247,0.0,0.0
7271.0,Asia,South-Central Asia,india,Barwaha,9,9,100.0,58376.950010051,0.0,0.0
7272.0,Asia,South-Central Asia,india,Ichalkaranji,384,384,100.0,427533.99840639904,14923.188385121999,3.4905267044836354
7273.0,Asia,South-Central Asia,india,Nippani,38,38,100.0,63584.295980865994,3505.050017306,5.5124460580026735
7275.0,Asia,South-Central Asia,india,Thakurdwara,143,143,100.0,323637.89360462,28573.856171847,8.828958764252413
7281.0,Asia,South-Central Asia,india,Sanawad,6,6,100.0,62877.237837304,0.0,0.0
7288.0,Asia,South-Central Asia,india,Sangli,527,527,100.0,709411.71291415,17988.71355733,2.5357226600383065
7289.0,Asia,South-Central Asia,india,Shevgaon,19,19,100.0,54583.783784192005,0.0,0.0
7292.0,Asia,South-Central Asia,india,Jaysingpur,98,98,100.0,113398.072213524,0.0,0.0
7293.0,Asia,South-Central Asia,india,N/A,10,10,100.0,42063.715554480004,5010.37730162,11.911399731511281
7298.0,Asia,South-Central Asia,india,Dhaulpur,38,38,100.0,262439.218578877,34618.854041693994,13.191189270093478
7299.0,Asia,South-Central Asia,india,Bhusawal,233,233,100.0,302618.629840834,4635.649375455,1.5318453387662145
7305.0,Asia,South-Central Asia,india,Rāmnagar,21,21,100.0,40594.713371437,623.873472018,1.5368342826062815
7309.0,Asia,South-Central Asia,india,Tanda,3,3,100.0,91498.21275480001,0.0,0.0
7310.0,Asia,South-Central Asia,india,Bilari,7,7,100.0,140348.447470957,0.0,0.0
7311.0,Asia,South-Central Asia,india,Jamner,25,25,100.0,91368.968241266,12580.50080753,13.768898839166408
7313.0,Asia,South-Central Asia,india,Sikandra Rao,12,12,100.0,93557.85322539,25336.016678874003,27.080587898737974
7315.0,Asia,South-Central Asia,india,Paithan,11,11,100.0,58290.021118642995,1424.45088145,2.443730254533079
7318.0,Asia,South-Central Asia,india,Jalesar,5,5,100.0,79797.30313941,0.0,0.0
7319.0,Asia,South-Central Asia,india,Etmadpur,18,18,100.0,276741.95504418004,17481.816482360002,6.317009822225598
7320.0,Asia,South-Central Asia,india,Sillod,11,11,100.0,88959.13611132,3822.7363863,4.29718245185787
7321.0,Asia,South-Central Asia,india,Indapur,21,21,100.0,20936.314749922,0.0,0.0
7322.0,Asia,South-Central Asia,india,Belagavi,673,673,100.0,779717.529444133,18668.741868161,2.39429551897725
7323.0,Asia,South-Central Asia,india,Chandausi,23,23,100.0,301417.09213624493,103019.979005,34.17854583987343
7324.0,Asia,South-Central Asia,india,Shamsabad,13,13,100.0,63030.59653055,16081.78663346,25.514254217260017
7330.0,Asia,South-Central Asia,india,Akluj,67,67,100.0,93213.64533252698,0.0,0.0
7332.0,Asia,South-Central Asia,india,Bajpur,36,36,100.0,70071.222156132,0.0,0.0
7337.0,Asia,South-Central Asia,india,Morena,99,99,100.0,363065.282566203,124158.042731607,34.197167477440495
7338.0,Asia,South-Central Asia,india,Raver,27,27,100.0,83232.097739383,11512.32250302,13.831589994364283
7341.0,Asia,South-Central Asia,india,Rampur,94,94,100.0,519068.16352069395,281051.219106367,54.14533944830584
7348.0,Asia,South-Central Asia,india,Guna,10,10,100.0,234510.145691482,17894.097910912,7.630415246278174
7352.0,Asia,South-Central Asia,india,Khandwa,113,113,100.0,354845.44754549797,46847.505556209006,13.202228147566206
7354.0,Asia,South-Central Asia,india,Kasganj,43,43,100.0,173206.594143285,32906.859533328,18.99861820855725
7355.0,Asia,South-Central Asia,india,Firozabad,129,129,100.0,867046.1010100761,541677.138609799,62.47385669329064
7357.0,Asia,South-Central Asia,india,Ashta,38,38,100.0,77209.998212395,13535.470881564,17.530722956798446
7360.0,Asia,South-Central Asia,india,Surajpur,27,27,100.0,52958.146317236,3489.25320877,6.588699664577141
7362.0,Asia,South-Central Asia,india,Shivpuri,85,85,100.0,230805.699099054,40324.008662692,17.470976158776004
7364.0,Asia,South-Central Asia,india,Bamaur,9,9,100.0,64334.328027153,0.0,0.0
7365.0,Asia,South-Central Asia,india,Burhanpur,48,48,100.0,321841.880289588,117421.67529316501,36.48427457219394
7371.0,Asia,South-Central Asia,india,Ambah,3,3,100.0,105841.906011,0.0,0.0
7372.0,Asia,South-Central Asia,india,Gokak,19,19,100.0,102742.66365066601,5302.50451174,5.160956824877518
7373.0,Asia,South-Central Asia,india,Dandeli,21,21,100.0,48163.736920523,0.0,0.0
7374.0,Asia,South-Central Asia,india,Bilaspur,41,41,100.0,64263.074373108,13584.212168666,21.138441167312948
7376.0,Asia,South-Central Asia,india,Etah,38,38,100.0,303225.413811671,104972.205507591,34.618538132423076
7384.0,Asia,South-Central Asia,india,Jalna,255,255,100.0,387443.89260798396,8883.568068870001,2.2928656867120636
7385.0,Asia,South-Central Asia,india,Sangole,23,23,100.0,35842.112520274,0.0,0.0
7387.0,Asia,South-Central Asia,india,Gwalior,744,744,100.0,1483180.097933458,273466.0489266,18.437818125231406
7389.0,Asia,South-Central Asia,india,Ambad,19,19,100.0,53512.346656425,6603.77433421,12.340655468932072
7391.0,Asia,South-Central Asia,india,Haldwani,261,261,100.0,390943.27915667905,9811.808298974,2.5097779708963106
7392.0,Asia,South-Central Asia,india,Rudrapur,166,166,100.0,327786.540528239,27368.261090497002,8.349415765025658
7393.0,Asia,South-Central Asia,india,Malkapur,61,61,100.0,129746.30328347698,37914.722528681,29.222198682487928
7399.0,Asia,South-Central Asia,india,Athani,20,20,100.0,50200.667991389,4358.1415479,8.681441347847322
7401.0,Asia,South-Central Asia,india,Pandharpur,77,77,100.0,127684.161634197,11520.084562894,9.02232854525681
7406.0,Asia,South-Central Asia,india,Shikohabad,127,127,100.0,234064.24999863602,42955.403763595,18.351971206130504
7410.0,Asia,South-Central Asia,india,Ujhani,21,21,100.0,106074.893156681,58853.964220487,55.48340655272218
7414.0,Asia,South-Central Asia,india,Buldhana,84,84,100.0,177652.380683092,9251.558706560001,5.207675051123317
7416.0,Asia,South-Central Asia,india,Sehore,22,22,100.0,158154.100299326,18046.13972137,11.410478569455657
7417.0,Asia,South-Central Asia,india,Beed,203,203,100.0,279249.15736735304,8210.054299752,2.940046221500913
7421.0,Asia,South-Central Asia,india,Rabakavi Banahatti,16,16,100.0,72798.560871261,2455.58808587,3.3731272383427067
7422.0,Asia,South-Central Asia,india,Ganj Dundwara,7,7,100.0,71288.10631996,40838.8526076,57.28704929305367
7424.0,Asia,South-Central Asia,india,Kichha,37,37,100.0,50135.53479519801,3370.871744701,6.7235180764918505
7429.0,Asia,South-Central Asia,india,Baheri,40,40,100.0,131476.40940451098,26818.173430299,20.39770750643793
7430.0,Asia,South-Central Asia,india,Budaun,54,54,100.0,344697.356405301,186735.660558516,54.17380118777268
7432.0,Asia,South-Central Asia,india,Gohad,7,7,100.0,58116.897371576,13219.6336249,22.746626579837866
7434.0,Asia,South-Central Asia,india,Chikhli,52,52,100.0,119055.27767957201,16679.445711482,14.009833109938583
7436.0,Asia,South-Central Asia,india,Bareilly,415,415,100.0,1419012.575378858,531070.2648623709,37.425338864286104
7439.0,Asia,South-Central Asia,india,Dharwad,419,419,100.0,918465.7793315819,159530.30764424498,17.36921627720784
7440.0,Asia,South-Central Asia,india,Ashoknagar,6,6,100.0,67125.05950964999,6173.37283927,9.196822892026647
7441.0,Asia,South-Central Asia,india,Barshi,101,101,100.0,129686.552533128,3747.467333225,2.8896344763792854
7445.0,Asia,South-Central Asia,india,Sirsi,41,41,100.0,94184.58349448201,1160.556398507,1.2322148226891012
7450.0,Asia,South-Central Asia,india,Jamakhandi,24,24,100.0,73915.674199676,8890.83659293,12.02835080542223
7453.0,Asia,South-Central Asia,india,Saundatti,41,41,100.0,59344.047055378,14337.991231498001,24.160791086792983
7458.0,Asia,South-Central Asia,india,Dabra,48,48,100.0,156242.597379274,32686.736768352,20.920502677644286
7459.0,Asia,South-Central Asia,india,Bhopal,1770,1770,100.0,2534108.572694096,93047.19806505201,3.671792087666174
7462.0,Asia,South-Central Asia,india,Sitarganj,13,13,100.0,58558.251540966,10598.4061849,18.098911606822142
7463.0,Asia,South-Central Asia,india,Mudhol,28,28,100.0,52827.96858129,2279.49761951,4.314944679355561
7467.0,Asia,South-Central Asia,india,Sironj,30,30,100.0,87607.47308079999,35660.502851684,40.7048640916677
7468.0,Asia,South-Central Asia,india,Paratas,23,23,100.0,95557.854624663,9363.757061999999,9.799044881008934
7469.0,Asia,South-Central Asia,india,Khamgaon,77,77,100.0,208502.169259621,17002.180122261,8.154438000637953
7471.0,Asia,South-Central Asia,india,Hubballi,106,106,100.0,115697.995966702,0.0,0.0
7473.0,Asia,South-Central Asia,india,Mainpuri,28,28,100.0,314850.6660432879,108500.32909822,34.46088600088989
7474.0,Asia,South-Central Asia,india,Udupi,205,205,100.0,298313.18690898095,0.0,0.0
7475.0,Asia,South-Central Asia,india,Harda,26,26,100.0,80333.63790221301,0.0,0.0
7476.0,Asia,South-Central Asia,india,Nawabganj,7,7,100.0,94126.18504598999,7877.76146146,8.369362316778197
7483.0,Asia,South-Central Asia,india,Bhind,51,51,100.0,396782.92946003296,89466.760014525,22.548036564041947
7486.0,Asia,South-Central Asia,india,Faridpur,21,21,100.0,119109.372633399,41210.004494172004,34.59845651358629
7487.0,Asia,South-Central Asia,india,Datia,40,40,100.0,211862.830480261,71401.421095773,33.701721502500824
7488.0,Asia,South-Central Asia,india,Shegaon,28,28,100.0,95887.509999794,7172.36094717,7.479974135510881
7489.0,Asia,South-Central Asia,india,Majalgaon,59,59,100.0,105593.111509538,5764.074095334,5.458759584722857
7491.0,Asia,South-Central Asia,india,Etawah,57,57,100.0,488756.221281845,133354.236046536,27.284406876047985
7494.0,Asia,South-Central Asia,india,Hanagal,18,18,100.0,38875.583057596,0.0,0.0
7495.0,Asia,South-Central Asia,india,Sagara,57,57,100.0,69799.312018316,0.0,0.0
7496.0,Asia,South-Central Asia,india,Mangaluru,426,426,100.0,982642.195574285,0.0,0.0
7497.0,Asia,South-Central Asia,india,Pilibhit,68,68,100.0,326807.512080439,124991.110034287,38.24609454005519
7499.0,Asia,South-Central Asia,india,Mandideep,65,65,100.0,150889.412438275,9614.742212841,6.372045630951175
7501.0,Asia,South-Central Asia,india,Khatīma,22,22,100.0,91964.108664792,8565.0792499,9.313502163240232
7503.0,Asia,South-Central Asia,india,Nargund,23,23,100.0,48567.538834729996,0.0,0.0
7504.0,Asia,South-Central Asia,india,Shiggaon,15,15,100.0,41698.603543755,4014.973675569,9.628556676618738
7506.0,Asia,South-Central Asia,india,Kaimganj,13,13,100.0,125490.409104552,42947.8839475,34.2240369235852
7507.0,Asia,South-Central Asia,india,Mehkar,72,72,100.0,94880.589130543,22867.795157938,24.101658060401558
7508.0,Asia,South-Central Asia,india,Osmanabad,132,132,100.0,219651.25377059303,2034.525562897,0.9262526518614314
7509.0,Asia,South-Central Asia,india,Solapur,726,726,100.0,1106674.128123543,78246.361044329,7.070406640571071
7510.0,Asia,South-Central Asia,india,Vijayapura,325,325,100.0,401731.077169331,0.0,0.0
7512.0,Asia,South-Central Asia,india,Balapur,54,54,100.0,64808.048534195004,21075.463873776,32.51982485270459
7517.0,Asia,South-Central Asia,india,Sailu,37,37,100.0,77406.31667044,3302.061260169,4.265880876657182
7518.0,Asia,South-Central Asia,india,Jhansi,147,147,100.0,604425.314790944,83488.93240700598,13.812944356224188
7522.0,Asia,South-Central Asia,india,Basoda,15,15,100.0,142873.83977521,48133.106636,33.68923710017875
7523.0,Asia,South-Central Asia,india,Vidisha,32,32,100.0,240072.49520288198,77229.103544395,32.16907604477128
7524.0,Asia,South-Central Asia,india,Manjeshwar,106,106,100.0,156073.593695273,0.0,0.0
7527.0,Asia,South-Central Asia,india,Bisalpur,30,30,100.0,130252.93252167801,54704.917102987994,41.99899076658673
7530.0,Asia,South-Central Asia,india,Bantwal Cross Road,34,34,100.0,94319.17829266499,0.0,0.0
7534.0,Asia,South-Central Asia,india,Bagalkot,133,133,100.0,201545.82573394603,3023.7523926900003,1.500280336582885
7536.0,Asia,South-Central Asia,india,Akot,49,49,100.0,127825.293156237,33992.54967873,26.592976115597033
7538.0,Asia,South-Central Asia,india,Bakewar,16,16,100.0,52756.652389904004,1259.40273508,2.3871922838701773
7540.0,Asia,South-Central Asia,india,Tilhar,14,14,100.0,109270.184832051,82819.64464271002,75.79345158974917
7541.0,Asia,South-Central Asia,india,Bharthana,22,22,100.0,97506.514946343,16822.43208407,17.25262367681507
7542.0,Asia,South-Central Asia,india,Ambajogai,57,57,100.0,176895.841338408,24432.54854949,13.811827550399938
7543.0,Asia,South-Central Asia,india,Lakshmeshvara,27,27,100.0,53052.405475848,2659.20004689,5.012402402942116
7544.0,Asia,South-Central Asia,india,Haveri,32,32,100.0,100139.409803758,0.0,0.0
7546.0,Asia,South-Central Asia,india,Indi,25,25,100.0,45400.11267011,0.0,0.0
7547.0,Asia,South-Central Asia,india,Akola,556,556,100.0,673442.926578543,17381.044998457997,2.580923239741068
7548.0,Asia,South-Central Asia,india,Neeleshwaram,296,296,100.0,409968.786842204,0.0,0.0
7550.0,Asia,South-Central Asia,india,Bina Etawa,15,15,100.0,64537.10371511601,0.0,0.0
7551.0,Asia,South-Central Asia,india,Lalitpur,21,21,100.0,248957.84696760497,13171.89118422,5.2908118159995015
7554.0,Asia,South-Central Asia,india,Risod,13,13,100.0,69868.946291906,15635.53409917,22.378373982979767
7556.0,Asia,South-Central Asia,india,Jintur,16,16,100.0,80746.41540532799,15170.671877056,18.788043779903788
7558.0,Asia,South-Central Asia,india,Farrukhabad,55,55,100.0,531533.258450725,170606.70977681,32.097090269399544
7559.0,Asia,South-Central Asia,india,Hoshangabad,64,64,100.0,132560.53737406,3918.1229381559997,2.955723487375297
7560.0,Asia,South-Central Asia,india,Parli,52,52,100.0,175556.95170146602,40985.804125842995,23.34615845662393
7561.0,Asia,South-Central Asia,india,Gadag,201,201,100.0,237124.10251126305,0.0,0.0
7562.0,Asia,South-Central Asia,india,Chhibramau,11,11,100.0,130511.58075208699,59098.29795125,45.282033679072555
7565.0,Asia,South-Central Asia,india,Puranpur,12,12,100.0,140225.407006097,81804.01962881,58.33751627139379
7566.0,Asia,South-Central Asia,india,Shahjahanpur,68,68,100.0,626718.945091006,225276.55000380002,35.94538696625607
7571.0,Asia,South-Central Asia,india,Itarsi,34,34,100.0,122871.60762712898,19355.71768853,15.752799253076939
7577.0,Asia,South-Central Asia,india,Puttur,35,35,100.0,91791.50502019002,0.0,0.0
7579.0,Asia,South-Central Asia,india,Anjangaon,31,31,100.0,73455.63068584999,22460.175780553996,30.57652023520176
7586.0,Asia,South-Central Asia,india,Parbhani,369,369,100.0,426062.35730848997,10591.836077233,2.4859826022048677
7587.0,Asia,South-Central Asia,india,Payyanur,260,260,100.0,332374.69683715596,672.547926572,0.20234630763770473
7588.0,Asia,South-Central Asia,india,Latur,399,399,100.0,487758.472964075,700.668910026,0.14365079211604112
7589.0,Asia,South-Central Asia,india,Konch,7,7,100.0,75555.12083313,0.0,0.0
7591.0,Asia,South-Central Asia,india,Ausa,23,23,100.0,48609.441152841006,1766.131980593,3.633310605320089
7592.0,Asia,South-Central Asia,india,Ranebennur,79,79,100.0,120928.93099084498,3769.04169095,3.1167410974924916
7596.0,Asia,South-Central Asia,india,Daryapur,51,51,100.0,67309.24795629301,7633.700415583999,11.34123563606135
7598.0,Asia,South-Central Asia,india,Gangakhed,23,23,100.0,84741.87838367598,15183.373601309999,17.91720208580461
7599.0,Asia,South-Central Asia,india,N/A,5,5,100.0,68675.179787785,0.0,0.0
7602.0,Asia,South-Central Asia,india,Shivamogga,335,335,100.0,377031.779548069,0.0,0.0
7603.0,Asia,South-Central Asia,india,Gursahaiganj,8,8,100.0,79909.85719089,6015.860023159999,7.528307814127627
7608.0,Asia,South-Central Asia,india,Washim,24,24,100.0,155512.366312129,2400.49233786,1.5436022194157666
7609.0,Asia,South-Central Asia,india,Kannur,398,398,100.0,677860.08696502,0.0,0.0
7614.0,Asia,South-Central Asia,india,Dibiyapur,16,16,100.0,96448.898058727,469.998947091,0.48730359449500515
7615.0,Asia,South-Central Asia,india,Jalaun,17,17,100.0,84591.88803936499,47597.140475092005,56.26679056145737
7617.0,Asia,South-Central Asia,india,Achalpur,104,104,100.0,176608.725921368,21886.271092552004,12.392519666495126
7619.0,Asia,South-Central Asia,india,Murtijapur,41,41,100.0,86548.796242907,4035.957820046,4.663216584455688
7620.0,Asia,South-Central Asia,india,Muddebihala,22,22,100.0,53560.763491479,1460.96159324,2.727671336261711
7623.0,Asia,South-Central Asia,india,Auraiya,83,83,100.0,214809.05375898004,24460.747119290998,11.387204911174944
7624.0,Asia,South-Central Asia,india,Mundaragi,13,13,100.0,37692.121816826,0.0,0.0
7625.0,Asia,South-Central Asia,india,Tikamgarh,37,37,100.0,138180.933775,20868.142286875,15.102041733814445
7626.0,Asia,South-Central Asia,india,Gursarai,15,15,100.0,60072.648831372,18679.6838681,31.095156001086522
7630.0,Asia,South-Central Asia,india,Harihara,39,39,100.0,129730.330767116,958.181896973,0.7385951236747171
7633.0,Asia,South-Central Asia,india,Hingoli,59,59,100.0,162968.21364754002,20174.331386894,12.379304488497429
7635.0,Asia,South-Central Asia,india,Bhadravathi,63,63,100.0,165444.272822901,15795.33493139,9.547223764160176
7638.0,Asia,South-Central Asia,india,Bareli,6,6,100.0,44856.16150584,0.0,0.0
7639.0,Asia,South-Central Asia,india,Mangrul Pir,9,9,100.0,68243.008244844,922.990744049,1.3525059457189672
7641.0,Asia,South-Central Asia,india,Taliparamba,117,117,100.0,164542.40741239503,0.0,0.0
7643.0,Asia,South-Central Asia,india,Purna,36,36,100.0,51736.567478114,4625.278614634,8.94005698501475
7644.0,Asia,South-Central Asia,india,Orai,42,42,100.0,295958.28897428,36291.414221395,12.262340868090664
7645.0,Asia,South-Central Asia,india,Mau Ranipur,45,45,100.0,109451.044814277,36600.972976471,33.440496651793225
7647.0,Asia,South-Central Asia,india,Betul,25,25,100.0,170864.477031219,7098.19485777,4.154283547464974
7648.0,Asia,South-Central Asia,india,Kannauj,24,24,100.0,202848.77452558,43425.9948488,21.408063691961726
7650.0,Asia,South-Central Asia,india,Nilanga,6,6,100.0,69825.18935906,0.0,0.0
7654.0,Asia,South-Central Asia,india,Ahmadpur,15,15,100.0,89403.812721695,0.0,0.0
7655.0,Asia,South-Central Asia,india,Davanagere,396,396,100.0,530708.841821305,4507.342733287001,0.849306131365467
7657.0,Asia,South-Central Asia,india,Karanja,29,29,100.0,118218.182943746,36458.096890988,30.83966948496963
7664.0,Asia,South-Central Asia,india,Chandur Bazar,28,28,100.0,52958.268144203,3625.9344366769997,6.84677683719517
7665.0,Asia,South-Central Asia,india,Hardoi,34,34,100.0,430445.306481675,199402.63746156002,46.324732656841974
7666.0,Asia,South-Central Asia,india,Basmat,68,68,100.0,109383.176382873,13885.670005151,12.694520733743467
7668.0,Asia,South-Central Asia,india,Koppala,45,45,100.0,134057.333634011,3181.689267797,2.3733794948386095
7669.0,Asia,South-Central Asia,india,Thalassery,569,569,100.0,1020360.696649699,8712.765413337,0.8538907311840714
7670.0,Asia,South-Central Asia,india,Sansarpur,18,18,100.0,174681.290599634,76622.47919212,43.86415908028592
7673.0,Asia,South-Central Asia,india,Sagar,136,136,100.0,578656.864390207,168663.22823373802,29.147364977943642
7676.0,Asia,South-Central Asia,india,Chikkamagaluru,108,108,100.0,136724.768286402,0.0,0.0
7679.0,Asia,South-Central Asia,india,Pipariya,12,12,100.0,108231.025815371,2027.61320209,1.8734121633004406
7680.0,Asia,South-Central Asia,india,Amravati,680,680,100.0,763765.06197829,0.0,0.0
7683.0,Asia,South-Central Asia,india,N/A,3,3,100.0,100920.5758298,0.0,0.0
7688.0,Asia,South-Central Asia,india,Hagaribommanahalli,12,12,100.0,56010.055475795,823.675997855,1.4705859347183745
7695.0,Asia,South-Central Asia,india,Kalpi,34,34,100.0,108936.16272532902,57675.357288214,52.94417927464207
7697.0,Asia,South-Central Asia,india,Nanded-Waghala,555,555,100.0,724452.87980493,20030.054985672,2.764852696984985
7699.0,Asia,South-Central Asia,india,Pukhrayan,7,7,100.0,109311.52040528398,54668.3330671,50.011501865870486
7700.0,Asia,South-Central Asia,india,Rath,41,41,100.0,111991.67354313399,50842.158221781,45.39815917850264
7702.0,Asia,South-Central Asia,india,Kalaburagi,658,658,100.0,713302.645714679,637.261494915,0.08933956697672259
7703.0,Asia,South-Central Asia,india,Lingasugur,62,62,100.0,67453.535049185,2323.197869889,3.444145467239036
7705.0,Asia,South-Central Asia,india,Banda,8,8,100.0,65696.977499584,0.0,0.0
7706.0,Asia,South-Central Asia,india,Udgir,149,149,100.0,193335.95149259298,10069.803999459999,5.208448776194524
7709.0,Asia,South-Central Asia,india,Morshi,48,48,100.0,78823.233614041,2661.724766202,3.376827673976394
7710.0,Asia,South-Central Asia,india,Pusad,160,160,100.0,195647.292669928,22604.704145547,11.55380370311736
7714.0,Asia,South-Central Asia,india,Hosapete,196,196,100.0,247943.20321255404,29715.433168454998,11.98477424806877
7715.0,Asia,South-Central Asia,india,Kaduru,15,15,100.0,59246.935689415004,1950.94804771,3.2929096247901892
7716.0,Asia,South-Central Asia,india,Jainpur,17,17,100.0,84396.06353644801,0.0,0.0
7720.0,Asia,South-Central Asia,india,Nowgaon,22,22,100.0,64219.53335250101,8565.954843651,13.338550432362183
7724.0,Asia,South-Central Asia,india,Kozhikode,1226,1226,100.0,4765862.041417237,415181.562837497,8.71157325221343
7726.0,Asia,South-Central Asia,india,Digras,11,11,100.0,77273.5464853,16533.07003774,21.395510869797
7727.0,Asia,South-Central Asia,india,N/A,8,8,100.0,125164.274820561,0.0,0.0
7729.0,Asia,South-Central Asia,india,Shorapur,16,16,100.0,102785.826045893,19489.6725266,18.961439798030156
7731.0,Asia,South-Central Asia,india,Lakhimpur,31,31,100.0,380032.93487820803,117257.95460552999,30.85468227723697
7734.0,Asia,South-Central Asia,india,Gangawati,73,73,100.0,143123.46110059,24543.538904057998,17.14850850819511
7737.0,Asia,South-Central Asia,india,Shahabad,65,65,100.0,74700.08689066001,0.0,0.0
7740.0,Asia,South-Central Asia,india,Shahapura,25,25,100.0,85153.58525390699,9369.174693528,11.00267788560098
7741.0,Asia,South-Central Asia,india,Maski,7,7,100.0,30397.099646435,0.0,0.0
7742.0,Asia,South-Central Asia,india,N/A,23,23,100.0,87219.394836516,17381.394003313002,19.92835886547101
7745.0,Asia,South-Central Asia,india,Kushalanagara,53,53,100.0,72846.061758009,0.0,0.0
7747.0,Asia,South-Central Asia,india,Bhalki,15,15,100.0,61582.80345782001,6319.21662272,10.261333144809214
7750.0,Asia,South-Central Asia,india,Sitapur,72,72,100.0,359231.71376259,97739.535985374,27.20793633770551
7751.0,Asia,South-Central Asia,india,Gadarwara,18,18,100.0,113450.69338004699,27757.516462292002,24.466590406201803
7752.0,Asia,South-Central Asia,india,Warud,43,43,100.0,66785.907737088,1006.07041886,1.5064112369641451
7753.0,Asia,South-Central Asia,india,Wadi,24,24,100.0,65695.625731786,0.0,0.0
7754.0,Asia,South-Central Asia,india,Hassan,212,212,100.0,244154.433065688,0.0,0.0
7756.0,Asia,South-Central Asia,india,Kanpur,1935,1935,100.0,3950574.000190808,1067972.3951949202,27.0333474361786
7758.0,Asia,South-Central Asia,india,Umarkhed,14,14,100.0,72621.134112143,18649.544166120002,25.68060165147105
7766.0,Asia,South-Central Asia,india,Sandila,37,37,100.0,115692.826685955,69396.994114622,59.9838348690349
7768.0,Asia,South-Central Asia,india,Chhatarpur,94,94,100.0,244695.40644088696,26846.390817900003,10.971350548987727
7772.0,Asia,South-Central Asia,india,Chitradurga,128,128,100.0,234547.512600173,5463.503860703,2.3293804313399358
7775.0,Asia,South-Central Asia,india,Sindhanur,28,28,100.0,115579.24088549502,9383.99091929,8.119097207591777
7779.0,Asia,South-Central Asia,india,Guruvayur,813,813,100.0,1894808.577108944,22849.097416695,1.2058789311349662
7780.0,Asia,South-Central Asia,india,Arvi,31,31,100.0,51900.49753023699,0.0,0.0
7781.0,Asia,South-Central Asia,india,Arasikere,36,36,100.0,69549.24803144099,0.0,0.0
7782.0,Asia,South-Central Asia,india,Ghatampur,4,4,100.0,81170.25131698999,0.0,0.0
7783.0,Asia,South-Central Asia,india,Toranagallu,4,4,100.0,151217.67281343899,0.0,0.0
7784.0,Asia,South-Central Asia,india,Arni,10,10,100.0,49668.30216522101,2966.291535481,5.97220240308128
7788.0,Asia,South-Central Asia,india,Yavatmal,311,311,100.0,350140.958869007,0.0,0.0
7789.0,Asia,South-Central Asia,india,Mahoba,20,20,100.0,156920.30144490098,45639.397049585,29.084443905182177
7790.0,Asia,South-Central Asia,india,Pandhurna,51,51,100.0,80707.26100196899,7042.379558132,8.72583144403846
7792.0,Asia,South-Central Asia,india,Degloor,44,44,100.0,81204.77934552098,14652.36698015,18.043724886936943
7793.0,Asia,South-Central Asia,india,Holenarasipura,30,30,100.0,43382.932754120004,0.0,0.0
7796.0,Asia,South-Central Asia,india,Unnao,78,78,100.0,429041.328832435,87320.31116982899,20.352424184275385
7797.0,Asia,South-Central Asia,india,Malappuram,301,301,100.0,852268.774491945,1661.58728145,0.19496047856974535
7799.0,Asia,South-Central Asia,india,Yadgir,62,62,100.0,126730.474686296,10167.525575149,8.022952332749737
7806.0,Asia,South-Central Asia,india,Siruguppa,23,23,100.0,105126.942160695,21388.85049169,20.345736356523542
7807.0,Asia,South-Central Asia,india,Bidar,225,225,100.0,285074.274389758,6119.483426838,2.146627730593237
7811.0,Asia,South-Central Asia,india,Pulgaon,26,26,100.0,50069.857265339,915.063005504,1.8275726264900995
7812.0,Asia,South-Central Asia,india,Damoh,8,8,100.0,298215.39318186,13982.512381,4.6887292543189005
7813.0,Asia,South-Central Asia,india,Challakere,16,16,100.0,93134.267987967,6770.070218,7.26915061905538
7816.0,Asia,South-Central Asia,india,Manvi,16,16,100.0,76323.009526377,13065.56011132,17.118769545905526
7817.0,Asia,South-Central Asia,india,Channarayapattana,36,36,100.0,52497.64324159599,0.0,0.0
7819.0,Asia,South-Central Asia,india,Ballari,447,447,100.0,581604.9812829369,40360.630927723,6.939526349773219
7820.0,Asia,South-Central Asia,india,Tipaturu,39,39,100.0,68176.82224686901,0.0,0.0
7821.0,Asia,South-Central Asia,india,Hunsur,33,33,100.0,76224.571174112,5433.604583694,7.128416073712731
7823.0,Asia,South-Central Asia,india,Hiriyur,34,34,100.0,71453.25108645001,0.0,0.0
7824.0,Asia,South-Central Asia,india,Manjeri,164,164,100.0,571576.842394565,10071.87892827,1.7621215873748233
7827.0,Asia,South-Central Asia,india,Hatta,12,12,100.0,44909.01448294,7983.30308007,17.776616058013676
7829.0,Asia,South-Central Asia,india,Katol,52,52,100.0,85395.956092602,7850.148369054,9.192646500194254
7834.0,Asia,South-Central Asia,india,Narsinghpur,12,12,100.0,141368.53367787,8795.85429575,6.221932184564289
7838.0,Asia,South-Central Asia,india,Krishnarajanagara,29,29,100.0,70361.672064251,4962.92510771,7.053449643973907
7840.0,Asia,South-Central Asia,india,Vadanappally,122,122,100.0,148456.683031325,0.0,0.0
7845.0,Asia,South-Central Asia,india,Chhindwara,52,52,100.0,273597.430329152,42217.98688985,15.430695690036108
7846.0,Asia,South-Central Asia,india,Khatgaon,58,58,100.0,70608.97052308501,12508.596766502,17.715308230435706
7847.0,Asia,South-Central Asia,india,Rayadurg,11,11,100.0,63985.737125739994,8241.84043342,12.880746246970245
7851.0,Asia,South-Central Asia,india,Zaheerabad,92,92,100.0,113971.77855944098,0.0,0.0
7853.0,Asia,South-Central Asia,india,Perinthalmanna,119,119,100.0,220350.26781290103,0.0,0.0
7854.0,Asia,South-Central Asia,india,Lucknow,2636,2636,100.0,4903016.74716177,669646.798548821,13.657852564677905
7856.0,Asia,South-Central Asia,india,Pattambi,51,51,100.0,113957.15588243701,0.0,0.0
7857.0,Asia,South-Central Asia,india,Triprayar,169,169,100.0,320147.069292979,0.0,0.0
7859.0,Asia,South-Central Asia,india,Bodhan,84,84,100.0,107149.77948653899,1229.135404578,1.1471189305923057
7863.0,Asia,South-Central Asia,india,Kinwat,16,16,100.0,71501.651332734,3901.499964285,5.4565172853551465
7864.0,Asia,South-Central Asia,india,Thrissur,1057,1057,100.0,1361062.45308761,420.044787664,0.0308615366408144
7865.0,Asia,South-Central Asia,india,Tanduru,70,70,100.0,120721.171450051,0.0,0.0
7866.0,Asia,South-Central Asia,india,Banda,59,59,100.0,278869.76875402493,183682.214617857,65.8666643711648
7867.0,Asia,South-Central Asia,india,Banswada,11,11,100.0,57408.59073944299,12202.819000645999,21.256085271331983
7872.0,Asia,South-Central Asia,india,Wardha,247,247,100.0,287563.587925645,0.0,0.0
7873.0,Asia,South-Central Asia,india,Kodungallur,109,109,100.0,244855.21924711202,0.0,0.0
7875.0,Asia,South-Central Asia,india,Raichur,217,217,100.0,307472.930488702,39542.271041331005,12.860407249016015
7877.0,Asia,South-Central Asia,india,Shoranur,124,124,100.0,228805.51486640697,0.0,0.0
7878.0,Asia,South-Central Asia,india,Irinjalakuda,363,363,100.0,412289.28295306105,0.0,0.0
7882.0,Asia,South-Central Asia,india,Narayanapet,34,34,100.0,69862.79990305801,8844.680718449,12.660071927723948
7884.0,Asia,South-Central Asia,india,Nizamabad,389,389,100.0,424790.00089720497,1264.412826761,0.2976559768568977
7885.0,Asia,South-Central Asia,india,Mysuru,1191,1191,100.0,1268517.89855817,0.0,0.0
7886.0,Asia,South-Central Asia,india,Adoni,165,165,100.0,220406.59745579798,41340.270753091005,18.75636720056971
7887.0,Asia,South-Central Asia,india,Kochi,2314,2314,100.0,3734804.197305121,119379.17386900901,3.1963971218396954
7889.0,Asia,South-Central Asia,india,Nanpara,9,9,100.0,72261.83256044,19286.5792671,26.689856295809623
7893.0,Asia,South-Central Asia,india,Saoner,26,26,100.0,49249.566940964,1105.282778737,2.2442487262109627
7894.0,Asia,South-Central Asia,india,Makhtal,11,11,100.0,43447.921862831005,8862.30313688,20.39753055361103
7904.0,Asia,South-Central Asia,india,Kalmeshwar,18,18,100.0,44181.175426757,1018.51762191,2.3053203362560732
7908.0,Asia,South-Central Asia,india,Panna,25,25,100.0,101573.926449185,30982.131828447997,30.502051965026293
7909.0,Asia,South-Central Asia,india,Mannarkkad,69,69,100.0,103951.965000763,2144.110158808,2.0625970454644724
7913.0,Asia,South-Central Asia,india,Pandharkawada,23,23,100.0,56756.502785118,4365.976198738001,7.692468676704291
7915.0,Asia,South-Central Asia,india,Nanjanagudu,52,52,100.0,114421.16219951602,4667.009120369,4.078798913291182
7920.0,Asia,South-Central Asia,india,Adilabad,166,166,100.0,176338.013667888,0.0,0.0
7922.0,Asia,South-Central Asia,india,Nirmal,78,78,100.0,116326.117338668,12508.284068933,10.75277362908692
7923.0,Asia,South-Central Asia,india,Alappuzha,740,740,100.0,1004801.294289331,9222.4265217,0.9178358521346028
7924.0,Asia,South-Central Asia,india,Fatehpur,37,37,100.0,476560.567230036,166827.242215227,35.00651411108032
7927.0,Asia,South-Central Asia,india,Nagpur,2569,2569,100.0,3335354.015086598,156826.14801677802,4.701934106766961
7928.0,Asia,South-Central Asia,india,Emmiganuru,116,116,100.0,130092.260400649,7027.622387624,5.402029579608213
7930.0,Asia,South-Central Asia,india,Butibori,29,29,100.0,59597.54339300801,0.0,0.0
7931.0,Asia,South-Central Asia,india,Armoor,80,80,100.0,93732.06605553499,0.0,0.0
7932.0,Asia,South-Central Asia,india,Sadasivpet,32,32,100.0,46703.098029321,0.0,0.0
7934.0,Asia,South-Central Asia,india,Bachhrawan,11,11,100.0,61602.515158371,0.0,0.0
7937.0,Asia,South-Central Asia,india,Atarra Buzurg,12,12,100.0,71304.022140382,4095.364652721,5.743525441886186
7938.0,Asia,South-Central Asia,india,Hinganghat,87,87,100.0,144839.70626858698,11385.481671131998,7.860746175512852
7939.0,Asia,South-Central Asia,india,Guntakal,119,119,100.0,144503.53495107003,3104.74584416,2.148560479998839
7944.0,Asia,South-Central Asia,india,Bahraich,91,91,100.0,484073.2314406909,232478.336022941,48.02544758177243
7946.0,Asia,South-Central Asia,india,Lalganj,17,17,100.0,110552.22298570201,31540.907659970002,28.530324228802943
7950.0,Asia,South-Central Asia,india,Mandya,185,185,100.0,191462.585753456,0.0,0.0
7951.0,Asia,South-Central Asia,india,Udhagamandalam,58,58,100.0,93076.29484607301,0.0,0.0
7957.0,Asia,South-Central Asia,india,Tumakuru,316,316,100.0,367484.563823041,920.002066453,0.2503512139073191
7958.0,Asia,South-Central Asia,india,Palakkad,259,259,100.0,373436.162035431,0.0,0.0
7963.0,Asia,South-Central Asia,india,Kollam,2539,2539,100.0,3226264.136075473,19692.383443573002,0.610377285088859
7964.0,Asia,South-Central Asia,india,Sangareddy,70,70,100.0,109803.94954643698,1904.8834207740001,1.7348041018947225
7967.0,Asia,South-Central Asia,india,Tirumakudalu Narasipura,23,23,100.0,34883.518369467,0.0,0.0
7970.0,Asia,South-Central Asia,india,Jabalpur,395,395,100.0,1558918.3772872798,399748.978165485,25.642713819379054
7972.0,Asia,South-Central Asia,india,Muvattupuzha,112,112,100.0,204717.680101566,0.0,0.0
7973.0,Asia,South-Central Asia,india,Ettumanoor,705,705,100.0,966662.540505585,0.0,0.0
7975.0,Asia,South-Central Asia,india,Kamareddy,100,100,100.0,112510.31326542399,0.0,0.0
7977.0,Asia,South-Central Asia,india,Madhugiri,23,23,100.0,55928.144442896,6936.608919140001,12.402715999674275
7982.0,Asia,South-Central Asia,india,Kamptee,26,26,100.0,34582.121515635,0.0,0.0
7983.0,Asia,South-Central Asia,india,Medak,48,48,100.0,72662.556947929,8023.15874402,11.041668613133869
7984.0,Asia,South-Central Asia,india,Gadwal,54,54,100.0,75888.735936072,19163.861183538,25.252576613848817
7987.0,Asia,South-Central Asia,india,Sivani,39,39,100.0,164968.71801653897,12524.9696185,7.592330090874748
7990.0,Asia,South-Central Asia,india,Kanjikode,21,21,100.0,32749.596828513,0.0,0.0
7995.0,Asia,South-Central Asia,india,Mahbubnagar,187,187,100.0,217697.635078836,3559.9395847789997,1.6352679180413787
7998.0,Asia,South-Central Asia,india,Rae Bareli,83,83,100.0,425026.818480779,186410.883251653,43.858616714578694
8000.0,Asia,South-Central Asia,india,Warora,39,39,100.0,79749.959037874,3439.26583911,4.312561260974015
8001.0,Asia,South-Central Asia,india,Wani,39,39,100.0,102185.92836110601,12813.946276737,12.539834478437095
8005.0,Asia,South-Central Asia,india,Hyderabad,7646,7646,100.0,9400213.969357245,308519.45206959406,3.282047122281511
8007.0,Asia,South-Central Asia,india,Chengannur,59,59,100.0,70181.58834697999,0.0,0.0
8011.0,Asia,South-Central Asia,india,Anantapur,381,381,100.0,423328.94120727305,1690.844868496,0.399416317645081
8018.0,Asia,South-Central Asia,india,Khaga,10,10,100.0,107233.361776604,22876.7205182,21.333585126108773
8021.0,Asia,South-Central Asia,india,Channapattana,86,86,100.0,117200.50389234402,3580.2753202810004,3.054829289445468
8022.0,Asia,South-Central Asia,india,Mettupalayam,39,39,100.0,78489.60431938201,0.0,0.0
8023.0,Asia,South-Central Asia,india,Coimbatore,1292,1292,100.0,2198738.608699104,114571.093823759,5.2107646343439455
8024.0,Asia,South-Central Asia,india,Chitrakoot Dham,19,19,100.0,148495.152537524,74599.437693944,50.2369514554309
8027.0,Asia,South-Central Asia,india,Karamadai - காரமடை,21,21,100.0,41127.874812680995,0.0,0.0
8028.0,Asia,South-Central Asia,india,Katni,35,35,100.0,288437.654543781,26902.840921648,9.327090446703277
8029.0,Asia,South-Central Asia,india,Shadnagar,54,54,100.0,55509.460761589005,0.0,0.0
8033.0,Asia,South-Central Asia,india,Umred,56,56,100.0,68659.694306766,551.215910403,0.802823135128175
8038.0,Asia,South-Central Asia,india,Korutla,11,11,100.0,79745.737828295,3439.39439823,4.312950750591276
8039.0,Asia,South-Central Asia,india,Jadcherla,38,38,100.0,46417.405848878996,0.0,0.0
8041.0,Asia,South-Central Asia,india,Bhadravati,28,28,100.0,53253.074329202,3147.4003519999997,5.910269766855663
8042.0,Asia,South-Central Asia,india,Wanaparthy,41,41,100.0,84285.277293153,4157.58390198,4.932752237997021
8043.0,Asia,South-Central Asia,india,Hindupur,60,60,100.0,135637.574746526,5092.706911617999,3.7546431518958103
8044.0,Asia,South-Central Asia,india,Ramanagara,74,74,100.0,98364.54276236099,503.631295073,0.5120049165375814
8050.0,Asia,South-Central Asia,india,Bengaluru,10131,10131,100.0,14374276.356740132,2047183.252460105,14.241991747293604
8053.0,Asia,South-Central Asia,india,Dhone,14,14,100.0,58599.588085439,2869.44915459,4.896705332478283
8054.0,Asia,South-Central Asia,india,Rudauli,13,13,100.0,93352.301337567,0.0,0.0
8055.0,Asia,South-Central Asia,india,Unchahar,12,12,100.0,86687.505390617,0.0,0.0
8059.0,Asia,South-Central Asia,india,Pathanamthitta,55,55,100.0,58804.160259557,0.0,0.0
8062.0,Asia,South-Central Asia,india,Gowribidanur,17,17,100.0,56432.87957728699,0.0,0.0
8063.0,Asia,South-Central Asia,india,Pollachi,136,136,100.0,217112.889237096,0.0,0.0
8065.0,Asia,South-Central Asia,india,Kurnool,301,301,100.0,474435.778177039,7564.066190164999,1.5943287876030325
8066.0,Asia,South-Central Asia,india,Kottarakara,77,77,100.0,120885.79533921301,0.0,0.0
8067.0,Asia,South-Central Asia,india,Satna,119,119,100.0,491322.57326207304,57074.487426707,11.616500143229382
8068.0,Asia,South-Central Asia,india,Dharmavaram,96,96,100.0,126324.472141309,8035.003197022999,6.3606069836055905
8072.0,Asia,South-Central Asia,india,Attingal,192,192,100.0,296455.507416437,2453.93225742,0.8277573517880079
8078.0,Asia,South-Central Asia,india,Gonda,92,92,100.0,382984.9202046909,119011.8322598,31.07480894970817
8080.0,Asia,South-Central Asia,india,N/A,12,12,100.0,34320.255494955,0.0,0.0
8081.0,Asia,South-Central Asia,india,Maihar,30,30,100.0,106770.138339485,11463.137185913001,10.73627641978411
8082.0,Asia,South-Central Asia,india,Doddaballapura,90,90,100.0,140688.440935585,1620.55642013,1.151876024322411
8085.0,Asia,South-Central Asia,india,Kanakapura,27,27,100.0,57864.59203301401,0.0,0.0
8087.0,Asia,South-Central Asia,india,Bhandara,138,138,100.0,160491.74693341897,2480.987428353,1.545866049661889
8088.0,Asia,South-Central Asia,india,Shamirpet,36,36,100.0,48143.65713850399,0.0,0.0
8089.0,Asia,South-Central Asia,india,Satyamangalam,29,29,100.0,52355.06171336999,0.0,0.0
8090.0,Asia,South-Central Asia,india,Jagtial,83,83,100.0,129894.770938735,6187.199445522,4.763239813895356
8091.0,Asia,South-Central Asia,india,Chandrapur,288,288,100.0,394975.860752712,0.0,0.0
8092.0,Asia,South-Central Asia,india,Sirsilla,99,99,100.0,110664.182110992,0.0,0.0
8094.0,Asia,South-Central Asia,india,Nagarkurnool,18,18,100.0,41541.185362927004,0.0,0.0
8095.0,Asia,South-Central Asia,india,Thiruvananthapuram,2319,2319,100.0,3224218.376639133,23892.969737467,0.7410468816436869
8096.0,Asia,South-Central Asia,india,Balrampur,35,35,100.0,189561.564187957,15956.009628906002,8.417323257095017
8097.0,Asia,South-Central Asia,india,Gajwel,44,44,100.0,46957.062793588,0.0,0.0
8101.0,Asia,South-Central Asia,india,Tadipatri,49,49,100.0,114783.097752522,0.0,0.0
8104.0,Asia,South-Central Asia,india,Tiruppur,579,579,100.0,1133032.283328006,476.096438676,0.042019671079237285
8110.0,Asia,South-Central Asia,india,Ghatkesar,129,129,100.0,160604.48321463203,708.346653093,0.4410503610577076
8112.0,Asia,South-Central Asia,india,Ballarpur,66,66,100.0,92803.731807608,0.0,0.0
8113.0,Asia,South-Central Asia,india,Siddipet,133,133,100.0,130208.29328619999,671.028229557,0.515349838801795
8114.0,Asia,South-Central Asia,india,Bethamcherla,6,6,100.0,53201.9158854,0.0,0.0
8115.0,Asia,South-Central Asia,india,Bagepalli,9,9,100.0,46607.562977279,0.0,0.0
8116.0,Asia,South-Central Asia,india,Chikkaballapura,34,34,100.0,75863.155037766,0.0,0.0
8117.0,Asia,South-Central Asia,india,Palladam,37,37,100.0,71629.06438363799,0.0,0.0
8122.0,Asia,South-Central Asia,india,Jigani,144,144,100.0,282809.33456151106,0.0,0.0
8123.0,Asia,South-Central Asia,india,Faizabad,350,350,100.0,926968.107047273,206853.08314141902,22.315016187592533
8124.0,Asia,South-Central Asia,india,Udumalaippettai,88,88,100.0,129428.68193240599,0.0,0.0
8129.0,Asia,South-Central Asia,india,Kalwakurthy,16,16,100.0,36516.113790993,0.0,0.0
8133.0,Asia,South-Central Asia,india,Gobichettipalayam,62,62,100.0,116079.54749107001,0.0,0.0
8138.0,Asia,South-Central Asia,india,Mandla,40,40,100.0,135132.147275064,5103.487030935001,3.7766639055522133
8151.0,Asia,South-Central Asia,india,Hoskote,42,42,100.0,51535.13127953,0.0,0.0
8153.0,Asia,South-Central Asia,india,Hosur,270,270,100.0,371616.81853327,0.0,0.0
8154.0,Asia,South-Central Asia,india,Karimnagar,343,343,100.0,344456.382308261,0.0,0.0
8157.0,Asia,South-Central Asia,india,Balaghat,57,57,100.0,130940.634642141,0.0,0.0
8159.0,Asia,South-Central Asia,india,Cumbum,18,18,100.0,107063.231019003,13554.214245888998,12.660008592009723
8163.0,Asia,South-Central Asia,india,Bhongir,55,55,100.0,60207.050329476006,1573.8591892079999,2.6140778872162653
8164.0,Asia,South-Central Asia,india,Pudukadai,36,36,100.0,143679.143024332,5293.045679266001,3.683934611420689
8165.0,Asia,South-Central Asia,india,Bodinayakkanur,59,59,100.0,103787.761448782,16129.282010074001,15.540639652425305
8167.0,Asia,South-Central Asia,india,"Rewa, Madhya Pradesh",140,140,100.0,321118.08432451996,23472.256626106002,7.3095405621519225
8168.0,Asia,South-Central Asia,india,Sakoli,13,13,100.0,41399.821744419,0.0,0.0
8171.0,Asia,South-Central Asia,india,Brahmapuri,48,48,100.0,77523.752298569,4460.49321673,5.753711713477439
8172.0,Asia,South-Central Asia,india,Perundurai,27,27,100.0,37470.169522821,0.0,0.0
8175.0,Asia,South-Central Asia,india,Kangeyam,33,33,100.0,42762.31372864501,0.0,0.0
8176.0,Asia,South-Central Asia,india,Shencottai,46,46,100.0,70898.189472754,1861.067031335,2.624985271380172
8178.0,Asia,South-Central Asia,india,Kaghaznagar,49,49,100.0,78010.78187961201,2316.490986021,2.9694497737451995
8179.0,Asia,South-Central Asia,india,Dharapuram,48,48,100.0,65233.379416710006,758.957734267,1.1634499715533477
8181.0,Asia,South-Central Asia,india,Maluru,45,45,100.0,67744.837648133,0.0,0.0
8183.0,Asia,South-Central Asia,india,Sultanpur,81,81,100.0,402426.615573236,48430.661728021005,12.034656718476242
8185.0,Asia,South-Central Asia,india,Gondia,119,119,100.0,268762.244972158,14641.718834059999,5.4478332087071175
8186.0,Asia,South-Central Asia,india,Pulivendula,46,46,100.0,62391.27284707,0.0,0.0
8187.0,Asia,South-Central Asia,india,Kadiri,56,56,100.0,101363.02709437002,22285.477037594002,21.985804564465102
8188.0,Asia,South-Central Asia,india,Erode,603,603,100.0,852700.899299945,1061.493680924,0.12448605153289635
8191.0,Asia,South-Central Asia,india,Nandyal,118,118,100.0,244227.879844354,25024.2928585,10.246288373975952
8193.0,Asia,South-Central Asia,india,Atmakur,53,53,100.0,54662.22640867199,4390.163667865,8.031439544819776
8194.0,Asia,South-Central Asia,india,Kodaikanal,44,44,100.0,64556.460229016004,4337.28778081,6.718596040463402
8195.0,Asia,South-Central Asia,india,Theni,76,76,100.0,170853.58442474197,1392.507614317,0.8150297923251211
8196.0,Asia,South-Central Asia,india,Jammalamadugu,18,18,100.0,68291.46044414099,0.0,0.0
8197.0,Asia,South-Central Asia,india,Chintamani,41,41,100.0,108522.53431108,3664.779946556,3.3769760076288886
8198.0,Asia,South-Central Asia,india,Palani,63,63,100.0,106377.37761855799,8648.88031457,8.130375563103904
8199.0,Asia,South-Central Asia,india,Tenkasi,52,52,100.0,100033.68492895401,2948.5056600999997,2.9475127925099325
8201.0,Asia,South-Central Asia,india,Prayagraj,1127,1127,100.0,2283528.981978435,723994.389296267,31.70506680712249
8202.0,Asia,South-Central Asia,india,Mancherial,93,93,100.0,133428.696490739,483.653120545,0.3624805857101132
8203.0,Asia,South-Central Asia,india,Kadayanallur,49,49,100.0,82987.730791698,15988.269906237998,19.26582369913101
8206.0,Asia,South-Central Asia,india,Bellampalli,9,9,100.0,67510.50339684899,15703.86645532,23.261367735635886
8208.0,Asia,South-Central Asia,india,Pratapgarh,27,27,100.0,283176.427081382,59597.044790654,21.04590604694875
8209.0,Asia,South-Central Asia,india,Mettur,38,38,100.0,138222.235940474,501.337654658,0.3627040549929341
8211.0,Asia,South-Central Asia,india,Peddapalli,55,55,100.0,59911.014951105004,0.0,0.0
8218.0,Asia,South-Central Asia,india,Allagadda,17,17,100.0,51839.66984123801,0.0,0.0
8219.0,Asia,South-Central Asia,india,Padmanabhapuram,113,113,100.0,264885.937333286,1884.322715698,0.7113713678680869
8220.0,Asia,South-Central Asia,india,Ramagundam,105,105,100.0,222485.39095826502,0.0,0.0
8221.0,Asia,South-Central Asia,india,Jangaon,54,54,100.0,66867.92557377099,0.0,0.0
8224.0,Asia,South-Central Asia,india,Vikramasingapuram,35,35,100.0,66749.851375014,1679.094864244,2.515503524959943
8227.0,Asia,South-Central Asia,india,Edappadi,36,36,100.0,54932.27552655,1421.75660071,2.5881989906331717
8230.0,Asia,South-Central Asia,india,Kolar,118,118,100.0,149812.50556509502,900.125339798,0.6008345807999897
8241.0,Asia,South-Central Asia,india,Tiruchengodu,126,126,100.0,166979.51536912197,0.0,0.0
8243.0,Asia,South-Central Asia,india,Jhusi,119,119,100.0,248170.92475914498,42947.522645599005,17.30562219860383
8244.0,Asia,South-Central Asia,india,Amgaon,28,28,100.0,66375.69727972601,3211.854727719,4.838901675387806
8245.0,Asia,South-Central Asia,india,Sankari,18,18,100.0,37252.423452307,0.0,0.0
8246.0,Asia,South-Central Asia,india,Rajapalaiyam,72,72,100.0,250297.298889507,34074.285383051996,13.613525009750102
8247.0,Asia,South-Central Asia,india,Nagercoil,332,332,100.0,423467.63801981404,3136.3290573100003,0.7406301629035585
8249.0,Asia,South-Central Asia,india,Gadchiroli,69,69,100.0,84038.940483092,564.676739052,0.6719227251152801
8251.0,Asia,South-Central Asia,india,Sankarankovil,45,45,100.0,71349.230266508,0.0,0.0
8253.0,Asia,South-Central Asia,india,Proddatur,172,172,100.0,238144.17487865296,21559.224678303,9.05301365833893
8255.0,Asia,South-Central Asia,india,Bangarapete,82,82,100.0,97172.52669137901,0.0,0.0
8259.0,Asia,South-Central Asia,india,Palacode,8,8,100.0,38472.389428771,0.0,0.0
8261.0,Asia,South-Central Asia,india,Srivilliputtur,42,42,100.0,91749.819985875,30966.690001307998,33.75122698450564
8265.0,Asia,South-Central Asia,india,Dharmapuri,109,109,100.0,234634.53554946196,0.0,0.0
8266.0,Asia,South-Central Asia,india,Kolar Gold Fields,115,115,100.0,135188.18292421402,1869.193372529,1.3826603273282123
8272.0,Asia,South-Central Asia,india,Iltifatganj,15,15,100.0,109681.535161109,1000.65796552,0.9123303790835473
8274.0,Asia,South-Central Asia,india,Krishnagiri,63,63,100.0,164460.04272686102,0.0,0.0
8275.0,Asia,South-Central Asia,india,Omalur,27,27,100.0,32949.183940873,1192.74352238,3.6199485987888713
8278.0,Asia,South-Central Asia,india,Salem,875,875,100.0,1323390.436667556,16654.55435431,1.2584762510637462
8279.0,Asia,South-Central Asia,india,Akbarpur,25,25,100.0,161499.257031975,19478.25229673,12.060892820623645
8284.0,Asia,South-Central Asia,india,Warangal,739,739,100.0,797422.171961404,0.0,0.0
8285.0,Asia,South-Central Asia,india,Nalgonda,170,170,100.0,181093.55060457904,0.0,0.0
8289.0,Asia,South-Central Asia,india,Anichampalayam,26,26,100.0,40194.00666386799,0.0,0.0
8290.0,Asia,South-Central Asia,india,Basti,132,132,100.0,394403.91155028803,41601.269431233,10.547884595695415
8292.0,Asia,South-Central Asia,india,Tirunelveli,199,199,100.0,275932.646244069,59175.15032022699,21.445505316498565
8294.0,Asia,South-Central Asia,india,Sivakasi,147,147,100.0,255218.682963425,1591.953635251,0.6237606184493713
8297.0,Asia,South-Central Asia,india,Tanda,37,37,100.0,206488.87466465597,116058.16086457498,56.205527321051484
8298.0,Asia,South-Central Asia,india,Madanapalle,169,169,100.0,183136.814740144,409.26352393,0.22347419578674618
8303.0,Asia,South-Central Asia,india,Kuppam,21,21,100.0,35194.083113738,0.0,0.0
8304.0,Asia,South-Central Asia,india,Karur,108,108,100.0,277727.384459517,2185.91395396,0.7870718108025211
8308.0,Asia,South-Central Asia,india,Giddalur,51,51,100.0,54858.91949866399,7672.915088728,13.986631816390155
8309.0,Asia,South-Central Asia,india,Dindigul,291,291,100.0,375680.308380533,2925.39105153,0.7786916125949357
8312.0,Asia,South-Central Asia,india,Shahdol,14,14,100.0,109970.335636526,0.0,0.0
8313.0,Asia,South-Central Asia,india,Rasipuram,18,18,100.0,68958.249900062,0.0,0.0
8316.0,Asia,South-Central Asia,india,Namakkal,85,85,100.0,186994.417864117,0.0,0.0
8320.0,Asia,South-Central Asia,india,Kovilpatti,58,58,100.0,161615.923009096,6752.02537416,4.17782186831924
8321.0,Asia,South-Central Asia,india,Punganuru,29,29,100.0,54489.905050441,4818.910261374001,8.843675276940127
8326.0,Asia,South-Central Asia,india,Kadapa,139,139,100.0,342662.434961707,77303.90894139302,22.559785098717295
8327.0,Asia,South-Central Asia,india,Sattur,36,36,100.0,77556.662233195,0.0,0.0
8329.0,Asia,South-Central Asia,india,Rayachoti,44,44,100.0,108942.56325974499,1112.3138496,1.021009434988214
8332.0,Asia,South-Central Asia,india,Virudhunagar,100,100,100.0,139627.246713459,0.0,0.0
8343.0,Asia,South-Central Asia,india,Dongargarh,19,19,100.0,68142.468601531,7175.114017710001,10.529577464630908
8344.0,Asia,South-Central Asia,india,Madurai,1587,1587,100.0,1954790.5511498502,197054.235214702,10.080580505097615
8348.0,Asia,South-Central Asia,india,Shahganj,36,36,100.0,106724.73370618302,31995.388965205,29.979357037600522
8357.0,Asia,South-Central Asia,india,Khalilabad,33,33,100.0,223380.40850485,32229.21913292,14.427952455024831
8359.0,Asia,South-Central Asia,india,Markapur,11,11,100.0,75277.312040776,8502.949710038,11.295501233402364
8360.0,Asia,South-Central Asia,india,Suryapet,118,118,100.0,137512.73852691503,16570.716838874,12.050314041001121
8361.0,Asia,South-Central Asia,india,Miryalaguda,62,62,100.0,148544.53140682098,7706.724081352,5.18815738847059
8362.0,Asia,South-Central Asia,india,Macherla,62,62,100.0,74266.61364599301,4563.555955308,6.144828384206559
8363.0,Asia,South-Central Asia,india,Jolarpet,109,109,100.0,202396.71677490498,8528.37704164,4.213693372864745
8366.0,Asia,South-Central Asia,india,Gopiganj,11,11,100.0,131953.98980761,21076.62968377,15.972711180995663
8367.0,Asia,South-Central Asia,india,Vaniyambadi,37,37,100.0,178094.66688790396,19746.02085823,11.087373475736086
8370.0,Asia,South-Central Asia,india,Aruppukkottai,62,62,100.0,118441.23570933202,2996.05940403,2.5295745912197876
8373.0,Asia,South-Central Asia,india,Musiri,73,73,100.0,100113.317657329,8282.620016758,8.273244969373616
8383.0,Asia,South-Central Asia,india,Narsampet,31,31,100.0,53814.468392483,1577.98324288,2.9322657828213696
8384.0,Asia,South-Central Asia,india,Jaunpur,58,58,100.0,495943.18600928807,146844.545174318,29.609146635511568
8385.0,Asia,South-Central Asia,india,Pernampattu,6,6,100.0,98113.831003859,0.0,0.0
8393.0,Asia,South-Central Asia,india,Ambur,92,92,100.0,235741.224289866,29749.202717731998,12.619431670191275
8395.0,Asia,South-Central Asia,india,Bhadohi,18,18,100.0,294655.827103046,4356.85990192,1.4786267574461829
8396.0,Asia,South-Central Asia,india,Kawardha,36,36,100.0,92811.80585176399,19528.763302128,21.04124914164337
8398.0,Asia,South-Central Asia,india,Thoothukudi,266,266,100.0,332467.65558658505,13103.034730692001,3.9411457056097174
8404.0,Asia,South-Central Asia,india,Gorakhpur,578,578,100.0,1613183.291828644,170942.43332893902,10.596590864461849
8405.0,Asia,South-Central Asia,india,Mirzapur,93,93,100.0,582519.974416231,201917.12699326305,34.66269584929051
8406.0,Asia,South-Central Asia,india,Pileru,31,31,100.0,45348.782804252,0.0,0.0
8407.0,Asia,South-Central Asia,india,Mukkudu,21,21,100.0,79662.09994152602,0.0,0.0
8412.0,Asia,South-Central Asia,india,Attur,49,49,100.0,95287.69464393902,0.0,0.0
8415.0,Asia,South-Central Asia,india,Tiruchchendur,28,28,100.0,44855.777126034,8260.407867771,18.415482680327287
8419.0,Asia,South-Central Asia,india,Rajnandgaon,128,128,100.0,220363.608402971,22943.928745673,10.411850174333805
8420.0,Asia,South-Central Asia,india,Gudiyatham,107,107,100.0,216435.25612724602,32220.205235186,14.886763742522238
8426.0,Asia,South-Central Asia,india,Mahabubabad,16,16,100.0,76140.490555364,0.0,0.0
8428.0,Asia,South-Central Asia,india,Thuraiyur,38,38,100.0,66421.543983489,2921.432661728,4.398320915957941
8437.0,Asia,South-Central Asia,india,Huzurnagar,31,31,100.0,48643.682781478,0.0,0.0
8439.0,Asia,South-Central Asia,india,Kanigiri,28,28,100.0,46901.422962701,669.82852629,1.4281624820268042
8445.0,Asia,South-Central Asia,india,Chittoor,133,133,100.0,188014.84097491,0.0,0.0
8448.0,Asia,South-Central Asia,india,Tiruchirappalli,974,974,100.0,1360043.605100262,133799.24340880002,9.837864235164458
8455.0,Asia,South-Central Asia,india,Kodada,44,44,100.0,71042.72361963101,0.0,0.0
8458.0,Asia,South-Central Asia,india,Vinukonda,24,24,100.0,80648.29938821,15281.05340827,18.947768922829813
8461.0,Asia,South-Central Asia,india,Manachanallur,22,22,100.0,34938.296465701,0.0,0.0
8462.0,Asia,South-Central Asia,india,Azamgarh,80,80,100.0,436646.156392252,133087.895594163,30.479575657733776
8463.0,Asia,South-Central Asia,india,Varanasi,1401,1401,100.0,3969923.099206486,1113755.4944963409,28.054838007289362
8464.0,Asia,South-Central Asia,india,Durg,737,737,100.0,1374279.435034882,28274.918692053,2.0574359166871568
8466.0,Asia,South-Central Asia,india,Piduguralla,49,49,100.0,94890.234830255,0.0,0.0
8474.0,Asia,South-Central Asia,india,Vellore,435,435,100.0,771423.4403119651,40564.70955729,5.258423252070945
8479.0,Asia,South-Central Asia,india,Khammam,278,278,100.0,329351.245044352,1384.5144236330002,0.42037625315384947
8483.0,Asia,South-Central Asia,india,Bemetara,16,16,100.0,51845.458752747,7923.43134173,15.282787600582628
8484.0,Asia,South-Central Asia,india,Balod,7,7,100.0,56605.964132049994,5586.28997658,9.868730375386491
8487.0,Asia,South-Central Asia,india,Perambalur,35,35,100.0,81632.51099960998,0.0,0.0
8491.0,Asia,South-Central Asia,india,Mubarakpur,42,42,100.0,119816.842204841,50133.686371143005,41.841935948732115
8493.0,Asia,South-Central Asia,india,Mungeli,23,23,100.0,59078.626600445,4652.206223941001,7.874601174134198
8494.0,Asia,South-Central Asia,india,Kallakkurichi,47,47,100.0,87136.71593280399,475.541040201,0.5457412929903354
8495.0,Asia,South-Central Asia,india,Tiruvannamalai,244,244,100.0,315794.63138476806,24480.992160231002,7.752187569776341
8499.0,Asia,South-Central Asia,india,Polur,38,38,100.0,63604.646607789015,14793.94610166,23.25922222771746
8505.0,Asia,South-Central Asia,india,Tirupati,425,425,100.0,476596.10951310303,1503.79103228,0.3155273411308987
8509.0,Asia,South-Central Asia,india,Ranipettai,151,151,100.0,302766.46846035,1679.36950802,0.5546748675836038
8510.0,Asia,South-Central Asia,india,Nibua Raiganj,27,27,100.0,180435.657047388,0.0,0.0
8511.0,Asia,South-Central Asia,india,Muhammadabad,14,14,100.0,123629.83658934801,4184.98509665,3.385093123232826
8512.0,Asia,South-Central Asia,india,Manendragarh,12,12,100.0,60436.168175074,1202.58147186,1.98983739071
8513.0,Asia,South-Central Asia,india,Raipur,669,669,100.0,1538556.218382069,33278.239366689995,2.1629524465271133
8516.0,Asia,South-Central Asia,india,Dohrighat,10,10,100.0,111041.98312699,3549.00866699,3.1960962575130503
8520.0,Asia,South-Central Asia,india,Waidhan,119,119,100.0,282812.300802098,0.0,0.0
8522.0,Asia,South-Central Asia,india,Narasaraopet,97,97,100.0,162603.831459079,21199.950241013998,13.037792560471855
8523.0,Asia,South-Central Asia,india,Arni,41,41,100.0,180047.39791080198,21985.678198720998,12.211050231124702
8530.0,Asia,South-Central Asia,india,Kushinagar,139,139,100.0,347214.35784671595,6994.48895387,2.0144584449926013
8532.0,Asia,South-Central Asia,india,Sattenapalle,51,51,100.0,74138.055377997,0.0,0.0
8533.0,Asia,South-Central Asia,india,Tirukkovilur,43,43,100.0,108983.182155119,6778.448125252,6.219719401846822
8538.0,Asia,South-Central Asia,india,Ariyalur,34,34,100.0,69526.38374881101,480.544094725,0.6911679693584205
8546.0,Asia,South-Central Asia,india,Ramanathapuram,92,92,100.0,131927.352623799,0.0,0.0
8549.0,Asia,South-Central Asia,india,Anpara,40,40,100.0,109560.010081072,0.0,0.0
8550.0,Asia,South-Central Asia,india,Ongole,231,231,100.0,244577.620414843,7480.702989708,3.0586212168633926
8552.0,Asia,South-Central Asia,india,Deoria,84,84,100.0,468358.23219035106,128061.838436238,27.342711120361145
8553.0,Asia,South-Central Asia,india,Chilakaluripet,99,99,100.0,150997.429811035,0.0,0.0
8555.0,Asia,South-Central Asia,india,Padrauna,81,81,100.0,181576.977271194,41037.708181092006,22.60072218285703
8557.0,Asia,South-Central Asia,india,Mau,39,39,100.0,405109.558267044,217878.90547700704,53.782711622267755
8559.0,Asia,South-Central Asia,india,Nagari,12,12,100.0,80675.53272089601,695.607347402,0.862228390618149
8562.0,Asia,South-Central Asia,india,Dhamtari,47,47,100.0,139027.93970125902,7843.28304359,5.641515698530467
8565.0,Asia,South-Central Asia,india,Thanjavur,357,357,100.0,391459.83946039004,3401.717927621,0.8689826093808541
8567.0,Asia,South-Central Asia,india,Sri Kalahasti,61,61,100.0,91458.02098698297,20639.164624741003,22.566817433845994
8570.0,Asia,South-Central Asia,india,Kothagudem,67,67,100.0,148006.513521116,0.0,0.0
8573.0,Asia,South-Central Asia,india,Robertsganj,53,53,100.0,144924.559788702,2828.0867107649997,1.9514199076321577
8576.0,Asia,South-Central Asia,india,Obra,61,61,100.0,241752.666929104,6967.403680148001,2.8820379806570036
8577.0,Asia,South-Central Asia,india,Bhatpara,25,25,100.0,110733.10158565201,10461.83419636,9.447792978387564
8578.0,Asia,South-Central Asia,india,Bilaspur,481,481,100.0,807144.246345385,22066.414610257,2.7338873702154305
8580.0,Asia,South-Central Asia,india,Gingee,51,51,100.0,78163.40100735001,11638.351766961001,14.889771449257436
8584.0,Asia,South-Central Asia,india,Guntur,829,829,100.0,862042.124008208,3284.2719177,0.3809874049343705
8585.0,Asia,South-Central Asia,india,Kavali,73,73,100.0,105576.96435286499,5378.068521091,5.093979121350876
8586.0,Asia,South-Central Asia,india,Tiruttani,17,17,100.0,89066.569188575,13886.99866396,15.591707180904137
8589.0,Asia,South-Central Asia,india,Palwancha,55,55,100.0,117776.60526894599,0.0,0.0
8590.0,Asia,South-Central Asia,india,Vriddhachalam,79,79,100.0,109624.57647935199,4854.067707933,4.4279009906572115
8592.0,Asia,South-Central Asia,india,Kanker,23,23,100.0,37758.448124252005,0.0,0.0
8593.0,Asia,South-Central Asia,india,Gudur,30,30,100.0,81123.75160934901,18325.509964033,22.58957407724361
8594.0,Asia,South-Central Asia,india,Tiruvethipuram,33,33,100.0,101436.76406773,3685.10361851,3.632907311642387
8596.0,Asia,South-Central Asia,india,Lauiyah Nandangarh,19,19,100.0,243081.047939142,0.0,0.0
8598.0,Asia,South-Central Asia,india,Ghazipur,60,60,100.0,373442.74845821894,100076.02480467,26.798224150245236
8599.0,Asia,South-Central Asia,india,Nellore,531,531,100.0,643320.126035913,8817.775911338,1.3706668817704224
8600.0,Asia,South-Central Asia,india,Arakkonam,83,83,100.0,134300.96618627204,5145.518882449,3.831334225334087
8601.0,Asia,South-Central Asia,india,Tiruvuru,51,51,100.0,49250.36600537299,0.0,0.0
8605.0,Asia,South-Central Asia,india,Viluppuram,186,186,100.0,316182.883778809,21906.450958060002,6.928411397937981
8607.0,Asia,South-Central Asia,india,Renukut,12,12,100.0,117397.35913362399,0.0,0.0
8609.0,Asia,South-Central Asia,india,Chirala,152,152,100.0,218819.753952372,10201.88230248,4.662230954112364
8610.0,Asia,South-Central Asia,india,Vandavasi,37,37,100.0,67877.34315498499,6776.386610067,9.983282042425277
8611.0,Asia,South-Central Asia,india,Rajim,24,24,100.0,144085.24714040902,36381.1357185,25.249729892920335
8612.0,Asia,South-Central Asia,india,Kumbakonam,322,322,100.0,374293.375616363,16615.746959154003,4.439230839122446
8615.0,Asia,South-Central Asia,india,Kanchipuram,293,293,100.0,357957.87733989104,20944.678645943,5.851157348900983
8616.0,Asia,South-Central Asia,india,Kuchai Kot,61,61,100.0,623041.8461131098,0.0,0.0
8617.0,Asia,South-Central Asia,india,Neyveli,98,98,100.0,111367.82294329102,0.0,0.0
8622.0,Asia,South-Central Asia,india,Panruti,97,97,100.0,114747.75274218898,879.694284174,0.7666331262717316
8624.0,Asia,South-Central Asia,india,N/A,76,76,100.0,106673.60087334199,4793.95375361,4.49403949464691
8626.0,Asia,South-Central Asia,india,Bhadrachalam,41,41,100.0,50729.246254244004,0.0,0.0
8628.0,Asia,South-Central Asia,india,Vijayawada,1072,1072,100.0,1249694.2518311809,79505.69113478399,6.36201142945837
8629.0,Asia,South-Central Asia,india,Mangalagiri,76,76,100.0,104813.182999276,3771.91216817,3.5987001446144937
8632.0,Asia,South-Central Asia,india,Muhammadabad,26,26,100.0,132862.477364581,21965.55863807,16.53255236073572
8634.0,Asia,South-Central Asia,india,Tindivanam,75,75,100.0,122356.27568994799,4395.844764235,3.592659828396636
8636.0,Asia,South-Central Asia,india,Rasra,13,13,100.0,89253.75501678101,11119.7035488,12.458527427455946
8637.0,Asia,South-Central Asia,india,Bapatla,58,58,100.0,104766.80221642899,0.0,0.0
8641.0,Asia,South-Central Asia,india,Sathupally,39,39,100.0,50461.226300944,0.0,0.0
8646.0,Asia,South-Central Asia,india,Ponnur,68,68,100.0,80885.78539682299,8423.502452903,10.414070175096372
8649.0,Asia,South-Central Asia,india,Mannargudi,93,93,100.0,161664.31543646302,7772.311711241,4.807685412985068
8654.0,Asia,South-Central Asia,india,Mohania,10,10,100.0,85770.92332825101,6165.25824557,7.18805162208077
8655.0,Asia,South-Central Asia,india,Thiruvallur,42,42,100.0,220879.18761612297,0.0,0.0
8657.0,Asia,South-Central Asia,india,Tenali,201,201,100.0,219129.49957677303,466.766954909,0.21300963850623225
8660.0,Asia,South-Central Asia,india,Mahasamund,38,38,100.0,86217.239256701,0.0,0.0
8661.0,Asia,South-Central Asia,india,Puducherry,939,939,100.0,1084468.2848086231,21535.685769897,1.9858290068572562
8662.0,Asia,South-Central Asia,india,Bhabua,20,20,100.0,187794.34640343295,49338.122959575,26.272421883022712
8671.0,Asia,South-Central Asia,india,Nuzvid,23,23,100.0,76179.98010366202,0.0,0.0
8674.0,Asia,South-Central Asia,india,Kondagaon,26,26,100.0,74743.87057391301,2137.703424114,2.860038432181619
8675.0,Asia,South-Central Asia,india,Chennai,7836,7836,100.0,11273156.64191927,410240.864693861,3.6390948669016003
8677.0,Asia,South-Central Asia,india,Cuddalore,315,315,100.0,358545.68715988204,1565.10151953,0.43651383228941
8679.0,Asia,South-Central Asia,india,Malapalli,21,21,100.0,58532.015916184006,0.0,0.0
8680.0,Asia,South-Central Asia,india,Chidambaram,164,164,100.0,234900.10781821003,22624.154751314003,9.631393940790742
8683.0,Asia,South-Central Asia,india,Buxar,34,34,100.0,244895.85644913797,24332.656534560003,9.935920063071224
8684.0,Asia,South-Central Asia,india,Gummidipundi,35,35,100.0,108076.898297943,0.0,0.0
8685.0,Asia,South-Central Asia,india,Thiruvarur,58,58,100.0,121807.51240022399,1824.614164859,1.4979487955257225
8686.0,Asia,South-Central Asia,india,Bettiah,66,66,100.0,314618.81465657,118436.29763744099,37.64437856862537
8688.0,Asia,South-Central Asia,india,Mirganj,22,22,100.0,218120.86662024804,5211.343162209,2.38919973267942
8695.0,Asia,South-Central Asia,india,Chengalpattu,51,51,100.0,61710.370182028,0.0,0.0
8699.0,Asia,South-Central Asia,india,Korba,225,225,100.0,349669.768287851,0.0,0.0
8702.0,Asia,South-Central Asia,india,Vuyyuru,21,21,100.0,50571.243805032995,0.0,0.0
8706.0,Asia,South-Central Asia,india,Ballia,90,90,100.0,496657.756636083,66879.97358519801,13.466008069255444
8707.0,Asia,South-Central Asia,india,Gopalganj,18,18,100.0,102847.58569484002,29616.64489225,28.796636004782656
8709.0,Asia,South-Central Asia,india,Champa,14,14,100.0,98187.48168492298,0.0,0.0
8711.0,Asia,South-Central Asia,india,Siwan,65,65,100.0,259021.363992941,54466.652143775995,21.027860908515773
8715.0,Asia,South-Central Asia,india,Repalle,52,52,100.0,72313.050090919,0.0,0.0
8729.0,Asia,South-Central Asia,india,Eluru,332,332,100.0,382192.230030317,9288.310604323,2.4302719612029304
8730.0,Asia,South-Central Asia,india,Gudivada,129,129,100.0,146794.540282549,1183.47060476,0.8062088702223292
8731.0,Asia,South-Central Asia,india,Karaikal,109,109,100.0,129677.33272391198,0.0,0.0
8735.0,Asia,South-Central Asia,india,Nagapattinam,215,215,100.0,264547.490089499,15094.354104229002,5.705725689978172
8736.0,Asia,South-Central Asia,india,Dumraon,13,13,100.0,64782.084807833,20673.442061740003,31.912282729191073
8739.0,Asia,South-Central Asia,india,Ambikapur,73,73,100.0,205640.04282585697,2374.904824792,1.1548844243351724
8740.0,Asia,South-Central Asia,india,Kalpakkam,33,33,100.0,63904.707155674,0.0,0.0
8758.0,Asia,South-Central Asia,india,Jangareddygudem,57,57,100.0,62281.841101204,0.0,0.0
8760.0,Asia,South-Central Asia,india,Sasaram,46,46,100.0,324090.81370892905,77570.15238219,23.934696418719522
8766.0,Asia,South-Central Asia,india,Machilipatnam,183,183,100.0,182168.67792548,0.0,0.0
8781.0,Asia,South-Central Asia,india,Bikramganj,12,12,100.0,112226.17841292999,16919.3490095,15.076116151123134
8782.0,Asia,South-Central Asia,india,Garhwa,45,45,100.0,112209.57368477203,1695.591736536,1.5110936445578074
8786.0,Asia,South-Central Asia,india,Jagdalpur,87,87,100.0,177507.00549885497,0.0,0.0
8788.0,Asia,South-Central Asia,india,Motihari,90,90,100.0,318878.26499817095,36482.414820284,11.440859671164247
8794.0,Asia,South-Central Asia,india,Dehri,45,45,100.0,306570.35009335296,117744.58061086999,38.407034657792536
8797.0,Asia,South-Central Asia,india,Piprakothi,13,13,100.0,80656.769481367,0.0,0.0
8803.0,Asia,South-Central Asia,india,Kalyanpur,6,6,100.0,67891.381581912,0.0,0.0
8817.0,Asia,South-Central Asia,india,Tadepallegudem,107,107,100.0,140794.242003061,0.0,0.0
8821.0,Asia,South-Central Asia,india,Chhapra,71,71,100.0,483673.745852574,201147.06902427704,41.587344930147935
8822.0,Asia,South-Central Asia,india,Bhimavaram,243,243,100.0,258195.03906797,0.0,0.0
8825.0,Asia,South-Central Asia,india,Daudnagar,8,8,100.0,154202.23278659,70931.763293,45.99918043415548
8831.0,Asia,South-Central Asia,india,Arrah,64,64,100.0,419427.001925251,175719.74832701,41.895192136038546
8841.0,Asia,South-Central Asia,india,Aurangabad,33,33,100.0,151721.555095106,1284.24452749,0.8464483024083012
8842.0,Asia,South-Central Asia,india,Nidadavolu,42,42,100.0,62150.415640348,3110.74836769,5.005193184372696
8846.0,Asia,South-Central Asia,india,Medininagar,40,40,100.0,231904.530242745,2853.80268263,1.2305937618565688
8854.0,Asia,South-Central Asia,india,Velpuru,22,22,100.0,50602.393711287994,5288.42984715,10.450947987407751
8856.0,Asia,South-Central Asia,india,Tanuku,68,68,100.0,123991.111519562,0.0,0.0
8863.0,Asia,South-Central Asia,india,Rajamahendravaram,413,413,100.0,564216.13013333,8563.036779543,1.5176873404025983
8867.0,Asia,South-Central Asia,india,Raigarh,150,150,100.0,248250.03725260904,947.326216698,0.381601641305713
8872.0,Asia,South-Central Asia,india,Narasapuram,95,95,100.0,131859.86117283502,0.0,0.0
8879.0,Asia,South-Central Asia,india,Palakollu,95,95,100.0,132573.690427072,752.945491413,0.567944883322978
8884.0,Asia,South-Central Asia,india,N/A,33,33,100.0,120574.088134087,19576.632778225,16.23618563588421
8892.0,Asia,South-Central Asia,india,Ravulapalem,13,13,100.0,54372.586050987,0.0,0.0
8900.0,Asia,South-Central Asia,india,Rafiganj,25,25,100.0,163610.17368860598,14393.408636293001,8.797379962255597
8901.0,Asia,South-Central Asia,india,Mandapeta,21,21,100.0,95789.794978486,9019.28361599,9.415704061184904
8911.0,Asia,South-Central Asia,india,Sitamarhi,335,335,100.0,487986.457632671,71989.96360861098,14.75245111469897
8913.0,Asia,South-Central Asia,india,Muzaffarpur,344,344,100.0,1301664.270706913,291330.266934597,22.381367722137767
8914.0,Asia,South-Central Asia,india,Patna,1454,1454,100.0,3118141.756187065,1082526.4690391521,34.71703834154385
8920.0,Asia,South-Central Asia,india,Jeypore,57,57,100.0,122451.713963904,32862.077731763995,26.836764197070362
8921.0,Asia,South-Central Asia,india,Yeleswaram,6,6,100.0,55527.444985229,0.0,0.0
8927.0,Asia,South-Central Asia,india,Ramachandrapuram,34,34,100.0,78842.455694841,1088.86867523,1.3810689502676783
8930.0,Asia,South-Central Asia,india,Peddapuram,52,52,100.0,74901.61319387998,0.0,0.0
8933.0,Asia,South-Central Asia,india,Masaurhi,18,18,100.0,122959.97992167101,34845.625873024,28.33899769276284
8938.0,Asia,South-Central Asia,india,Hajipur,81,81,100.0,386556.588065216,140792.407051451,36.422198301196175
8939.0,Asia,South-Central Asia,india,Jehanabad,51,51,100.0,176887.929258333,78420.22821596,44.333284099579515
8941.0,Asia,South-Central Asia,india,Amalapuram,69,69,100.0,143078.93796282096,2898.54679371,2.0258375096851693
8942.0,Asia,South-Central Asia,india,Tengar,22,22,100.0,47512.246233637,6018.675447801999,12.667629768977307
8943.0,Asia,South-Central Asia,india,Samarlakota,97,97,100.0,110178.726905064,0.0,0.0
8954.0,Asia,South-Central Asia,india,Titlagarh,22,22,100.0,69962.605022292,6632.760291999999,9.480436427269424
8955.0,Asia,South-Central Asia,india,Sursand,73,73,100.0,108619.74102536801,21880.483963386996,20.14411354403509
8957.0,Asia,South-Central Asia,india,Dobhi,66,66,100.0,131885.07691882498,6248.959084587999,4.738185115844624
8962.0,Asia,South-Central Asia,india,Pithapuram,21,21,100.0,94773.840029467,10831.274489783998,11.428548728653759
8964.0,Asia,South-Central Asia,india,Kakinada,468,468,100.0,503287.872895881,3468.9130545919998,0.6892502763144545
8974.0,Asia,South-Central Asia,india,Pupri,50,50,100.0,77868.29356238901,13758.324511908999,17.668711978240108
8978.0,Asia,South-Central Asia,india,Gaya,248,248,100.0,775150.842781814,200049.935305544,25.807871741146148
8979.0,Asia,South-Central Asia,india,Chandrapur,25,25,100.0,156990.08136040598,17716.7048597,11.285238345107501
8981.0,Asia,South-Central Asia,india,Yanam,58,58,100.0,73400.41296032199,418.534854853,0.5702077658326624
8982.0,Asia,South-Central Asia,india,Fatwah,26,26,100.0,150722.386265848,29500.766932037,19.572916580555454
8983.0,Asia,South-Central Asia,india,Bhawanipatna,87,87,100.0,151502.683235657,7181.01922785,4.739862736741225
8984.0,Asia,South-Central Asia,india,Bodhgaya,50,50,100.0,115100.71111998199,10294.09033667,8.94355059712824
8994.0,Asia,South-Central Asia,india,Balangir,72,72,100.0,189555.13372781698,607.381680005,0.3204248115364377
9012.0,Asia,South-Central Asia,india,Sundargarh,33,33,100.0,75534.68607625701,677.556895793,0.8970142473471905
9013.0,Asia,South-Central Asia,india,Brajarajnagar,22,22,100.0,91456.55656339099,7875.928194120001,8.611660541429837
9020.0,Asia,South-Central Asia,india,Narsipatnam,49,49,100.0,77279.306929196,2817.79460712,3.6462472543933258
9028.0,Asia,South-Central Asia,india,Tuni,96,96,100.0,131230.548366754,1177.24332021,0.8970802414998088
9033.0,Asia,South-Central Asia,india,Jharsuguda,25,25,100.0,66429.13913651499,0.0,0.0
9047.0,Asia,South-Central Asia,india,Darbhanga,585,585,100.0,849269.025752571,225177.864085347,26.51431492933679
9052.0,Asia,South-Central Asia,india,Lohardaga,25,25,100.0,103450.35834660499,20396.54136114,19.716259747310357
9053.0,Asia,South-Central Asia,india,Gumla,54,54,100.0,120872.48377894302,952.475994451,0.7880006802813206
9054.0,Asia,South-Central Asia,india,Samastipur,61,61,100.0,371965.919744623,18532.28406247,4.982253233090152
9055.0,Asia,South-Central Asia,india,Sambalpur,128,128,100.0,236486.780471085,3604.465613366,1.52417213604323
9056.0,Asia,South-Central Asia,india,Keotiranway,74,74,100.0,122922.424008688,6224.394243584,5.06367678133655
9065.0,Asia,South-Central Asia,india,Rajgir,23,23,100.0,98681.26907101399,21138.362566675998,21.42084588663346
9066.0,Asia,South-Central Asia,india,Jaynagar,62,62,100.0,90443.761067615,17658.270421289,19.52403373416528
9067.0,Asia,South-Central Asia,india,Bihar Sharif,59,59,100.0,567424.4823156111,305805.34351613,53.89357580557053
9071.0,Asia,South-Central Asia,india,Madhubani,159,159,100.0,327354.840804553,126434.98198434,38.62322050090835
9087.0,Asia,South-Central Asia,india,Nawada,40,40,100.0,271169.590206968,77397.21118875199,28.54199511445188
9089.0,Asia,South-Central Asia,india,Rayagada,133,133,100.0,142390.65166204702,6933.156504430999,4.869109329512937
9095.0,Asia,South-Central Asia,india,Anakapalle,64,64,100.0,131538.67746209103,10703.398287491002,8.137073060184662
9111.0,Asia,South-Central Asia,india,Rusera,7,7,100.0,74678.94870888001,0.0,0.0
9115.0,Asia,South-Central Asia,india,Bobbili,13,13,100.0,77321.83262784399,8019.043054440001,10.370994558595473
9117.0,Asia,South-Central Asia,india,N/A,64,64,100.0,124028.80763587602,16409.912258849,13.23072645108808
9121.0,Asia,South-Central Asia,india,Parvathipuram,9,9,100.0,87815.173418154,5516.54773476,6.281998338136365
9122.0,Asia,South-Central Asia,india,Visakhapatnam,917,917,100.0,1628911.7302283868,23410.147671550996,1.4371649020090673
9125.0,Asia,South-Central Asia,india,Mokama,35,35,100.0,178876.59353383598,29182.766803299997,16.31446922527616
9130.0,Asia,South-Central Asia,india,Bhagwanpur,7,7,100.0,56534.259297280005,5493.14417664,9.716487391750949
9131.0,Asia,South-Central Asia,india,Begusarai,77,77,100.0,1000943.6042521951,162561.209184439,16.24079603424695
9133.0,Asia,South-Central Asia,india,Hazaribagh,95,95,100.0,266873.700750501,5511.030542747,2.0650332075618185
9134.0,Asia,South-Central Asia,india,Shaikhpura,12,12,100.0,124209.70542361202,0.0,0.0
9135.0,Asia,South-Central Asia,india,Jhumri Tilaiya,12,12,100.0,173988.882290492,0.0,0.0
9141.0,Asia,South-Central Asia,india,N/A,7,7,100.0,96830.878600588,0.0,0.0
9149.0,Asia,South-Central Asia,india,Vizianagaram,237,237,100.0,297402.74843374605,1807.9425178729998,0.6079104942353163
9151.0,Asia,South-Central Asia,india,Barhiya,11,11,100.0,104633.246841209,26370.49585315,25.202788453243514
9155.0,Asia,South-Central Asia,india,Rourkela,485,485,100.0,779034.339247779,25479.752367528996,3.2706841128635955
9160.0,Asia,South-Central Asia,india,Ranchi,564,564,100.0,1676605.22333174,280266.620154728,16.716315579512738
9162.0,Asia,South-Central Asia,india,Endada,56,56,100.0,63927.2630625,0.0,0.0
9169.0,Asia,South-Central Asia,india,Phulbani,34,34,100.0,57790.892232385,3850.721001371,6.6631970066956745
9173.0,Asia,South-Central Asia,india,Lakhisarai,22,22,100.0,224629.32091720199,39203.698970139994,17.452618745435473
9176.0,Asia,South-Central Asia,india,Rajam,18,18,100.0,79052.195031997,629.125506368,0.7958355945883051
9182.0,Asia,South-Central Asia,india,Ramgarh,12,12,100.0,173612.32178277997,10929.60321448,6.295407550712262
9183.0,Asia,South-Central Asia,india,Supaul,52,52,100.0,171398.24405425505,32328.836155719004,18.86182459692266
9188.0,Asia,South-Central Asia,india,N/A,6,6,100.0,100950.157672464,8584.067947844,8.503273442816486
9193.0,Asia,South-Central Asia,india,Saharsa,85,85,100.0,381805.91810334,126250.232931185,33.06659927073576
9199.0,Asia,South-Central Asia,india,Khagaria,17,17,100.0,240756.06625126803,73122.14513837,30.371880666157413
9217.0,Asia,South-Central Asia,india,Munger,101,101,100.0,382088.365321607,144664.90637355502,37.86163607776681
9221.0,Asia,South-Central Asia,india,Srikakulam,168,168,100.0,197278.007887026,0.0,0.0
9226.0,Asia,South-Central Asia,india,Gumia,6,6,100.0,37411.18678864,0.0,0.0
9227.0,Asia,South-Central Asia,india,Jamalpur,43,43,100.0,196089.405611634,47235.575703832,24.08879539233481
9233.0,Asia,South-Central Asia,india,Madhepura,81,81,100.0,161228.14130844397,45318.290362376,28.1081763981128
9234.0,Asia,South-Central Asia,india,Mansa Nagar,38,38,100.0,269353.962372287,0.0,0.0
9260.0,Asia,South-Central Asia,india,Barbil,13,13,100.0,56078.307911438,0.0,0.0
9271.0,Asia,South-Central Asia,india,Sultanganj,9,9,100.0,122779.28926553999,19726.15036552,16.06635002004077
9272.0,Asia,South-Central Asia,india,Giridih,62,62,100.0,363256.06340082496,39736.15603948999,10.93888307533747
9278.0,Asia,South-Central Asia,india,Bokaro,373,373,100.0,838634.80979508,170605.209984369,20.343206362499583
9281.0,Asia,South-Central Asia,india,Forbesganj,49,49,100.0,189799.65363849603,33693.87810138,17.752339087802245
9284.0,Asia,South-Central Asia,india,Dhanbad,234,234,100.0,2000832.598877338,439793.04202282196,21.980501630650593
9290.0,Asia,South-Central Asia,india,Angul,60,60,100.0,158564.892577361,0.0,0.0
9316.0,Asia,South-Central Asia,india,Talcher,33,33,100.0,79875.19565240399,2225.50505378,2.7862279842979256
9319.0,Asia,South-Central Asia,india,Chaibasa,60,60,100.0,113289.440779659,10758.207432842,9.496213732545518
9323.0,Asia,South-Central Asia,india,Bhagalpur,133,133,100.0,339921.80474546994,44117.96351695101,12.97885657849637
9340.0,Asia,South-Central Asia,india,Naugachia,21,21,100.0,164103.59547270098,15538.059715112002,9.468445630550974
9341.0,Asia,South-Central Asia,india,Deoghar,138,138,100.0,354337.666950249,17795.80130576,5.022271964176653
9345.0,Asia,South-Central Asia,india,Brahmapur,353,353,100.0,578944.787588057,32328.029419470997,5.583957246450541
9349.0,Asia,South-Central Asia,india,Araria,42,42,100.0,155976.810872982,74103.453690906,47.50927607517975
9351.0,Asia,South-Central Asia,india,Madhupur,18,18,100.0,99587.993315232,1032.81443416,1.037087303175965
9352.0,Asia,South-Central Asia,india,Kendujhargarh,38,38,100.0,74738.84817082499,0.0,0.0
9359.0,Asia,South-Central Asia,india,Jamshedpur,529,529,100.0,1979056.952568352,200812.906248396,10.146898803886767
9371.0,Asia,South-Central Asia,india,Sindri,23,23,100.0,35043.652668644005,2059.32030328,5.876443083008346
9373.0,Asia,South-Central Asia,india,Santaldih,10,10,100.0,29273.171188679,0.0,0.0
9374.0,Asia,South-Central Asia,india,Puruliya,71,71,100.0,321316.51169662306,134441.020450564,41.84068217991206
9383.0,Asia,South-Central Asia,india,Purnia,151,151,100.0,313178.217880222,3517.526300637,1.1231708017389355
9384.0,Asia,South-Central Asia,india,Kahalgaon,20,20,100.0,111460.144556051,23488.077985958,21.073073320971993
9388.0,Asia,South-Central Asia,india,Chhatrapur,51,51,100.0,81691.28899558299,7927.689676522999,9.704449242992904
9397.0,Asia,South-Central Asia,india,Purnea,20,20,100.0,101148.365731715,0.0,0.0
9402.0,Asia,South-Central Asia,india,Asansol,323,323,100.0,3158953.192453533,688364.6036287001,21.790908623563777
9413.0,Asia,South-Central Asia,india,Jamtara,12,12,100.0,46907.819590902,1774.06577481,3.7820256628472424
9420.0,Asia,South-Central Asia,india,Godda,39,39,100.0,158330.677574214,39749.440270463,25.105330741625437
9424.0,Asia,South-Central Asia,india,Dhenkanal,69,69,100.0,146182.91991492902,7764.9122242290005,5.311778030393552
9428.0,Asia,South-Central Asia,india,Katihar,162,162,100.0,377398.189882718,134325.64383285906,35.59255116581315
9431.0,Asia,South-Central Asia,india,Adra,30,30,100.0,43803.003608046994,0.0,0.0
9448.0,Asia,South-Central Asia,india,Kishanganj,94,94,100.0,195902.65471462,10660.428739266,5.441696925851012
9463.0,Asia,South-Central Asia,india,Siliguri,417,417,100.0,523370.8488617339,18105.026525693,3.4593112255046616
9465.0,Asia,South-Central Asia,india,Sahibganj,30,30,100.0,120542.979387193,22208.110853434002,18.42339634073578
9469.0,Asia,South-Central Asia,india,Dumka,31,31,100.0,175407.930689755,45653.02806886,26.02677535122786
9473.0,Asia,South-Central Asia,india,Jatani Town,65,65,100.0,66137.342086649,0.0,0.0
9474.0,Asia,South-Central Asia,india,Cuttack,427,427,100.0,801776.9598135431,202873.03716755,25.302926790853284
9475.0,Asia,South-Central Asia,india,Islampur,34,34,100.0,124055.64415373097,11342.490519087998,9.14306688459275
9478.0,Asia,South-Central Asia,india,Bhubaneshwar,876,876,100.0,1149436.3339647101,2558.819826317,0.22261518543536496
9482.0,Asia,South-Central Asia,india,Choudwar,58,58,100.0,158040.301053233,1003.62756854,0.6350453408728615
9484.0,Asia,South-Central Asia,india,Raniganj,47,47,100.0,215359.245336106,52433.991728774,24.347221149916983
9494.0,Asia,South-Central Asia,india,Bankura,77,77,100.0,311658.518566418,57643.88642327,18.495848176530888
9497.0,Asia,South-Central Asia,india,N/A,5,5,100.0,54199.43715740399,0.0,0.0
9505.0,Asia,South-Central Asia,india,Raiganj,217,217,100.0,339733.890582802,31767.431212256,9.350680662962429
9508.0,Asia,South-Central Asia,india,Puri,219,219,100.0,326321.217571854,32182.853200025,9.862323216215179
9515.0,Asia,South-Central Asia,india,Waria,94,94,100.0,162413.73195467296,1760.844615344,1.084172252033112
9524.0,Asia,South-Central Asia,india,Jalpaiguri,237,237,100.0,581719.439105395,104832.204128259,18.021093517087312
9529.0,Asia,South-Central Asia,india,Durgapur,97,97,100.0,183946.820719209,1154.37159741,0.6275572433905364
9534.0,Asia,South-Central Asia,india,Siuri,24,24,100.0,470536.68410131,40540.21223168,8.615738921420927
9536.0,Asia,South-Central Asia,india,Baripada,52,52,100.0,152892.557771103,0.0,0.0
9547.0,Asia,South-Central Asia,india,Kaliyaganj,18,18,100.0,78259.12870235501,15010.357622107,19.180328060124825
9550.0,Asia,South-Central Asia,india,Dhulian,67,67,100.0,373793.14307233103,70895.001612977,18.96637295972506
9551.0,Asia,South-Central Asia,india,Jhargram,16,16,100.0,88487.802762674,0.0,0.0
9553.0,Asia,South-Central Asia,india,Bhadrak,41,41,100.0,277331.478254153,9658.08398829,3.482505501751629
9555.0,Asia,South-Central Asia,india,Kallachak,9,9,100.0,47995.20911357,0.0,0.0
9559.0,Asia,South-Central Asia,india,Malda,90,90,100.0,125252.152266613,7458.852421836,5.955069263767229
9560.0,Asia,South-Central Asia,india,Sujapur,20,20,100.0,65478.813639656,2355.256329139,3.5969746521378387
9561.0,Asia,South-Central Asia,india,Bishnupur,19,19,100.0,79123.492036272,1601.551282019,2.0241160252189228
9562.0,Asia,South-Central Asia,india,Aurangabad,48,48,100.0,274993.949600667,28507.13186134,10.366457844885929
9563.0,Asia,South-Central Asia,india,Sonamukhi,18,18,100.0,48440.368018927,6278.3575548300005,12.961003005544613
9565.0,Asia,South-Central Asia,india,Rampur Hat,38,38,100.0,107240.243016713,2354.41127017,2.1954549933303245
9569.0,Asia,South-Central Asia,india,Kendrapara,55,55,100.0,186999.83589004495,49043.888593050004,26.226701408383903
9573.0,Asia,South-Central Asia,india,Dhupguri,40,40,100.0,283746.584282457,20149.72733781,7.101310977457212
9582.0,Asia,South-Central Asia,india,Bolpur,27,27,100.0,146209.70672558402,0.0,0.0
9586.0,Asia,South-Central Asia,india,Jangipur,60,60,100.0,326093.56497114105,29918.318573835,9.174765094331972
9589.0,Asia,South-Central Asia,india,Chandrakona Road,35,35,100.0,69838.71222201499,0.0,0.0
9594.0,Asia,South-Central Asia,india,Balasore,70,70,100.0,196448.96715515506,7392.25084163,3.7629369849481633
9598.0,Asia,South-Central Asia,india,Kharagpur,123,123,100.0,759170.7316713261,152499.88403582203,20.087692751285495
9601.0,Asia,South-Central Asia,india,Medinipur,72,72,100.0,177307.6354788,0.0,0.0
9606.0,Asia,South-Central Asia,india,Falakata,14,14,100.0,115421.009495365,7267.063395433001,6.296135709785858
9609.0,Asia,South-Central Asia,india,Kandi,37,37,100.0,100194.22804074598,4543.317421259,4.534510131073988
9610.0,Asia,South-Central Asia,india,Lalgola,17,17,100.0,146015.470137741,0.0,0.0
9612.0,Asia,South-Central Asia,india,Jaigaon,79,79,100.0,191261.974235516,33978.475944977,17.76541107075294
9615.0,Asia,South-Central Asia,india,Matabhanga,23,23,100.0,95627.90199361,36788.93237605,38.470918643084204
9616.0,Asia,South-Central Asia,india,Bardhaman,94,94,100.0,217906.38031880898,0.0,0.0
9617.0,Asia,South-Central Asia,india,Jiaganj,26,26,100.0,78597.685461977,17564.942424403,22.34791307296237
9619.0,Asia,South-Central Asia,india,Berhampore,93,93,100.0,1212720.6956754029,454092.335532559,37.44409880625155
9620.0,Asia,South-Central Asia,india,Murshidabad,9,9,100.0,62350.00059559,0.0,0.0
9625.0,Asia,South-Central Asia,india,N/A,4,4,100.0,72267.30962797,0.0,0.0
9629.0,Asia,South-Central Asia,india,Balurghat,114,114,100.0,312755.749217764,124418.89954083899,39.78149078059288
9631.0,Asia,South-Central Asia,india,Ghatal,6,6,100.0,81646.08082133,0.0,0.0
9632.0,Asia,South-Central Asia,india,Cooch Behar,25,25,100.0,65467.597043378,0.0,0.0
9638.0,Asia,South-Central Asia,india,Katwa,23,23,100.0,183960.20211748,35681.68441761,19.39641509788247
9647.0,Asia,South-Central Asia,india,Cooch Behar,231,231,100.0,390994.814521719,54771.675016418,14.00828680641634
9653.0,Asia,South-Central Asia,india,Tamluk,75,75,100.0,1508909.1047673896,87075.80532152,5.7707787067096685
9655.0,Asia,South-Central Asia,india,Panskura,15,15,100.0,120086.05913214601,0.0,0.0
9656.0,Asia,South-Central Asia,india,Notun Digha,48,48,100.0,231214.430317348,0.0,0.0
9658.0,Asia,South-Central Asia,india,N/A,7,7,100.0,98326.20493203,0.0,0.0
9660.0,Asia,South-Central Asia,india,Alipurduar,83,83,100.0,147759.844058388,0.0,0.0
9677.0,Asia,South-Central Asia,india,Dinhata,18,18,100.0,145141.622115581,15424.20939707,10.627006348866075
9683.0,Asia,South-Central Asia,india,N/A,8,8,100.0,222799.963777747,0.0,0.0
9685.0,Asia,South-Central Asia,india,N/A,7,7,100.0,64037.423635866,0.0,0.0
9687.0,Asia,South-Central Asia,india,Bethuadahari,10,10,100.0,104528.870985255,0.0,0.0
9690.0,Asia,South-Central Asia,india,Contai,67,67,100.0,228387.23436324898,5752.218940106999,2.5186254197369538
9691.0,Asia,South-Central Asia,india,Kolkata,7726,7726,100.0,23858548.78192466,5243360.232073388,21.97686154342204
9692.0,Asia,South-Central Asia,india,Nabadwip,66,66,100.0,89139.65033960201,14880.444441902999,16.69340678947231
9694.0,Asia,South-Central Asia,india,Tufanganj,28,28,100.0,118478.92519532901,7876.709820136,6.648194864318821
9697.0,Asia,South-Central Asia,india,Karimpur,9,9,100.0,82747.858830707,24167.348037,29.206010135493333
9698.0,Asia,South-Central Asia,india,Kalna,44,44,100.0,178576.03073417,28708.778468501,16.076501616970738
9701.0,Asia,South-Central Asia,india,Pandua,7,7,100.0,103744.49169051,0.0,0.0
9703.0,Asia,South-Central Asia,india,Masat,21,21,100.0,86807.79224565,0.0,0.0
9707.0,Asia,South-Central Asia,india,Krishnanagar,284,284,100.0,854292.906837241,331584.59465612203,38.81392342161811
9711.0,Asia,South-Central Asia,india,Shantipur,74,74,100.0,155825.06258173604,30635.575610365,19.66023635915147
9715.0,Asia,South-Central Asia,india,N/A,10,10,100.0,36464.699275926,0.0,0.0
9724.0,Asia,South-Central Asia,india,Badkulla,8,8,100.0,119648.436504286,0.0,0.0
9725.0,Asia,South-Central Asia,india,Balagarh,4,4,100.0,40494.79880175,0.0,0.0
9727.0,Asia,South-Central Asia,india,Gossaigaon,10,10,100.0,58447.628535276,0.0,0.0
9729.0,Asia,South-Central Asia,india,Haldia,68,68,100.0,161717.70097852702,0.0,0.0
9733.0,Asia,South-Central Asia,india,Ranaghat,25,25,100.0,150880.300455704,26823.101632634,17.77773609385728
9734.0,Asia,South-Central Asia,india,Chakdaha,12,12,100.0,108252.440014673,0.0,0.0
9739.0,Asia,South-Central Asia,india,Dhubri,76,76,100.0,316507.41143026995,85714.950846933,27.081498805855592
9747.0,Asia,South-Central Asia,india,Kulpi,7,7,100.0,69351.469490108,0.0,0.0
9748.0,Asia,South-Central Asia,india,Kakdwip,21,21,100.0,97457.43266055999,1623.05108871,1.6653948748711824
9756.0,Asia,South-Central Asia,india,Jaynagar Majilpur,27,27,100.0,457260.301929419,0.0,0.0
9760.0,Asia,South-Central Asia,india,Habra,91,91,100.0,285467.437159322,58765.924943959995,20.58585929405398
9762.0,Asia,South-Central Asia,india,Hatisala,28,28,100.0,423247.0799927439,11453.8783103,2.7061919270645327
9766.0,Asia,South-Central Asia,india,Mankachar,35,35,100.0,116969.403608861,40262.723670304,34.42158584046496
9768.0,Asia,South-Central Asia,india,Bilasipara,28,28,100.0,171600.92678989298,8169.809051699,4.760935272629418
9773.0,Asia,South-Central Asia,india,Bangaon,28,28,100.0,218774.170728065,77754.778813996,35.54111463672041
9790.0,Asia,South-Central Asia,india,Canning,124,124,100.0,409966.476930058,933.784790462,0.2277710112920544
9792.0,Asia,South-Central Asia,india,N/A,8,8,100.0,29802.73653027,0.0,0.0
9793.0,Asia,South-Central Asia,india,N/A,2,2,100.0,55127.714972129004,0.0,0.0
9797.0,Asia,South-Central Asia,india,N/A,11,11,100.0,72804.68727203699,0.0,0.0
9799.0,Asia,South-Central Asia,india,Basirhat,26,26,100.0,237467.09513511998,45032.4320798,18.963651386806376
9801.0,Asia,South-Central Asia,india,Bongaigaon,113,113,100.0,198058.886940899,0.0,0.0
9810.0,Asia,South-Central Asia,india,N/A,45,45,100.0,67904.477528852,0.0,0.0
9818.0,Asia,South-Central Asia,india,Tura,5,5,100.0,88859.721040209,0.0,0.0
9876.0,Asia,South-Central Asia,india,N/A,6,6,100.0,67468.76406683,0.0,0.0
9889.0,Asia,South-Central Asia,india,Nalbari,91,91,100.0,146084.533376825,1774.099456402,1.2144334621829616
9903.0,Asia,South-Central Asia,india,Azara,42,42,100.0,135600.59794953204,0.0,0.0
9915.0,Asia,South-Central Asia,india,Guwahati,787,787,100.0,1366238.7266127309,58853.663897133,4.307714512166324
9929.0,Asia,South-Central Asia,india,Mangaldoi,22,22,100.0,140405.155211487,0.0,0.0
9937.0,Asia,South-Central Asia,india,Kharupetia,16,16,100.0,337174.212606,0.0,0.0
9955.0,Asia,South-Central Asia,india,Shillong,130,130,100.0,533155.5330923051,12709.172900445,2.383764607436732
9962.0,Asia,South-Central Asia,india,Dhing,42,42,100.0,462522.545493066,0.0,0.0
9975.0,Asia,South-Central Asia,india,Agartala,274,274,100.0,886307.2899292159,74101.12569298201,8.360658491131222
9976.0,Asia,South-Central Asia,india,Marigaon,54,54,100.0,109669.78517769798,1773.95817924,1.6175450479506774
9986.0,Asia,South-Central Asia,india,Bisalgarh,18,18,100.0,48815.931690727,0.0,0.0
9989.0,Asia,South-Central Asia,india,Tezpur,106,106,100.0,379077.857831115,0.0,0.0
9992.0,Asia,South-Central Asia,india,Nagaon,200,200,100.0,346522.56236667,5843.326420089999,1.686275889275842
9996.0,Asia,South-Central Asia,india,Jowai,5,5,100.0,75149.58773953,2367.03509772,3.1497645814428044
10340.0,Asia,South-Eastern Asia,indonesia,Banda Aceh,337,337,100.0,361650.32120177196,0.0,0.0
10386.0,Asia,South-Eastern Asia,indonesia,Sigli,65,65,100.0,70478.63044354,737.824392575,1.0468767453789651
10411.0,Asia,South-Eastern Asia,indonesia,Meulaboh,56,56,100.0,53093.917767439,0.0,0.0
10462.0,Asia,South-Eastern Asia,indonesia,Bireuen,128,128,100.0,119124.83478328801,624.121785522,0.523922477338502
10491.0,Asia,South-Eastern Asia,indonesia,Uteun Geulinggang,55,55,100.0,51635.85246406699,0.0,0.0
10515.0,Asia,South-Eastern Asia,indonesia,Lhokseumawe,68,68,100.0,68917.09294527001,743.854385198,1.079346724315151
10606.0,Asia,South-Eastern Asia,indonesia,Gunungsitoli,49,49,100.0,69642.747249856,2183.9298122729997,3.1359041659252114
10629.0,Asia,South-Eastern Asia,indonesia,Langsa,138,138,100.0,133929.807173846,0.0,0.0
10640.0,Asia,South-Eastern Asia,indonesia,Karang Baru,55,55,100.0,65398.139246388,0.0,0.0
10668.0,Asia,South-Eastern Asia,indonesia,Pangkalan Brandan,81,81,100.0,88748.09964416901,906.041022116,1.0209131527871869
10683.0,Asia,South-Eastern Asia,indonesia,Sidikalang,58,58,100.0,73257.11118971302,1430.73505251,1.9530323121871997
10692.0,Asia,South-Eastern Asia,indonesia,Medan,3572,3572,100.0,4519246.55646709,46987.94286867401,1.0397295717675277
10694.0,Asia,South-Eastern Asia,indonesia,Stabat,99,99,100.0,115810.031391283,0.0,0.0
10709.0,Asia,South-Eastern Asia,indonesia,Lepar Samura,71,71,100.0,94559.880709653,0.0,0.0
10748.0,Asia,South-Eastern Asia,indonesia,Sibolga,63,63,100.0,76416.89606873799,0.0,0.0
10749.0,Asia,South-Eastern Asia,indonesia,Lubuk Pakam,109,109,100.0,115665.278860672,0.0,0.0
10754.0,Asia,South-Eastern Asia,indonesia,Pandan,59,59,100.0,92473.426960796,536.08915855,0.5797223874673471
10772.0,Asia,South-Eastern Asia,indonesia,Tarutung,45,45,100.0,64911.85687250899,561.36675865,0.864813896408109
10777.0,Asia,South-Eastern Asia,indonesia,Pematang Siantar,359,359,100.0,459325.133588823,4254.263501259,0.926198718545917
10798.0,Asia,South-Eastern Asia,indonesia,Tebing Tinggi,214,214,100.0,265252.110544688,0.0,0.0
10823.0,Asia,South-Eastern Asia,indonesia,Padang Sidempuan,203,203,100.0,250302.04262118798,6198.013333467,2.4762136451467938
10873.0,Asia,South-Eastern Asia,indonesia,Kisaran,185,185,100.0,182912.943539205,0.0,0.0
10876.0,Asia,South-Eastern Asia,indonesia,Panyabungan,104,104,100.0,118813.48918868901,8837.619004262,7.438228659564808
10882.0,Asia,South-Eastern Asia,indonesia,Tanjung Balai,193,193,100.0,275767.341766024,8439.328299866,3.0603073757103494
10883.0,Asia,South-Eastern Asia,indonesia,Gunung Tua,35,35,100.0,50372.656032425,3179.161561602,6.311284359426204
10907.0,Asia,South-Eastern Asia,indonesia,Rantau Prapat,166,166,100.0,199716.766737986,0.0,0.0
10988.0,Asia,South-Eastern Asia,indonesia,Padang,827,827,100.0,1155634.785145618,4871.9695738380005,0.42158384607850813
10994.0,Asia,South-Eastern Asia,indonesia,Bagan Batu,40,40,100.0,49456.791339143994,0.0,0.0
10995.0,Asia,South-Eastern Asia,indonesia,Bukittinggi,261,261,100.0,323012.314609676,4864.897787103,1.5061028843379178
11024.0,Asia,South-Eastern Asia,indonesia,Ujung Batu,64,64,100.0,76211.003550525,0.0,0.0
11040.0,Asia,South-Eastern Asia,indonesia,Payakumbuh,88,88,100.0,107422.802583804,0.0,0.0
11045.0,Asia,South-Eastern Asia,indonesia,Solok,71,71,100.0,70567.133489437,0.0,0.0
11062.0,Asia,South-Eastern Asia,indonesia,Bagan Siapi-api,119,119,100.0,156877.244218323,17555.182286706,11.190394358454432
11096.0,Asia,South-Eastern Asia,indonesia,Bangkinang,106,106,100.0,129718.62171653999,5088.62754373,3.922819620185007
11119.0,Asia,South-Eastern Asia,indonesia,Duri,268,268,100.0,318395.444734126,3186.49114835,1.0007967139765013
11145.0,Asia,South-Eastern Asia,indonesia,Semurup,55,55,100.0,55570.85733845699,0.0,0.0
11146.0,Asia,South-Eastern Asia,indonesia,Pekanbaru,978,978,100.0,1095975.077003764,0.0,0.0
11149.0,Asia,South-Eastern Asia,indonesia,Dumai,301,301,100.0,321201.07110633596,10050.20998097,3.1289465960849188
11178.0,Asia,South-Eastern Asia,indonesia,Perawang,69,69,100.0,152839.620961629,0.0,0.0
11217.0,Asia,South-Eastern Asia,indonesia,Pangkalan Kerinci,105,105,100.0,129057.93877012798,2691.624809922,2.085594141338486
11251.0,Asia,South-Eastern Asia,indonesia,Muara Bungo,152,152,100.0,191174.14392423502,0.0,0.0
11252.0,Asia,South-Eastern Asia,indonesia,Bengkalis,82,82,100.0,83703.800308874,0.0,0.0
11253.0,Asia,South-Eastern Asia,indonesia,Arga Makmur,45,45,100.0,50289.571009994994,0.0,0.0
11268.0,Asia,South-Eastern Asia,indonesia,Bengkulu,288,288,100.0,415350.375638865,686.401543464,0.1652584381098059
11290.0,Asia,South-Eastern Asia,indonesia,Bangko,69,69,100.0,110316.95089857899,0.0,0.0
11304.0,Asia,South-Eastern Asia,indonesia,Curup,141,141,100.0,160375.95206807202,0.0,0.0
11350.0,Asia,South-Eastern Asia,indonesia,Selatpanjang,129,129,100.0,138877.528542978,7302.053112773,5.2579083091281085
11351.0,Asia,South-Eastern Asia,indonesia,Manna,83,83,100.0,77578.44861937701,0.0,0.0
11356.0,Asia,South-Eastern Asia,indonesia,Lubuklinggau,118,118,100.0,151373.458614312,0.0,0.0
11406.0,Asia,South-Eastern Asia,indonesia,Pagar Alam,50,50,100.0,61379.9604879,407.389224213,0.6637169867408268
11423.0,Asia,South-Eastern Asia,indonesia,Tembilahan,174,174,100.0,191262.391505795,29260.131879832996,15.29842414364376
11462.0,Asia,South-Eastern Asia,indonesia,Tanjung Balai Karimun,144,144,100.0,171828.410647649,12324.348691841,7.17247435705687
11466.0,Asia,South-Eastern Asia,indonesia,Lahat,105,105,100.0,122619.466672154,0.0,0.0
11489.0,Asia,South-Eastern Asia,indonesia,Jambi,702,702,100.0,854382.525355185,555.642872439,0.06503443784831713
11509.0,Asia,South-Eastern Asia,indonesia,Muara Enim,61,61,100.0,86529.681857384,0.0,0.0
11511.0,Asia,South-Eastern Asia,indonesia,Tanjung Enim,75,75,100.0,103009.72571836601,1599.73988995,1.5529988831576667
11547.0,Asia,South-Eastern Asia,indonesia,Batam City,742,742,100.0,1324384.6607716419,11696.499724414001,0.883164844086848
11565.0,Asia,South-Eastern Asia,indonesia,Baturaja,79,79,100.0,96796.81673985902,519.644323592,0.5368403022885987
11585.0,Asia,South-Eastern Asia,indonesia,Prabumulih,121,121,100.0,131832.924839608,0.0,0.0
11638.0,Asia,South-Eastern Asia,indonesia,Tanjung Pinang,42,42,100.0,112841.548277428,0.0,0.0
11644.0,Asia,South-Eastern Asia,indonesia,Sidogede,71,71,100.0,81618.09991454698,0.0,0.0
11647.0,Asia,South-Eastern Asia,indonesia,Kalibening,26,26,100.0,36842.906706202004,0.0,0.0
11653.0,Asia,South-Eastern Asia,indonesia,Palembang,1447,1447,100.0,2251500.70865157,51599.509165387,2.291782941356038
11670.0,Asia,South-Eastern Asia,indonesia,Kotabumi,166,166,100.0,188913.417995941,1934.2202905959998,1.0238660181552368
11678.0,Asia,South-Eastern Asia,indonesia,Pringsewu,95,95,100.0,97122.435267834,0.0,0.0
11686.0,Asia,South-Eastern Asia,indonesia,Tebing Suluh,22,22,100.0,26449.692408033,0.0,0.0
11695.0,Asia,South-Eastern Asia,indonesia,Gedong Tataan,79,79,100.0,84295.32928748298,0.0,0.0
11715.0,Asia,South-Eastern Asia,indonesia,Tanjungsari,95,95,100.0,117995.74808410901,0.0,0.0
11719.0,Asia,South-Eastern Asia,indonesia,Bandar Lampung,903,903,100.0,1223623.3477785932,27880.925031174997,2.2785545144909958
11723.0,Asia,South-Eastern Asia,indonesia,Gunung Sugih,146,146,100.0,141852.539651104,0.0,0.0
11742.0,Asia,South-Eastern Asia,indonesia,Metro,171,171,100.0,178766.39416916302,0.0,0.0
11753.0,Asia,South-Eastern Asia,indonesia,Sri Tejo Kencono,59,59,100.0,52266.61823052899,0.0,0.0
11758.0,Asia,South-Eastern Asia,indonesia,Muntok,47,47,100.0,61861.588183099,0.0,0.0
11785.0,Asia,South-Eastern Asia,indonesia,Kalianda,37,37,100.0,45112.949116888,0.0,0.0
11807.0,Asia,South-Eastern Asia,indonesia,Mekarjaya,26,26,100.0,34984.66409407501,682.204085898,1.9500089641093277
11817.0,Asia,South-Eastern Asia,indonesia,Mekarjaya,46,46,100.0,106492.20588067401,14017.750307289001,13.163170197635013
11834.0,Asia,South-Eastern Asia,indonesia,Cilegon,356,356,100.0,720464.564570939,4415.317004077,0.6128430489439088
11852.0,Asia,South-Eastern Asia,indonesia,Pandeglang,133,133,100.0,270552.31791489106,7411.214661653999,2.7392907659306696
11862.0,Asia,South-Eastern Asia,indonesia,Jakarta,23832,23832,100.0,41328614.63847742,2569033.436466016,6.216113119054844
11874.0,Asia,South-Eastern Asia,indonesia,Rangkasbitung,141,141,100.0,320176.36750622,22874.155886028,7.144236179637345
11903.0,Asia,South-Eastern Asia,indonesia,Palabuhanratu,84,84,100.0,159378.10394160598,11348.261945069,7.120339409500601
11916.0,Asia,South-Eastern Asia,indonesia,Pangkalpinang,277,277,100.0,290079.358007794,0.0,0.0
11952.0,Asia,South-Eastern Asia,indonesia,Bojong,46,46,100.0,82733.928729569,0.0,0.0
11960.0,Asia,South-Eastern Asia,indonesia,Toboali,81,81,100.0,96719.954247212,0.0,0.0
12020.0,Asia,South-Eastern Asia,indonesia,Cipeuyeum,76,76,100.0,125500.710320387,0.0,0.0
12032.0,Asia,South-Eastern Asia,indonesia,Citeko Kaler,80,80,100.0,123314.019577991,0.0,0.0
12035.0,Asia,South-Eastern Asia,indonesia,Ciwidey,54,54,100.0,78451.25679800402,3504.694739925,4.4673532113690335
12044.0,Asia,South-Eastern Asia,indonesia,Bandung,4519,4519,100.0,8678447.815293789,1956213.3124839908,22.541050590136756
12050.0,Asia,South-Eastern Asia,indonesia,Purwakarta,304,304,100.0,529183.894147899,3236.037982941,0.6115148285364436
12071.0,Asia,South-Eastern Asia,indonesia,Mandalakasih,24,24,100.0,49846.694952769,1145.68649135,2.2984201709573058
12082.0,Asia,South-Eastern Asia,indonesia,Cikajang,109,109,100.0,154510.76287733906,2637.544685473,1.7070297475437737
12090.0,Asia,South-Eastern Asia,indonesia,Garut,656,656,100.0,1385034.127996965,210201.10601814097,15.17660119481197
12093.0,Asia,South-Eastern Asia,indonesia,Subang,186,186,100.0,250507.44943582598,4863.878933617,1.9416104968419352
12103.0,Asia,South-Eastern Asia,indonesia,Cikembulan,98,98,100.0,213953.433558879,13855.415495598001,6.475902379844283
12110.0,Asia,South-Eastern Asia,indonesia,Haurgeulis,163,163,100.0,166359.593647718,0.0,0.0
12118.0,Asia,South-Eastern Asia,indonesia,Sumedang,129,129,100.0,198685.509174326,24470.018341035004,12.315955221256267
12122.0,Asia,South-Eastern Asia,indonesia,Malangbong,70,70,100.0,102685.13478593699,3663.5800230610002,3.5677803127962955
12127.0,Asia,South-Eastern Asia,indonesia,Sumuradem,107,107,100.0,120837.485880862,0.0,0.0
12128.0,Asia,South-Eastern Asia,indonesia,Serang,48,48,100.0,67449.731585133,3408.47830386,5.053360812204155
12136.0,Asia,South-Eastern Asia,indonesia,Tasikmalaya,1446,1446,100.0,2884283.940601892,323937.655987344,11.231129204281626
12138.0,Asia,South-Eastern Asia,indonesia,Tanjung Pandan,107,107,100.0,108899.19985409701,0.0,0.0
12159.0,Asia,South-Eastern Asia,indonesia,Jatiwangi,229,229,100.0,297011.40205998207,14822.033603128,4.990392119739114
12165.0,Asia,South-Eastern Asia,indonesia,Majalengka,87,87,100.0,103644.02135848897,0.0,0.0
12174.0,Asia,South-Eastern Asia,indonesia,Jatibarang,148,148,100.0,142298.99776086299,3560.3559801379997,2.5020246355643816
12178.0,Asia,South-Eastern Asia,indonesia,Indramayu,259,259,100.0,265832.13636592,3189.393425491,1.1997772237367024
12179.0,Asia,South-Eastern Asia,indonesia,Cirebon,1378,1378,100.0,1815788.21242094,97778.64834213,5.38491480852629
12189.0,Asia,South-Eastern Asia,indonesia,Arjawinangun,156,156,100.0,153771.951374161,24328.048605327996,15.820862249535029
12197.0,Asia,South-Eastern Asia,indonesia,Singaraja,33,33,100.0,66218.75426995,0.0,0.0
12199.0,Asia,South-Eastern Asia,indonesia,Kuningan,436,436,100.0,615653.518552304,2449.512297033,0.39787189112359417
12202.0,Asia,South-Eastern Asia,indonesia,Banjar,93,93,100.0,127107.85105734598,4229.01544221,3.327107969359058
12212.0,Asia,South-Eastern Asia,indonesia,Ciherang,75,75,100.0,77803.67606716501,4146.526644811,5.329473945718783
12213.0,Asia,South-Eastern Asia,indonesia,Langseb,39,39,100.0,45932.18299191301,0.0,0.0
12227.0,Asia,South-Eastern Asia,indonesia,Karangsembung,69,69,100.0,80021.120278914,0.0,0.0
12233.0,Asia,South-Eastern Asia,indonesia,Majenang,57,57,100.0,58799.827137779,2375.30803542,4.039651391923668
12235.0,Asia,South-Eastern Asia,indonesia,Babakan,331,331,100.0,358373.182926096,3576.2997070849997,0.9979261500218075
12253.0,Asia,South-Eastern Asia,indonesia,Tegal,1670,1670,100.0,2072913.0115750139,44364.390462138,2.1401954744077574
12256.0,Asia,South-Eastern Asia,indonesia,Cilacap,428,428,100.0,527966.30328005,14552.636414669001,2.756357048595547
12264.0,Asia,South-Eastern Asia,indonesia,Pagojengan,63,63,100.0,84314.162236284,3306.0733543809997,3.921136457616672
12266.0,Asia,South-Eastern Asia,indonesia,Wangon,169,169,100.0,189233.480975661,0.0,0.0
12269.0,Asia,South-Eastern Asia,indonesia,Maos,48,48,100.0,52323.70861480301,0.0,0.0
12271.0,Asia,South-Eastern Asia,indonesia,Ajibarang,50,50,100.0,60136.71745687901,1640.495711644,2.7279435609705773
12282.0,Asia,South-Eastern Asia,indonesia,Binangun,246,246,100.0,245763.27747527102,0.0,0.0
12287.0,Asia,South-Eastern Asia,indonesia,Purwokerto,958,958,100.0,1322465.983536952,14754.837811174999,1.1157064147474705
12309.0,Asia,South-Eastern Asia,indonesia,Pemalang,275,275,100.0,314529.400621766,25269.222410947,8.033977860573433
12314.0,Asia,South-Eastern Asia,indonesia,Klampok,81,81,100.0,102001.03856361701,0.0,0.0
12315.0,Asia,South-Eastern Asia,indonesia,Gombong,107,107,100.0,123427.15286699399,2149.343740608,1.7413864702235728
12321.0,Asia,South-Eastern Asia,indonesia,Pedurungan,36,36,100.0,37802.267950794994,0.0,0.0
12323.0,Asia,South-Eastern Asia,indonesia,Mandiraja,68,68,100.0,98750.743102426,1236.21817088,1.2518570818224353
12325.0,Asia,South-Eastern Asia,indonesia,Pemangkat,46,46,100.0,59532.35008217099,10427.823714814,17.516230587942086
12326.0,Asia,South-Eastern Asia,indonesia,Singkawang,155,155,100.0,162857.695617511,0.0,0.0
12327.0,Asia,South-Eastern Asia,indonesia,Panjunan,103,103,100.0,98059.71990254498,0.0,0.0
12330.0,Asia,South-Eastern Asia,indonesia,Kebumen,215,215,100.0,295837.716558749,12962.431951656,4.381602218418236
12334.0,Asia,South-Eastern Asia,indonesia,Pekalongan,1165,1165,100.0,1334795.009346857,11056.673972494,0.8283424716956547
12335.0,Asia,South-Eastern Asia,indonesia,Banjarnegara,155,155,100.0,192578.80784096703,1406.670949296,0.7304391199978966
12351.0,Asia,South-Eastern Asia,indonesia,Pontianak,713,713,100.0,848638.587859591,6410.800439029001,0.7554217461638311
12354.0,Asia,South-Eastern Asia,indonesia,Purworejo,214,214,100.0,248588.170394048,4541.882211824,1.8270709360885768
12365.0,Asia,South-Eastern Asia,indonesia,Wonosobo,240,240,100.0,319293.827048418,14250.969040840999,4.463277343185206
12371.0,Asia,South-Eastern Asia,indonesia,Rowosari,45,45,100.0,46896.615713984,0.0,0.0
12375.0,Asia,South-Eastern Asia,indonesia,Wates,89,89,100.0,100123.42059334199,0.0,0.0
12379.0,Asia,South-Eastern Asia,indonesia,Temanggung,281,281,100.0,353299.568920501,3611.875489648,1.0223266053462803
12384.0,Asia,South-Eastern Asia,indonesia,Semarang,2734,2734,100.0,3536234.5581150427,120498.89100015302,3.407548029404018
12394.0,Asia,South-Eastern Asia,indonesia,Yogyakarta,4623,4623,100.0,4970575.816738557,191815.001690507,3.859009675389408
12395.0,Asia,South-Eastern Asia,indonesia,Magelang,585,585,100.0,694636.797255593,24227.133487149003,3.48774115953356
12415.0,Asia,South-Eastern Asia,indonesia,Salatiga,281,281,100.0,317688.52644625097,0.0,0.0
12416.0,Asia,South-Eastern Asia,indonesia,Wonosari,105,105,100.0,94971.532059023,0.0,0.0
12418.0,Asia,South-Eastern Asia,indonesia,Ketapang,152,152,100.0,158211.675453942,0.0,0.0
12422.0,Asia,South-Eastern Asia,indonesia,Ngabang,38,38,100.0,53983.932072660005,0.0,0.0
12435.0,Asia,South-Eastern Asia,indonesia,Combongan,67,67,100.0,70622.09351967499,0.0,0.0
12438.0,Asia,South-Eastern Asia,indonesia,Demak,110,110,100.0,103485.81536647501,0.0,0.0
12444.0,Asia,South-Eastern Asia,indonesia,Pati,1506,1506,100.0,1653386.582321394,7449.995337853001,0.45059004454923246
12445.0,Asia,South-Eastern Asia,indonesia,Sukoharjo,89,89,100.0,93565.16708442,0.0,0.0
12452.0,Asia,South-Eastern Asia,indonesia,Wonokarto,117,117,100.0,125715.904429259,0.0,0.0
12467.0,Asia,South-Eastern Asia,indonesia,Purwodadi,191,191,100.0,208621.879368795,0.0,0.0
12468.0,Asia,South-Eastern Asia,indonesia,Sragen,143,143,100.0,152123.983455627,0.0,0.0
12469.0,Asia,South-Eastern Asia,indonesia,Pacitan,163,163,100.0,179385.03112293698,3674.0142471249997,2.048116403094474
12483.0,Asia,South-Eastern Asia,indonesia,Sanggau,48,48,100.0,60188.160177688,0.0,0.0
12484.0,Asia,South-Eastern Asia,indonesia,Alasdowo,33,33,100.0,33738.740180401,0.0,0.0
12491.0,Asia,South-Eastern Asia,indonesia,Juwana,100,100,100.0,105152.84393656299,0.0,0.0
12499.0,Asia,South-Eastern Asia,indonesia,Madiun,886,886,100.0,903509.692749539,32988.324698022,3.6511312454914258
12507.0,Asia,South-Eastern Asia,indonesia,Kepuh Rubuh,82,82,100.0,79773.799735729,0.0,0.0
12508.0,Asia,South-Eastern Asia,indonesia,Rembang,70,70,100.0,85232.36782259602,0.0,0.0
12509.0,Asia,South-Eastern Asia,indonesia,Ngawi,68,68,100.0,77904.61955512,0.0,0.0
12511.0,Asia,South-Eastern Asia,indonesia,Blora,113,113,100.0,126487.186992049,0.0,0.0
12517.0,Asia,South-Eastern Asia,indonesia,Trenggalek,270,270,100.0,305934.154175887,0.0,0.0
12520.0,Asia,South-Eastern Asia,indonesia,Purworejo,84,84,100.0,116847.38937345699,521.993462488,0.44673095846382327
12531.0,Asia,South-Eastern Asia,indonesia,Tulungagung,684,684,100.0,640696.634559831,13557.018898051001,2.115980975515018
12535.0,Asia,South-Eastern Asia,indonesia,Nganjuk,264,264,100.0,264691.947912627,520.857928992,0.196778909634203
12544.0,Asia,South-Eastern Asia,indonesia,Bojonegoro,205,205,100.0,225787.074513017,3203.235918156,1.4186976491301888
12546.0,Asia,South-Eastern Asia,indonesia,Gembongan,294,294,100.0,268509.955544965,604.091717368,0.22497926236736426
12548.0,Asia,South-Eastern Asia,indonesia,Kediri,440,440,100.0,451469.709206756,1654.6158395520001,0.3664954272257165
12552.0,Asia,South-Eastern Asia,indonesia,Kertosono,266,266,100.0,269944.222716542,0.0,0.0
12559.0,Asia,South-Eastern Asia,indonesia,Blitar,403,403,100.0,416605.326545395,11934.770324787998,2.86476661826539
12562.0,Asia,South-Eastern Asia,indonesia,Kunjang,155,155,100.0,150371.659106709,0.0,0.0
12565.0,Asia,South-Eastern Asia,indonesia,Sintang,92,92,100.0,126947.306572947,0.0,0.0
12567.0,Asia,South-Eastern Asia,indonesia,Perak,54,54,100.0,58259.179310249,0.0,0.0
12568.0,Asia,South-Eastern Asia,indonesia,Pare,314,314,100.0,298962.393622227,13678.520459661999,4.575331463577444
12570.0,Asia,South-Eastern Asia,indonesia,Tuban,173,173,100.0,191672.16070592002,1167.28268858,0.6089995982102722
12576.0,Asia,South-Eastern Asia,indonesia,Jombang,593,593,100.0,658017.810369091,4175.0567519119995,0.6344899311418568
12577.0,Asia,South-Eastern Asia,indonesia,Babat,83,83,100.0,88923.790941301,5330.8670046550005,5.994871505392668
12587.0,Asia,South-Eastern Asia,indonesia,Sungai Tendang,21,21,100.0,20113.747760416998,0.0,0.0
12592.0,Asia,South-Eastern Asia,indonesia,Slorok,46,46,100.0,56233.314397126,0.0,0.0
12601.0,Asia,South-Eastern Asia,indonesia,Mojokerto,594,594,100.0,674227.611710981,3870.286013763,0.574032559114779
12606.0,Asia,South-Eastern Asia,indonesia,Tegalsari,110,110,100.0,119267.74496536299,0.0,0.0
12609.0,Asia,South-Eastern Asia,indonesia,Lamongan,69,69,100.0,75452.07313186699,10468.459260595999,13.874316272662723
12610.0,Asia,South-Eastern Asia,indonesia,Surabaya,6345,6345,100.0,8591570.60702645,1072417.480263931,12.48220528371
12612.0,Asia,South-Eastern Asia,indonesia,Sukorejo,95,95,100.0,102095.070739004,508.538480731,0.4981028731847677
12621.0,Asia,South-Eastern Asia,indonesia,Tambakrejo,55,55,100.0,80616.335068485,0.0,0.0
12624.0,Asia,South-Eastern Asia,indonesia,Gresik,179,179,100.0,411030.78848712996,13608.521511167999,3.310827775519328
12631.0,Asia,South-Eastern Asia,indonesia,Tajungan,26,26,100.0,41193.114300294,0.0,0.0
12633.0,Asia,South-Eastern Asia,indonesia,Bangkalan,75,75,100.0,89159.02000543299,1082.1385024,1.2137173584165224
12634.0,Asia,South-Eastern Asia,indonesia,Langkap,26,26,100.0,32395.153106278995,0.0,0.0
12635.0,Asia,South-Eastern Asia,indonesia,Pasuruan,181,181,100.0,243595.736304884,0.0,0.0
12639.0,Asia,South-Eastern Asia,indonesia,Pasirian,54,54,100.0,58042.84385839801,0.0,0.0
12642.0,Asia,South-Eastern Asia,indonesia,Lumajang,222,222,100.0,263162.421301895,0.0,0.0
12644.0,Asia,South-Eastern Asia,indonesia,Probolinggo,301,301,100.0,392503.13555147196,18063.076669817998,4.602020986262732
12645.0,Asia,South-Eastern Asia,indonesia,Pandanwangi,92,92,100.0,92939.92567629801,1739.728321687,1.871884778288212
12649.0,Asia,South-Eastern Asia,indonesia,Sampang,89,89,100.0,94579.73187914699,8822.130431628,9.327717742846668
12650.0,Asia,South-Eastern Asia,indonesia,Jember,990,990,100.0,1216266.02913983,64076.60142668,5.268304786247822
12653.0,Asia,South-Eastern Asia,indonesia,Pamekasan,261,261,100.0,281433.56892822694,2875.033618445,1.0215674091025757
12655.0,Asia,South-Eastern Asia,indonesia,Sampit,237,237,100.0,217637.703709347,10301.008376737998,4.733099183262333
12663.0,Asia,South-Eastern Asia,indonesia,Besuki,48,48,100.0,54657.737764243,12185.815884202999,22.294768101754368
12664.0,Asia,South-Eastern Asia,indonesia,Bondowoso,129,129,100.0,183626.52571212198,4478.33332451,2.4388270197579445
12665.0,Asia,South-Eastern Asia,indonesia,Situbondo,136,136,100.0,180500.419187353,2519.9838611289997,1.3961097001737965
12666.0,Asia,South-Eastern Asia,indonesia,Sumenep,159,159,100.0,187537.34498105597,0.0,0.0
12669.0,Asia,South-Eastern Asia,indonesia,Genteng,65,65,100.0,83419.87386958001,454.523643953,0.5448625403864906
12671.0,Asia,South-Eastern Asia,indonesia,Sembulung,58,58,100.0,58639.271954676,0.0,0.0
12672.0,Asia,South-Eastern Asia,indonesia,Muncar,157,157,100.0,172009.61491807402,8426.990965764,4.899139486927908
12675.0,Asia,South-Eastern Asia,indonesia,Asembagus,62,62,100.0,72508.995704365,0.0,0.0
12677.0,Asia,South-Eastern Asia,indonesia,Banyuwangi,150,150,100.0,175899.032710429,32230.962289785,18.323558573994383
12688.0,Asia,South-Eastern Asia,indonesia,Negara,102,102,100.0,104264.22207155,0.0,0.0
12690.0,Asia,South-Eastern Asia,indonesia,Palangka Raya,88,88,100.0,83371.146597456,0.0,0.0
12704.0,Asia,South-Eastern Asia,indonesia,Seririt,59,59,100.0,73982.200595792,6690.092414092,9.042840521389577
12705.0,Asia,South-Eastern Asia,indonesia,Kuala Kapuas,97,97,100.0,104164.744367057,1091.95829856,1.0482993120130397
12706.0,Asia,South-Eastern Asia,indonesia,Tabanan,150,150,100.0,211027.00511788603,34339.891582885,16.272747444670273
12707.0,Asia,South-Eastern Asia,indonesia,Singaraja,207,207,100.0,286212.052519306,24926.20901165,8.70900047438381
12708.0,Asia,South-Eastern Asia,indonesia,Denpasar,1435,1435,100.0,2028133.1997797922,184105.67864983302,9.077593062912365
12710.0,Asia,South-Eastern Asia,indonesia,Banjarmasin,647,647,100.0,961361.882217028,87758.320416933,9.128541711530175
12711.0,Asia,South-Eastern Asia,indonesia,Banjarbaru,252,252,100.0,263787.54263701895,5353.300280920001,2.029398442172204
12712.0,Asia,South-Eastern Asia,indonesia,Pelaihari,71,71,100.0,69139.007124199,0.0,0.0
12713.0,Asia,South-Eastern Asia,indonesia,Semarapura,78,78,100.0,83741.83908834198,12201.80312372,14.570736989484937
12716.0,Asia,South-Eastern Asia,indonesia,Marabahan,28,28,100.0,31692.198924452005,0.0,0.0
12720.0,Asia,South-Eastern Asia,indonesia,Muaratewe,42,42,100.0,56127.536716441995,0.0,0.0
12722.0,Asia,South-Eastern Asia,indonesia,Amuntai,100,100,100.0,114083.41249287399,602.109087098,0.5277796955237551
12723.0,Asia,South-Eastern Asia,indonesia,Kandangan,65,65,100.0,80482.47172224501,0.0,0.0
12725.0,Asia,South-Eastern Asia,indonesia,Mataram,797,797,100.0,1077599.2928451498,138495.59456530501,12.852235101197932
12726.0,Asia,South-Eastern Asia,indonesia,Barabai,42,42,100.0,73620.002587297,4194.40565785,5.697372331488803
12731.0,Asia,South-Eastern Asia,indonesia,Selong,432,432,100.0,502723.092580835,69504.363369263,13.825576026843663
12733.0,Asia,South-Eastern Asia,indonesia,Kecamatan Wanasaba,158,158,100.0,199387.791122531,44312.320827651,22.224189644801008
12735.0,Asia,South-Eastern Asia,indonesia,Batu Licin,54,54,100.0,64976.77328393299,0.0,0.0
12737.0,Asia,South-Eastern Asia,indonesia,Kotabaru,61,61,100.0,100756.44574303701,3296.557440125,3.271807987880335
12739.0,Asia,South-Eastern Asia,indonesia,Tana Paser,56,56,100.0,62725.503481504,0.0,0.0
12747.0,Asia,South-Eastern Asia,indonesia,Sumbawa Besar,117,117,100.0,160756.82843478996,442.320172481,0.27514860599556085
12755.0,Asia,South-Eastern Asia,indonesia,Balikpapan,294,294,100.0,684397.02555017,56610.664881924,8.27161176459177
12763.0,Asia,South-Eastern Asia,indonesia,Samarinda,655,655,100.0,1196188.955004108,77153.786788142,6.449966492783495
12774.0,Asia,South-Eastern Asia,indonesia,Tanjung Redeb,91,91,100.0,99635.83560466,0.0,0.0
12777.0,Asia,South-Eastern Asia,indonesia,Tarakan,123,123,100.0,265576.21731022495,8868.670617034999,3.339406934422643
12780.0,Asia,South-Eastern Asia,indonesia,Nunukan,51,51,100.0,73182.097848096,0.0,0.0
12782.0,Asia,South-Eastern Asia,indonesia,Bontang,63,63,100.0,97655.795424127,0.0,0.0
12784.0,Asia,South-Eastern Asia,indonesia,Sangatta,120,120,100.0,125029.41050789601,0.0,0.0
12786.0,Asia,South-Eastern Asia,indonesia,Dompu,78,78,100.0,88319.71754737599,24170.230047806002,27.366742918806032
12802.0,Asia,South-Eastern Asia,indonesia,Bima,115,115,100.0,126900.06795077099,9073.417800824,7.150049599929212
12814.0,Asia,South-Eastern Asia,indonesia,Kecamatan Sape,43,43,100.0,56581.529335359,1228.38799946,2.1710052978231436
12848.0,Asia,South-Eastern Asia,indonesia,Mamuju,103,103,100.0,142419.75934219896,2841.28387969,1.9950067973806274
12862.0,Asia,South-Eastern Asia,indonesia,Sidorejo,92,92,100.0,97872.71011907,0.0,0.0
12863.0,Asia,South-Eastern Asia,indonesia,Makassar,1575,1575,100.0,2329114.940303332,64723.652325188,2.7788947297190374
12864.0,Asia,South-Eastern Asia,indonesia,Labuan Bajo,56,56,100.0,72283.498585586,0.0,0.0
12868.0,Asia,South-Eastern Asia,indonesia,Takatidung,69,69,100.0,67870.01699421101,442.813791688,0.6524439086640716
12870.0,Asia,South-Eastern Asia,indonesia,Waingapu,96,96,100.0,122108.608890447,561.466260554,0.4598089075420837
12871.0,Asia,South-Eastern Asia,indonesia,Polewali,41,41,100.0,49952.679523217,4021.8189591120004,8.051257705290343
12876.0,Asia,South-Eastern Asia,indonesia,Pangkajene,80,80,100.0,96340.25864733901,0.0,0.0
12885.0,Asia,South-Eastern Asia,indonesia,Pare-Pare,118,118,100.0,141756.43504822598,0.0,0.0
12886.0,Asia,South-Eastern Asia,indonesia,Pinrang,93,93,100.0,87481.768503331,0.0,0.0
12889.0,Asia,South-Eastern Asia,indonesia,Bantaeng,58,58,100.0,71129.071823923,0.0,0.0
12890.0,Asia,South-Eastern Asia,indonesia,Pangkajene,49,49,100.0,51527.365283520005,0.0,0.0
12891.0,Asia,South-Eastern Asia,indonesia,Ruteng,138,138,100.0,128531.722177449,0.0,0.0
12895.0,Asia,South-Eastern Asia,indonesia,Bulukumba,88,88,100.0,118000.03726458098,0.0,0.0
12896.0,Asia,South-Eastern Asia,indonesia,Rantepao,71,71,100.0,77034.361696504,0.0,0.0
12898.0,Asia,South-Eastern Asia,indonesia,Palu,355,355,100.0,348874.189092531,3467.25642226,0.9938414851722919
12899.0,Asia,South-Eastern Asia,indonesia,Sengkang,98,98,100.0,112619.410286535,0.0,0.0
12903.0,Asia,South-Eastern Asia,indonesia,Balangnipa,72,72,100.0,79352.331048005,0.0,0.0
12907.0,Asia,South-Eastern Asia,indonesia,Watampone,119,119,100.0,156437.27380177297,0.0,0.0
12908.0,Asia,South-Eastern Asia,indonesia,Palopo,105,105,100.0,96291.75283926599,0.0,0.0
12909.0,Asia,South-Eastern Asia,indonesia,Bajawa,43,43,100.0,41868.666521759005,764.21005864,1.8252553093441433
12911.0,Asia,South-Eastern Asia,indonesia,Parigi,30,30,100.0,34354.523848961006,0.0,0.0
12922.0,Asia,South-Eastern Asia,indonesia,Poso,50,50,100.0,70643.219068201,1043.11555857,1.476596865670782
12923.0,Asia,South-Eastern Asia,indonesia,Ende,87,87,100.0,183197.74248430599,1559.64512945,0.8513451685047977
12925.0,Asia,South-Eastern Asia,indonesia,Tolitoli,69,69,100.0,87789.07078971501,4016.0425722620002,4.574649823873637
12939.0,Asia,South-Eastern Asia,indonesia,Maumere,110,110,100.0,164935.414367543,8011.8408538700005,4.857562509902434
12942.0,Asia,South-Eastern Asia,indonesia,Kolaka,85,85,100.0,88905.752101714,0.0,0.0
12950.0,Asia,South-Eastern Asia,indonesia,Ampana,42,42,100.0,57058.663146834006,0.0,0.0
12968.0,Asia,South-Eastern Asia,indonesia,Larantuka,54,54,100.0,63673.937664452,1124.66591182,1.7662892434055957
12973.0,Asia,South-Eastern Asia,indonesia,Baubau,118,118,100.0,146548.23058707203,722.371285094,0.4929239214968215
12976.0,Asia,South-Eastern Asia,indonesia,Kendari,304,304,100.0,405118.02946656605,8141.462389048,2.0096519524860854
12978.0,Asia,South-Eastern Asia,indonesia,Kupang,427,427,100.0,449117.098602277,8797.074112572,1.9587484288507113
12979.0,Asia,South-Eastern Asia,indonesia,Raha,109,109,100.0,105799.57898418601,0.0,0.0
12988.0,Asia,South-Eastern Asia,indonesia,Luwuk,93,93,100.0,114216.606660015,0.0,0.0
12991.0,Asia,South-Eastern Asia,indonesia,Limboto,36,36,100.0,29323.762373318998,0.0,0.0
12992.0,Asia,South-Eastern Asia,indonesia,Gorontalo,434,434,100.0,467037.022249612,10151.499606439,2.1735963366547506
13004.0,Asia,South-Eastern Asia,indonesia,Kalabahi,63,63,100.0,80036.49653183298,0.0,0.0
13006.0,Asia,South-Eastern Asia,indonesia,Atambua,97,97,100.0,105104.435561301,0.0,0.0
13008.0,Asia,South-Eastern Asia,indonesia,Kotamobagu,125,125,100.0,144271.385239402,0.0,0.0
13017.0,Asia,South-Eastern Asia,indonesia,Manado,315,315,100.0,478552.757360013,25776.526754713,5.386350064496951
13019.0,Asia,South-Eastern Asia,indonesia,Tomohon,82,82,100.0,78982.795948281,550.03421996,0.6963975044896737
13021.0,Asia,South-Eastern Asia,indonesia,Tondano,86,86,100.0,81395.531150327,0.0,0.0
13026.0,Asia,South-Eastern Asia,indonesia,Bitung,143,143,100.0,216034.35408858096,5345.426456237999,2.4743409347043963
13028.0,Asia,South-Eastern Asia,indonesia,Ternate,197,197,100.0,261988.56068459502,1782.0541978,0.6802030566309322
13029.0,Asia,South-Eastern Asia,indonesia,Tobelo,64,64,100.0,92416.129245306,0.0,0.0
13030.0,Asia,South-Eastern Asia,indonesia,Ambon,46,46,100.0,145376.639291268,50722.653521182,34.89051182395069
13031.0,Asia,South-Eastern Asia,indonesia,Kel Rijali,71,71,100.0,189582.325353355,18444.435713539002,9.72898485086157
13033.0,Asia,South-Eastern Asia,indonesia,Masohi,95,95,100.0,106508.57610551601,3404.98029353,3.1969071581210056
13034.0,Asia,South-Eastern Asia,indonesia,Sorong,198,198,100.0,294517.37155625306,0.0,0.0
13037.0,Asia,South-Eastern Asia,indonesia,Fakfak,43,43,100.0,74609.00650733501,6855.34078468,9.18835554257921
13038.0,Asia,South-Eastern Asia,indonesia,Tual,83,83,100.0,93218.150540637,3655.685343095,3.921645432668567
13040.0,Asia,South-Eastern Asia,indonesia,Manokwari,94,94,100.0,180061.66869734504,0.0,0.0
13044.0,Asia,South-Eastern Asia,indonesia,Nabire,81,81,100.0,104330.61792975,0.0,0.0
13048.0,Asia,South-Eastern Asia,indonesia,Biak Kota,131,131,100.0,191487.864681417,2837.015798,1.4815642770470139
13052.0,Asia,South-Eastern Asia,indonesia,Serui Kota,59,59,100.0,135889.441016662,4341.36473405,3.1947770934738684
13053.0,Asia,South-Eastern Asia,indonesia,Timika,290,290,100.0,356238.011699459,30768.873664976003,8.637167470756667
13063.0,Asia,South-Eastern Asia,indonesia,Merauke,170,170,100.0,259274.04901561898,0.0,0.0
13068.0,Asia,South-Eastern Asia,indonesia,Jayapura,61,61,100.0,162056.017589508,1666.671568972,1.028453983852498
5170.0,Asia,South-Central Asia,iran,Salmas,110,110,100.0,107281.75413536599,0.0,0.0
5175.0,Asia,South-Central Asia,iran,Khoy,177,177,100.0,191321.97136749,0.0,0.0
5243.0,Asia,South-Central Asia,iran,Urmia,626,626,100.0,683947.6246605241,0.0,0.0
5298.0,Asia,South-Central Asia,iran,Marand,112,112,100.0,107291.991476251,0.0,0.0
5302.0,Asia,South-Central Asia,iran,Piranshahr,80,80,100.0,85949.288776778,0.0,0.0
5317.0,Asia,South-Central Asia,iran,Naqadeh,77,77,100.0,75760.92054883699,0.0,0.0
5354.0,Asia,South-Central Asia,iran,Tabriz,1136,1136,100.0,1422839.901908257,0.0,0.0
5355.0,Asia,South-Central Asia,iran,Ajab Shir,48,48,100.0,53448.79469456,0.0,0.0
5368.0,Asia,South-Central Asia,iran,Sardasht,48,48,100.0,56156.320541815,0.0,0.0
5371.0,Asia,South-Central Asia,iran,Mahabad,127,127,100.0,150395.92435978304,0.0,0.0
5383.0,Asia,South-Central Asia,iran,Bonab,60,60,100.0,57714.513735144996,0.0,0.0
5389.0,Asia,South-Central Asia,iran,Malekan,33,33,100.0,31003.916576391,0.0,0.0
5393.0,Asia,South-Central Asia,iran,Maragheh,119,119,100.0,147282.01586583204,0.0,0.0
5395.0,Asia,South-Central Asia,iran,Miandoab,120,120,100.0,128969.35949688501,0.0,0.0
5402.0,Asia,South-Central Asia,iran,Baneh,89,89,100.0,101732.627296722,0.0,0.0
5413.0,Asia,South-Central Asia,iran,بوکان,158,158,100.0,166211.98560777298,0.0,0.0
5421.0,Asia,South-Central Asia,iran,Ahar,93,93,100.0,101086.34214402702,0.0,0.0
5427.0,Asia,South-Central Asia,iran,Saqqez,136,136,100.0,140381.906865932,0.0,0.0
5436.0,Asia,South-Central Asia,iran,Shahindezh,43,43,100.0,45935.11403360099,0.0,0.0
5437.0,Asia,South-Central Asia,iran,Marivan,115,115,100.0,122177.74393971502,2944.9117759580004,2.410350429625775
5440.0,Asia,South-Central Asia,iran,Sarpol-e Zahab,43,43,100.0,43132.33906370301,0.0,0.0
5441.0,Asia,South-Central Asia,iran,Pars Abad,78,78,100.0,78910.70845057999,0.0,0.0
5458.0,Asia,South-Central Asia,iran,Meshginshahr,69,69,100.0,73351.917354005,0.0,0.0
5471.0,Asia,South-Central Asia,iran,Javanrud,58,58,100.0,62392.408224688996,0.0,0.0
5474.0,Asia,South-Central Asia,iran,Tikab,48,48,100.0,49894.165238830996,0.0,0.0
5477.0,Asia,South-Central Asia,iran,Divandarreh,28,28,100.0,30527.124499162004,0.0,0.0
5482.0,Asia,South-Central Asia,iran,Mianeh,78,78,100.0,91953.76793677201,0.0,0.0
5487.0,Asia,South-Central Asia,iran,Eslamabad-e Gharb,84,84,100.0,92259.92423975699,0.0,0.0
5488.0,Asia,South-Central Asia,iran,Ilam,138,138,100.0,149517.982732739,0.0,0.0
5490.0,Asia,South-Central Asia,iran,Sanandaj,224,224,100.0,338313.74076501495,0.0,0.0
5501.0,Asia,South-Central Asia,iran,Ardabil,373,373,100.0,387490.222001018,0.0,0.0
5503.0,Asia,South-Central Asia,iran,Kamyaran,46,46,100.0,46341.95503952201,0.0,0.0
5515.0,Asia,South-Central Asia,iran,Kermanshah,776,776,100.0,834950.26983962,0.0,0.0
5516.0,Asia,South-Central Asia,iran,Bijar,50,50,100.0,45958.629220250004,0.0,0.0
5532.0,Asia,South-Central Asia,iran,Astara,69,69,100.0,79110.93984498299,0.0,0.0
5542.0,Asia,South-Central Asia,iran,Songhor,45,45,100.0,48683.828337408,0.0,0.0
5552.0,Asia,South-Central Asia,iran,Talesh,59,59,100.0,67568.559771562,0.0,0.0
5553.0,Asia,South-Central Asia,iran,Zanjan,361,361,100.0,370465.120731915,0.0,0.0
5569.0,Asia,South-Central Asia,iran,Kuhdasht,121,121,100.0,115186.789203306,0.0,0.0
5570.0,Asia,South-Central Asia,iran,kangavar,43,43,100.0,45533.174786104006,0.0,0.0
5575.0,Asia,South-Central Asia,iran,Gheydar,29,29,100.0,33040.442692897996,0.0,0.0
5579.0,Asia,South-Central Asia,iran,Asadabad,62,62,100.0,61973.347957323,0.0,0.0
5587.0,Asia,South-Central Asia,iran,Nurabad,80,80,100.0,77291.076851481,0.0,0.0
5597.0,Asia,South-Central Asia,iran,Bandar-e Anzali,78,78,100.0,87567.27368349301,0.0,0.0
5599.0,Asia,South-Central Asia,iran,Fuman,37,37,100.0,43568.717198275,0.0,0.0
5605.0,Asia,South-Central Asia,iran,Hamedan,414,414,100.0,501460.25180868397,0.0,0.0
5611.0,Asia,South-Central Asia,iran,Rasht,445,445,100.0,566812.3340437689,0.0,0.0
5612.0,Asia,South-Central Asia,iran,Toyserkan,37,37,100.0,39317.610994648996,0.0,0.0
5618.0,Asia,South-Central Asia,iran,Nahavand,65,65,100.0,65676.383895287,0.0,0.0
5625.0,Asia,South-Central Asia,iran,Khorramdarreh,44,44,100.0,43365.75764779101,0.0,0.0
5628.0,Asia,South-Central Asia,iran,Abhar,71,71,100.0,68490.650510293,0.0,0.0
5637.0,Asia,South-Central Asia,iran,Khorramabad,294,294,100.0,313437.535673807,0.0,0.0
5650.0,Asia,South-Central Asia,iran,Malayer,144,144,100.0,131903.13781217003,0.0,0.0
5658.0,Asia,South-Central Asia,iran,Lahijan,90,90,100.0,95688.39805641401,0.0,0.0
5659.0,Asia,South-Central Asia,iran,Borujerd,196,196,100.0,190031.877451484,0.0,0.0
5669.0,Asia,South-Central Asia,iran,Andimeshk,98,98,100.0,101930.44087987,0.0,0.0
5670.0,Asia,South-Central Asia,iran,Shush,60,60,100.0,59423.006429406,0.0,0.0
5676.0,Asia,South-Central Asia,iran,Takestan,61,61,100.0,57237.774790293995,0.0,0.0
5677.0,Asia,South-Central Asia,iran,Dezful,215,215,100.0,228709.475797115,0.0,0.0
5683.0,Asia,South-Central Asia,iran,Susangerd,38,38,100.0,43202.08390557201,0.0,0.0
5687.0,Asia,South-Central Asia,iran,Qazvin,307,307,100.0,346797.79426178697,0.0,0.0
5692.0,Asia,South-Central Asia,iran,Dorud,76,76,100.0,92985.682033686,0.0,0.0
5694.0,Asia,South-Central Asia,iran,Alvand,71,71,100.0,74227.74728517598,0.0,0.0
5703.0,Asia,South-Central Asia,iran,Khorramshahr,107,107,100.0,116913.787704962,0.0,0.0
5708.0,Asia,South-Central Asia,iran,Abadan,141,141,100.0,194799.09499581804,0.0,0.0
5711.0,Asia,South-Central Asia,iran,Shoushtar,89,89,100.0,115865.979161422,0.0,0.0
5712.0,Asia,South-Central Asia,iran,Ahwaz,916,916,100.0,1012658.6376835901,0.0,0.0
5716.0,Asia,South-Central Asia,iran,Arak,314,314,100.0,361869.756937159,0.0,0.0
5722.0,Asia,South-Central Asia,iran,Shadegan,77,77,100.0,81438.359386057,0.0,0.0
5724.0,Asia,South-Central Asia,iran,Nazarabad,84,84,100.0,79090.401902352,0.0,0.0
5725.0,Asia,South-Central Asia,iran,Aligudarz,96,96,100.0,89630.159659203,0.0,0.0
5726.0,Asia,South-Central Asia,iran,Hashtgerd,36,36,100.0,36512.528646016,0.0,0.0
5728.0,Asia,South-Central Asia,iran,Saveh,116,116,100.0,121661.37645657301,0.0,0.0
5731.0,Asia,South-Central Asia,iran,Masjed Soleyman,14,14,100.0,12442.577344565998,0.0,0.0
5736.0,Asia,South-Central Asia,iran,Mahdasht,67,67,100.0,75935.239536336,0.0,0.0
5737.0,Asia,South-Central Asia,iran,Tehran,10125,10125,100.0,13402834.662114156,174333.243671699,1.300719199084709
5738.0,Asia,South-Central Asia,iran,Safadasht,97,97,100.0,235895.88224929498,2248.261600703,0.9530736947442919
5741.0,Asia,South-Central Asia,iran,Khomein,56,56,100.0,57820.61133504,0.0,0.0
5744.0,Asia,South-Central Asia,iran,Chalus,93,93,100.0,108663.64684027275,0.0,0.0
5749.0,Asia,South-Central Asia,iran,Bandar-e Mahshahr,76,76,100.0,80603.629853083,0.0,0.0
5754.0,Asia,South-Central Asia,iran,Ramhormoz,51,51,100.0,56938.538063317996,0.0,0.0
5756.0,Asia,South-Central Asia,iran,Qom,777,777,100.0,847027.169718558,0.0,0.0
5759.0,Asia,South-Central Asia,iran,Pardisan,56,56,100.0,68930.387278856,0.0,0.0
5760.0,Asia,South-Central Asia,iran,Izeh,132,132,100.0,144006.6262006,0.0,0.0
5764.0,Asia,South-Central Asia,iran,Omidieh,35,35,100.0,42696.822932065,0.0,0.0
5772.0,Asia,South-Central Asia,iran,Qarchak,176,176,100.0,200994.206098489,0.0,0.0
5774.0,Asia,South-Central Asia,iran,Pardis,193,193,100.0,284964.099384539,0.0,0.0
5775.0,Asia,South-Central Asia,iran,Pakdasht,128,128,100.0,147177.842732495,0.0,0.0
5778.0,Asia,South-Central Asia,iran,Varamin,146,146,100.0,162258.09205617098,0.0,0.0
5785.0,Asia,South-Central Asia,iran,Amol,171,171,100.0,185046.199624317,0.0,0.0
5786.0,Asia,South-Central Asia,iran,Kashan,233,233,100.0,246521.12589574797,0.0,0.0
5789.0,Asia,South-Central Asia,iran,Behbahan,91,91,100.0,90631.27668736601,0.0,0.0
5790.0,Asia,South-Central Asia,iran,Shahr-e Kord,97,97,100.0,93309.64602312101,0.0,0.0
5794.0,Asia,South-Central Asia,iran,Babol,213,213,100.0,240727.631058281,0.0,0.0
5797.0,Asia,South-Central Asia,iran,Dehdasht,60,60,100.0,53771.865418852016,0.0,0.0
5798.0,Asia,South-Central Asia,iran,Lordegan,52,52,100.0,49683.22749181499,0.0,0.0
5801.0,Asia,South-Central Asia,iran,Najafabad,145,145,100.0,149189.25387129502,0.0,0.0
5802.0,Asia,South-Central Asia,iran,Qaem Shahr,191,191,100.0,183599.470151936,0.0,0.0
5805.0,Asia,South-Central Asia,iran,Zarrinshahr,57,57,100.0,55750.009616441,0.0,0.0
5806.0,Asia,South-Central Asia,iran,Shahin Shahr,155,155,100.0,144169.632046239,0.0,0.0
5808.0,Asia,South-Central Asia,iran,Fuladshahr,39,39,100.0,54013.538860256995,0.0,0.0
5810.0,Asia,South-Central Asia,iran,Sari,241,241,100.0,271701.30684443703,0.0,0.0
5811.0,Asia,South-Central Asia,iran,Isfahan,1631,1631,100.0,1839646.4756358997,0.0,0.0
5813.0,Asia,South-Central Asia,iran,Dogonbadan,61,61,100.0,64064.304932559004,0.0,0.0
5814.0,Asia,South-Central Asia,iran,Bandar Ganaveh,60,60,100.0,65002.665714216004,0.0,0.0
5815.0,Asia,South-Central Asia,iran,Dolatabad,174,174,100.0,153562.724548087,0.0,0.0
5816.0,Asia,South-Central Asia,iran,Neka,46,46,100.0,54356.995181362,0.0,0.0
5819.0,Asia,South-Central Asia,iran,Baharestan,75,75,100.0,63569.22086678499,0.0,0.0
5821.0,Asia,South-Central Asia,iran,Behshahr,55,55,100.0,59855.373736534,0.0,0.0
5822.0,Asia,South-Central Asia,iran,Bagh-e Zahra,102,102,100.0,112081.72308542099,0.0,0.0
5823.0,Asia,South-Central Asia,iran,Shahreza,96,96,100.0,90552.218209107,0.0,0.0
5824.0,Asia,South-Central Asia,iran,Bushehr,56,56,100.0,74763.263358114,0.0,0.0
5828.0,Asia,South-Central Asia,iran,Ab Pakhsh,30,30,100.0,27888.368160962,0.0,0.0
5829.0,Asia,South-Central Asia,iran,مهریان,24,24,100.0,26621.093557519,0.0,0.0
5830.0,Asia,South-Central Asia,iran,Semnan,92,92,100.0,96289.353629317,0.0,0.0
5831.0,Asia,South-Central Asia,iran,Yasuj,112,112,100.0,119692.613830694,0.0,0.0
5834.0,Asia,South-Central Asia,iran,Bandar-e Torkaman,79,79,100.0,78190.556502127,0.0,0.0
5835.0,Asia,South-Central Asia,iran,Nurabad Mamasani,35,35,100.0,37335.757138649,0.0,0.0
5840.0,Asia,South-Central Asia,iran,Gorgan,247,247,100.0,306758.193684741,0.0,0.0
5841.0,Asia,South-Central Asia,iran,Kazerun,72,72,100.0,78044.732173896,0.0,0.0
5842.0,Asia,South-Central Asia,iran,Aghghala,33,33,100.0,30174.92028341,0.0,0.0
5845.0,Asia,South-Central Asia,iran,Aliabad-e Katul,40,40,100.0,42733.9024833,0.0,0.0
5847.0,Asia,South-Central Asia,iran,Abadeh,47,47,100.0,46812.38825011501,0.0,0.0
5851.0,Asia,South-Central Asia,iran,Gonbad-e Qabus,154,154,100.0,158048.17219376098,0.0,0.0
5853.0,Asia,South-Central Asia,iran,Azadshahr,44,44,100.0,42431.38225417001,0.0,0.0
5854.0,Asia,South-Central Asia,iran,Shiraz,695,695,100.0,784784.950004983,0.0,0.0
5855.0,Asia,South-Central Asia,iran,Shahrud,96,96,100.0,98339.023905469,0.0,0.0
5858.0,Asia,South-Central Asia,iran,Gilan Tappeh,33,33,100.0,34445.326955332,0.0,0.0
5863.0,Asia,South-Central Asia,iran,Kangan Seaport,35,35,100.0,35801.89264348999,0.0,0.0
5867.0,Asia,South-Central Asia,iran,Marvdasht,120,120,100.0,119070.641109953,0.0,0.0
5868.0,Asia,South-Central Asia,iran,Firuzabad,63,63,100.0,63036.16325493301,0.0,0.0
5874.0,Asia,South-Central Asia,iran,Ardakan,109,109,100.0,104069.458965094,0.0,0.0
5878.0,Asia,South-Central Asia,iran,Yazd,474,474,100.0,459223.646623154,0.0,0.0
5880.0,Asia,South-Central Asia,iran,Ashkhaneh,33,33,100.0,35535.52341612401,0.0,0.0
5882.0,Asia,South-Central Asia,iran,Fasa,71,71,100.0,74585.99954554002,0.0,0.0
5883.0,Asia,South-Central Asia,iran,Jahrom,124,124,100.0,129278.25746556601,0.0,0.0
5886.0,Asia,South-Central Asia,iran,Bojnurd,238,238,100.0,239457.49746855197,0.0,0.0
5888.0,Asia,South-Central Asia,iran,Esfarayen,69,69,100.0,66992.53812764601,0.0,0.0
5890.0,Asia,South-Central Asia,iran,Shirvan,94,94,100.0,91530.898003629,0.0,0.0
5891.0,Asia,South-Central Asia,iran,Darab,77,77,100.0,75855.803520395,0.0,0.0
5894.0,Asia,South-Central Asia,iran,Shahr-e Babak,46,46,100.0,43175.814904648,0.0,0.0
5896.0,Asia,South-Central Asia,iran,Sabzevar,132,132,100.0,119511.63432725899,0.0,0.0
5900.0,Asia,South-Central Asia,iran,Tabas,36,36,100.0,34030.845729835,0.0,0.0
5902.0,Asia,South-Central Asia,iran,Quchan,105,105,100.0,105387.78216402499,0.0,0.0
5905.0,Asia,South-Central Asia,iran,Rafsanjan,114,114,100.0,118353.390790329,0.0,0.0
5906.0,Asia,South-Central Asia,iran,Sirjan,163,163,100.0,169453.779018033,0.0,0.0
5907.0,Asia,South-Central Asia,iran,Bardaskan,28,28,100.0,28267.287702486,0.0,0.0
5908.0,Asia,South-Central Asia,iran,Dargaz,32,32,100.0,30078.532283256,0.0,0.0
5910.0,Asia,South-Central Asia,iran,Neyshabur,231,231,100.0,231281.76856884797,0.0,0.0
5911.0,Asia,South-Central Asia,iran,Zarand,51,51,100.0,50008.809007363,0.0,0.0
5912.0,Asia,South-Central Asia,iran,Chenaran,42,42,100.0,42423.563983004,0.0,0.0
5913.0,Asia,South-Central Asia,iran,Kashmar,91,91,100.0,85398.582226041,0.0,0.0
5916.0,Asia,South-Central Asia,iran,Rooh Abad,39,39,100.0,118711.39043243701,0.0,0.0
5918.0,Asia,South-Central Asia,iran,Mashhad,2519,2519,100.0,3230317.79549545,14543.288222291,0.45021230550662966
5919.0,Asia,South-Central Asia,iran,Kerman,492,492,100.0,497258.18457720603,0.0,0.0
5920.0,Asia,South-Central Asia,iran,Torbate Heydariye,101,101,100.0,113887.577502774,0.0,0.0
5921.0,Asia,South-Central Asia,iran,Bandar Abbas,336,336,100.0,391849.977032049,0.0,0.0
5922.0,Asia,South-Central Asia,iran,Qeshm,27,27,100.0,33887.465842073,0.0,0.0
5927.0,Asia,South-Central Asia,iran,Qaen,43,43,100.0,44100.225892628994,0.0,0.0
5931.0,Asia,South-Central Asia,iran,Roudan,46,46,100.0,50319.091208177,0.0,0.0
5932.0,Asia,South-Central Asia,iran,Birjand,132,132,100.0,147828.03120527498,0.0,0.0
5935.0,Asia,South-Central Asia,iran,Jiroft,291,291,100.0,275349.54125304404,0.0,0.0
5937.0,Asia,South-Central Asia,iran,Khaf,36,36,100.0,31161.907427659,0.0,0.0
5939.0,Asia,South-Central Asia,iran,Sarakhs,27,27,100.0,28657.498531540998,0.0,0.0
5940.0,Asia,South-Central Asia,iran,Kahnuj,52,52,100.0,54688.156141268,0.0,0.0
5941.0,Asia,South-Central Asia,iran,Torbat-e Jam,90,90,100.0,91209.10944413299,0.0,0.0
5945.0,Asia,South-Central Asia,iran,Bam,97,97,100.0,95513.97699478701,0.0,0.0
5948.0,Asia,South-Central Asia,iran,Taybad,33,33,100.0,29896.982375636002,0.0,0.0
5971.0,Asia,South-Central Asia,iran,Zahedan,516,516,100.0,541057.4420977971,0.0,0.0
5972.0,Asia,South-Central Asia,iran,Zabol,117,117,100.0,115219.497321621,0.0,0.0
5983.0,Asia,South-Central Asia,iran,Iranshahr,99,99,100.0,93823.245554369,0.0,0.0
5994.0,Asia,South-Central Asia,iran,Chabahar,144,144,100.0,157272.877530264,0.0,0.0
6010.0,Asia,South-Central Asia,iran,Saravan,37,37,100.0,36641.44859500201,0.0,0.0
4796.0,Asia,Western Asia,iraq,Sinjar,54,54,100.0,55422.187395049004,0.0,0.0
4865.0,Asia,Western Asia,iraq,Zakho,933,933,100.0,921847.387466132,60432.693403706,6.55560716723583
4878.0,Asia,Western Asia,iraq,Tal Afar,202,202,100.0,229946.05013339303,2021.996655611,0.8793352416525652
4910.0,Asia,Western Asia,iraq,Duhok,1052,1052,100.0,1139668.946121976,25805.187902419002,2.264270513838949
4927.0,Asia,Western Asia,iraq,Zawa,130,130,100.0,145900.367798254,902.978280183,0.6189006195183876
4990.0,Asia,Western Asia,iraq,Mosul,1467,1467,100.0,1626559.507002238,239299.345023048,14.711994488543404
5009.0,Asia,Western Asia,iraq,Qadiyah,127,127,100.0,125934.528336846,0.0,0.0
5028.0,Asia,Western Asia,iraq,Qaryat Qabr al Abd,12,12,100.0,42136.027887219,0.0,0.0
5036.0,Asia,Western Asia,iraq,Hamam al Alil,43,43,100.0,47094.111516038,1392.6744704970001,2.957215723292119
5055.0,Asia,Western Asia,iraq,Qaryat Arfaylah,18,18,100.0,36445.350304591,0.0,0.0
5058.0,Asia,Western Asia,iraq,Al Khan,56,56,100.0,71321.887957458,0.0,0.0
5062.0,Asia,Western Asia,iraq,Gaiyara,186,186,100.0,318572.396701645,0.0,0.0
5107.0,Asia,Western Asia,iraq,Hajiruk,45,45,100.0,57991.301985146005,0.0,0.0
5111.0,Asia,Western Asia,iraq,Hīt,63,63,100.0,70713.497246348,0.0,0.0
5152.0,Asia,Western Asia,iraq,Baiji,89,89,100.0,88501.442747118,0.0,0.0
5159.0,Asia,Western Asia,iraq,Erbil,1550,1550,100.0,1468611.680688655,3137.5448392339995,0.21364019369386708
5188.0,Asia,Western Asia,iraq,Ramadi,445,445,100.0,470745.998649905,0.0,0.0
5192.0,Asia,Western Asia,iraq,Tikrit,102,102,100.0,94673.68522821998,0.0,0.0
5224.0,Asia,Western Asia,iraq,Soran,128,128,100.0,143093.327370445,0.0,0.0
5247.0,Asia,Western Asia,iraq,Samarra,153,153,100.0,192084.65335740498,11255.135293404,5.85946617633319
5259.0,Asia,Western Asia,iraq,Kirkuk,1241,1241,100.0,1219341.712610541,5487.20707434,0.45001389008436393
5271.0,Asia,Western Asia,iraq,Fallujah,407,407,100.0,377387.660652598,0.0,0.0
5309.0,Asia,Western Asia,iraq,Chamchamal,252,252,100.0,233819.563040735,2998.1556538859995,1.2822518419314957
5312.0,Asia,Western Asia,iraq,Tuz Khormato,138,138,100.0,159417.562680929,0.0,0.0
5313.0,Asia,Western Asia,iraq,Saab Al Bour,66,66,100.0,62094.860606759,0.0,0.0
5314.0,Asia,Western Asia,iraq,Baghdad,6293,6293,100.0,7065263.160443925,361480.529565233,5.116306659163711
5326.0,Asia,Western Asia,iraq,Hamdi al Bajaji,52,52,100.0,122874.38426518199,0.0,0.0
5332.0,Asia,Western Asia,iraq,Karbala,902,902,100.0,1017149.115275759,4181.16171732,0.41106674080785555
5337.0,Asia,Western Asia,iraq,At Tarimiyah,228,228,100.0,488181.136275439,17001.825090061,3.4826878440604716
5345.0,Asia,Western Asia,iraq,Husainīya,165,165,100.0,156185.40376782202,0.0,0.0
5349.0,Asia,Western Asia,iraq,Al Khalis,98,98,100.0,115641.88399653499,5951.883177260999,5.146823081366728
5358.0,Asia,Western Asia,iraq,Baqubah,112,112,100.0,111716.069320186,0.0,0.0
5359.0,Asia,Western Asia,iraq,Al Musaiyib,46,46,100.0,45624.91002099299,0.0,0.0
5361.0,Asia,Western Asia,iraq,Bani Saad,41,41,100.0,69702.06438341201,1311.66689562,1.8818192936221785
5362.0,Asia,Western Asia,iraq,Hindiya,384,384,100.0,440250.617102363,9242.824541096,2.0994461295546456
5375.0,Asia,Western Asia,iraq,Baba Murda,61,61,100.0,57041.94295395599,0.0,0.0
5379.0,Asia,Western Asia,iraq,Sulaymaniyah,813,813,100.0,780398.320679826,0.0,0.0
5382.0,Asia,Western Asia,iraq,Al Hillah,433,433,100.0,478207.655790526,0.0,0.0
5387.0,Asia,Western Asia,iraq,Najaf,1147,1147,100.0,1181260.992008163,48373.11930220501,4.095040776718608
5397.0,Asia,Western Asia,iraq,Kalar,151,151,100.0,158152.48460958299,0.0,0.0
5398.0,Asia,Western Asia,iraq,As Suwayrah,73,73,100.0,63154.950547313,0.0,0.0
5399.0,Asia,Western Asia,iraq,Al-Manathera,89,89,100.0,102766.21979721301,2005.39280629,1.9514124488058533
5401.0,Asia,Western Asia,iraq,Al Madhatiyah,100,100,100.0,129867.29238944099,1531.27152402,1.1791048352868423
5406.0,Asia,Western Asia,iraq,Ash Shamiya,83,83,100.0,104820.67735940401,3943.294002661,3.7619428742483954
5420.0,Asia,Western Asia,iraq,Al ‘Azīzīyah,71,71,100.0,72613.229143659,0.0,0.0
5428.0,Asia,Western Asia,iraq,Ad Diwaniyah,771,771,100.0,861802.399134615,9012.241793171,1.045743409651761
5432.0,Asia,Western Asia,iraq,Halabja,69,69,100.0,63051.690147749,0.0,0.0
5449.0,Asia,Western Asia,iraq,An Numaniyah,69,69,100.0,74210.856227647,0.0,0.0
5454.0,Asia,Western Asia,iraq,Al-Rumaitha,129,129,100.0,149008.87354130897,3966.93208115,2.6622119789733647
5466.0,Asia,Western Asia,iraq,As Samawah,280,280,100.0,388550.191141856,0.0,0.0
5475.0,Asia,Western Asia,iraq,Kut,461,461,100.0,464381.203463636,0.0,0.0
5483.0,Asia,Western Asia,iraq,Al Khidhr,52,52,100.0,63506.21414757,0.0,0.0
5525.0,Asia,Western Asia,iraq,Al-Shatrah,293,293,100.0,269084.25249026204,20984.180023282002,7.798367919743429
5533.0,Asia,Western Asia,iraq,Nasiriyah,735,735,100.0,779401.306737884,2467.784132706,0.316625608832335
5554.0,Asia,Western Asia,iraq,Suq al Shyukh,166,166,100.0,197479.58126484402,0.0,0.0
5580.0,Asia,Western Asia,iraq,Amarah,512,512,100.0,607520.831870301,0.0,0.0
5629.0,Asia,Western Asia,iraq,Al Qurna,174,174,100.0,190422.60245182202,2723.1927619489998,1.4300785342107605
5668.0,Asia,Western Asia,iraq,Basra,1714,1714,100.0,2009024.443277452,14139.15623597,0.7037821905692634
5673.0,Asia,Western Asia,iraq,Az Zubayr,219,219,100.0,205033.117481341,0.0,0.0
557.0,Latin America and the Caribbean,Caribbean,jamaica,Montego Bay,64,64,100.0,97504.60232716001,12274.325107063,12.588457174440446
573.0,Latin America and the Caribbean,Caribbean,jamaica,Mandeville,69,69,100.0,86407.982375351,0.0,0.0
582.0,Latin America and the Caribbean,Caribbean,jamaica,May Pen,70,70,100.0,74354.93796625,4768.926426186,6.4137319680780775
600.0,Latin America and the Caribbean,Caribbean,jamaica,Kingston,728,728,100.0,967217.6452022869,116611.003429905,12.056335407892254
4388.0,Asia,Western Asia,jordan,Aqaba,94,94,100.0,105916.624851204,0.0,0.0
4393.0,Asia,Western Asia,jordan,Irbid,934,934,100.0,833547.853119613,0.0,0.0
4399.0,Asia,Western Asia,jordan,Al Salt,129,129,100.0,144157.91399645503,0.0,0.0
4408.0,Asia,Western Asia,jordan,Amman,5707,5707,100.0,6428004.945246715,118205.23352797702,1.8389101211781993
4411.0,Asia,Western Asia,jordan,Jerash,121,121,100.0,115698.94092625,752.149621396,0.6500920538896229
4413.0,Asia,Western Asia,jordan,Madaba,173,173,100.0,146678.96798569697,0.0,0.0
4414.0,Asia,Western Asia,jordan,Ar Ramtha,137,137,100.0,123669.019841303,0.0,0.0
4442.0,Asia,Western Asia,jordan,Al Mafraq,96,96,100.0,91636.721363688,0.0,0.0
4450.0,Asia,Western Asia,jordan,Wadi Khaw,18,18,100.0,47866.571144942,0.0,0.0
5136.0,Asia,South-Central Asia,kazakhstan,Oral,136,136,100.0,188240.271514085,0.0,0.0
5447.0,Asia,South-Central Asia,kazakhstan,Atyrau,129,129,100.0,169442.34822868,0.0,0.0
5522.0,Asia,South-Central Asia,kazakhstan,Aktau,167,167,100.0,273424.588080613,0.0,0.0
5634.0,Asia,South-Central Asia,kazakhstan,Aktobe,254,254,100.0,426697.087400166,0.0,0.0
5649.0,Asia,South-Central Asia,kazakhstan,Zhanaozen,143,143,100.0,136823.321444539,0.0,0.0
5795.0,Asia,South-Central Asia,kazakhstan,Rudny,43,43,100.0,50720.430552791,0.0,0.0
5804.0,Asia,South-Central Asia,kazakhstan,Kostanay,117,117,100.0,162917.574109833,0.0,0.0
5876.0,Asia,South-Central Asia,kazakhstan,Petropavl,108,108,100.0,129043.52852398201,0.0,0.0
5884.0,Asia,South-Central Asia,kazakhstan,Ayteke Bi,38,38,100.0,46425.003086323,0.0,0.0
5892.0,Asia,South-Central Asia,kazakhstan,Kokshetau,108,108,100.0,143421.06657690302,0.0,0.0
5928.0,Asia,South-Central Asia,kazakhstan,Kyzylorda,201,201,100.0,191299.45265653502,0.0,0.0
5936.0,Asia,South-Central Asia,kazakhstan,Nur-Sultan,612,612,100.0,1077040.679062119,0.0,0.0
5950.0,Asia,South-Central Asia,kazakhstan,Shieli,23,23,100.0,25702.622974968,0.0,0.0
5962.0,Asia,South-Central Asia,kazakhstan,Temirtau,83,83,100.0,157373.84775869502,0.0,0.0
5967.0,Asia,South-Central Asia,kazakhstan,Karaganda,120,120,100.0,297311.93097401806,0.0,0.0
5974.0,Asia,South-Central Asia,kazakhstan,Turkestan,142,142,100.0,143741.04386041302,0.0,0.0
5984.0,Asia,South-Central Asia,kazakhstan,Pavlodar,130,130,100.0,272522.653047663,0.0,0.0
6002.0,Asia,South-Central Asia,kazakhstan,Jetisay,57,57,100.0,61506.766233783,0.0,0.0
6003.0,Asia,South-Central Asia,kazakhstan,Shymkent,806,806,100.0,990371.020374359,0.0,0.0
6006.0,Asia,South-Central Asia,kazakhstan,Saryagash,56,56,100.0,53909.696669857,0.0,0.0
6007.0,Asia,South-Central Asia,kazakhstan,Аксу,48,48,100.0,49910.004461074,0.0,0.0
6035.0,Asia,South-Central Asia,kazakhstan,Taraz,173,173,100.0,183678.577344799,0.0,0.0
6096.0,Asia,South-Central Asia,kazakhstan,Semey,139,139,100.0,290410.312300505,0.0,0.0
6156.0,Asia,South-Central Asia,kazakhstan,Ayagoz,31,31,100.0,37044.932621215994,0.0,0.0
6158.0,Asia,South-Central Asia,kazakhstan,Oskemen,68,68,100.0,224767.98844524502,0.0,0.0
6174.0,Asia,South-Central Asia,kazakhstan,Almaty,1334,1334,100.0,2293999.809068285,0.0,0.0
6181.0,Asia,South-Central Asia,kazakhstan,Taldykorgan,129,129,100.0,145738.013231071,0.0,0.0
4557.0,Africa,Eastern Africa,kenya,Busia,126,126,100.0,136238.476729187,68738.314913155,50.45440654022585
4591.0,Africa,Eastern Africa,kenya,Bungoma,62,62,100.0,78616.547914219,15857.078068074,20.170153089621994
4607.0,Africa,Eastern Africa,kenya,Kisii,95,95,100.0,116047.59151775,13113.192004909002,11.299839861737485
4608.0,Africa,Eastern Africa,kenya,Kisumu,258,258,100.0,392231.729426127,240540.87366270198,61.326214994038494
4623.0,Africa,Eastern Africa,kenya,Kitale,99,99,100.0,140316.82195719,50449.434219186,35.95394587441403
4643.0,Africa,Eastern Africa,kenya,Eldoret,224,224,100.0,232175.462284593,35233.065990749994,15.175189334849893
4729.0,Africa,Eastern Africa,kenya,Nakuru,376,376,100.0,402032.687602579,259490.846944939,64.54471363817392
4733.0,Africa,Eastern Africa,kenya,Free Area,143,143,100.0,151426.520285192,36311.57123366,23.979664305348834
4768.0,Africa,Eastern Africa,kenya,Naivasha,145,145,100.0,163531.112645554,93241.517094617,57.017600862726106
4806.0,Africa,Eastern Africa,kenya,Ngong,59,59,100.0,68173.866354342,11153.967724522001,16.3610608008469
4808.0,Africa,Eastern Africa,kenya,Nairobi,2853,2853,100.0,6020735.212510306,3995202.014840414,66.35737785875224
4817.0,Africa,Eastern Africa,kenya,Ongata Rongai,103,103,100.0,143615.65499674104,77125.081731043,53.702419651111946
4821.0,Africa,Eastern Africa,kenya,Ruaka,73,73,100.0,101347.920859163,13095.440602425999,12.92127208077996
4854.0,Africa,Eastern Africa,kenya,Nyeri,65,65,100.0,67703.347052634,4770.467032319001,7.046131749749891
4855.0,Africa,Eastern Africa,kenya,Ruiru,108,108,100.0,100916.006001559,18905.791381118997,18.73418512106685
4856.0,Africa,Eastern Africa,kenya,Kitengela,73,73,100.0,88807.539134171,611.861454923,0.6889746758984007
4876.0,Africa,Eastern Africa,kenya,Thika,82,82,100.0,112483.47676676497,8884.586929703999,7.898570692410435
4995.0,Africa,Eastern Africa,kenya,Meru,64,64,100.0,105883.61194291699,1087.55498179,1.0271230474989017
5323.0,Africa,Eastern Africa,kenya,Ukunda,17,17,100.0,58875.19621355701,499.028781399,0.8476044471917875
5329.0,Africa,Eastern Africa,kenya,Mombasa,683,683,100.0,1476591.7569015622,708550.915259659,47.985566216789806
5346.0,Africa,Eastern Africa,kenya,Garissa,248,248,100.0,317148.39733765,200889.25954317802,63.34235368350374
5350.0,Africa,Eastern Africa,kenya,Mtwapa,44,44,100.0,56660.168138262,24255.855260029,42.80935983253689
5367.0,Africa,Eastern Africa,kenya,Kilifi,47,47,100.0,49469.873552943005,26612.502820635,53.79537263654841
5452.0,Africa,Eastern Africa,kenya,El Wak,26,26,100.0,206285.64367620603,30748.364751547004,14.90572208689948
5520.0,Africa,Eastern Africa,kenya,Mandera,89,89,100.0,105024.410063701,47089.013291999,44.8362559365369
6071.0,Asia,South-Central Asia,kyrgyzstan,Kerben,46,46,100.0,40103.396797648,0.0,0.0
6110.0,Asia,South-Central Asia,kyrgyzstan,Kara-Balta,55,55,100.0,48802.012051280006,0.0,0.0
6123.0,Asia,South-Central Asia,kyrgyzstan,Масадан,94,94,100.0,79620.582312492,0.0,0.0
6125.0,Asia,South-Central Asia,kyrgyzstan,Jalalabat,95,95,100.0,98311.669345733,0.0,0.0
6126.0,Asia,South-Central Asia,kyrgyzstan,Nookat,92,92,100.0,91292.04635725402,0.0,0.0
6129.0,Asia,South-Central Asia,kyrgyzstan,Osh,380,380,100.0,465703.264034384,0.0,0.0
6130.0,Asia,South-Central Asia,kyrgyzstan,Bishkek,1021,1021,100.0,1377644.9372691251,4473.017374227,0.3246857919061324
6136.0,Asia,South-Central Asia,kyrgyzstan,Uzgen,84,84,100.0,82921.227708386,0.0,0.0
6141.0,Asia,South-Central Asia,kyrgyzstan,Gul'cha,31,31,100.0,27631.39517101,0.0,0.0
10695.0,Asia,South-Eastern Asia,laos,Luang Prabang,45,45,100.0,56663.06375124201,0.0,0.0
10853.0,Asia,South-Eastern Asia,laos,Vientiane,199,199,100.0,217246.751809504,0.0,0.0
11208.0,Asia,South-Eastern Asia,laos,Thakhek,81,81,100.0,92983.25116370499,0.0,0.0
11480.0,Asia,South-Eastern Asia,laos,Pakse,72,72,100.0,80997.714185737,0.0,0.0
4327.0,Asia,Western Asia,lebanon,Tyre,81,81,100.0,95963.07307523,0.0,0.0
4334.0,Asia,Western Asia,lebanon,Saida,157,157,100.0,214116.761980312,10922.5030952,5.101190114300497
4337.0,Asia,Western Asia,lebanon,Beirut,1465,1465,100.0,1653505.216963286,42352.686263742005,2.561388124406649
4346.0,Asia,Western Asia,lebanon,Nabatieh,97,97,100.0,103468.463073119,0.0,0.0
4361.0,Asia,Western Asia,lebanon,Tripoli,239,239,100.0,345943.92308338505,12812.428544981,3.7036142825647325
4375.0,Asia,Western Asia,lebanon,Zahlé,98,98,100.0,102826.970730133,0.0,0.0
4398.0,Asia,Western Asia,lebanon,Baalbek,56,56,100.0,62664.20470592401,0.0,0.0
3631.0,Africa,Southern Africa,lesotho,Maseru,224,224,100.0,234325.79196567798,36960.996333826006,15.773336781996125
1526.0,Africa,Western Africa,liberia,Monrovia,706,706,100.0,1947174.754823365,399909.370901787,20.537929115564367
1529.0,Africa,Western Africa,liberia,Kakata,43,43,100.0,67675.15757881901,4188.222857191,6.188715338140315
1533.0,Africa,Western Africa,liberia,Buchanan,41,41,100.0,77870.73477870101,0.0,0.0
1534.0,Africa,Western Africa,liberia,Gbarnga,49,49,100.0,65323.232631053004,0.0,0.0
1541.0,Africa,Western Africa,liberia,Ganta,37,37,100.0,58523.33012872799,0.0,0.0
2949.0,Africa,Northern Africa,libya,Surman,57,57,100.0,56627.555981397,2550.740223267,4.504415172191003
2954.0,Africa,Northern Africa,libya,Al Zawiyah,139,139,100.0,127145.92823620401,7016.706530882,5.51862464509818
2971.0,Africa,Northern Africa,libya,Tripoli,1029,1029,100.0,1187393.720754516,37470.43287255301,3.1556873021648486
3039.0,Africa,Northern Africa,libya,Khoms,34,34,100.0,37741.138358293996,0.0,0.0
3042.0,Africa,Northern Africa,libya,Qabilat alturki,99,99,100.0,101068.28785052302,0.0,0.0
3058.0,Africa,Northern Africa,libya,Zliten,58,58,100.0,59954.028581668,0.0,0.0
3090.0,Africa,Northern Africa,libya,Sabha,106,106,100.0,109895.36640871201,0.0,0.0
3095.0,Africa,Northern Africa,libya,Misrata,289,289,100.0,265286.036291019,7006.646380095999,2.6411666735484345
3201.0,Africa,Northern Africa,libya,Sirte,63,63,100.0,58845.448341913,0.0,0.0
3349.0,Africa,Northern Africa,libya,Benghazi,579,579,100.0,624474.532164237,2060.537943222,0.3299634872347489
3358.0,Africa,Northern Africa,libya,Ajdabiya,103,103,100.0,89242.27557415099,0.0,0.0
3370.0,Africa,Northern Africa,libya,Marj,109,109,100.0,103483.14446940999,6620.678321517999,6.397832570187406
3395.0,Africa,Northern Africa,libya,Bayda,117,117,100.0,115160.22227888099,5096.743061467,4.425784320843293
3419.0,Africa,Northern Africa,libya,Derna,44,44,100.0,58816.302270283995,1010.91262559,1.7187626330952592
3459.0,Africa,Northern Africa,libya,Tobruk,107,107,100.0,121731.812350284,0.0,0.0
5491.0,Africa,Eastern Africa,madagascar,Toliara,78,78,100.0,91732.14148222297,69817.882299323,76.11059893641881
5763.0,Africa,Eastern Africa,madagascar,Mahajanga,53,53,100.0,176482.19419708295,136650.048956252,77.42993539827071
5767.0,Africa,Eastern Africa,madagascar,Antsirabe,42,42,100.0,44490.030910388,25886.220116976,58.18431587318096
5791.0,Africa,Eastern Africa,madagascar,Manakara,29,29,100.0,64107.077842461,31978.232052309002,49.88252955608652
5792.0,Africa,Eastern Africa,madagascar,Antananarivo,670,670,100.0,3456463.173688236,2158807.863195472,62.45713478532176
4403.0,Africa,Eastern Africa,malawi,Mchinji,32,32,100.0,34500.208468454,9656.734074678001,27.990364416226182
4490.0,Africa,Eastern Africa,malawi,Likuni,142,142,100.0,153017.679208414,118194.212308393,77.24219379082953
4495.0,Africa,Eastern Africa,malawi,Lilongwe,909,909,100.0,1002786.1445995381,745397.594742525,74.33265794076154
4526.0,Africa,Eastern Africa,malawi,Mzuzu,161,161,100.0,191815.58802598703,127157.36309988798,66.29146484312881
4558.0,Africa,Eastern Africa,malawi,Blantyre,236,236,100.0,514829.632055481,277800.65683052404,53.95972561279974
4562.0,Africa,Eastern Africa,malawi,Limbe,192,192,100.0,404503.655505709,162639.503751491,40.20717774432957
4592.0,Africa,Eastern Africa,malawi,Mangochi,55,55,100.0,67587.84418364201,24329.070730396998,35.9962224335678
10940.0,Asia,South-Eastern Asia,malaysia,George Town,482,482,100.0,766515.370306618,7196.470558697,0.9388553494782891
10943.0,Asia,South-Eastern Asia,malaysia,Alor Setar,192,192,100.0,241959.710312104,0.0,0.0
10956.0,Asia,South-Eastern Asia,malaysia,Bukit Mertajam,430,430,100.0,572953.445576172,0.0,0.0
10964.0,Asia,South-Eastern Asia,malaysia,Sungai Petani,226,226,100.0,265202.48469022696,0.0,0.0
10982.0,Asia,South-Eastern Asia,malaysia,Kulim,163,163,100.0,197884.38886224502,0.0,0.0
11019.0,Asia,South-Eastern Asia,malaysia,Taiping,172,172,100.0,211058.1977213,0.0,0.0
11020.0,Asia,South-Eastern Asia,malaysia,Sitiawan,83,83,100.0,83389.460868492,0.0,0.0
11074.0,Asia,South-Eastern Asia,malaysia,Ipoh,689,689,100.0,830257.171194018,0.0,0.0
11075.0,Asia,South-Eastern Asia,malaysia,Teluk Intan,62,62,100.0,78140.29116326201,0.0,0.0
11139.0,Asia,South-Eastern Asia,malaysia,Kuala Lumpur,5047,5047,100.0,8421562.814634807,5903.349157006,0.07009802440406059
11143.0,Asia,South-Eastern Asia,malaysia,Meru,95,95,100.0,132834.64714195402,0.0,0.0
11154.0,Asia,South-Eastern Asia,malaysia,Rawang,80,80,100.0,124911.771305154,0.0,0.0
11216.0,Asia,South-Eastern Asia,malaysia,Seremban,293,293,100.0,412315.56958043895,0.0,0.0
11220.0,Asia,South-Eastern Asia,malaysia,Kota Bharu,372,372,100.0,399476.371493368,0.0,0.0
11266.0,Asia,South-Eastern Asia,malaysia,Melaka City,383,383,100.0,493704.065061747,0.0,0.0
11321.0,Asia,South-Eastern Asia,malaysia,Muar,106,106,100.0,118882.74790928299,0.0,0.0
11367.0,Asia,South-Eastern Asia,malaysia,Kuala Terengganu,181,181,100.0,186220.57639577298,0.0,0.0
11383.0,Asia,South-Eastern Asia,malaysia,Batu Pahat,88,88,100.0,90243.450307669,0.0,0.0
11420.0,Asia,South-Eastern Asia,malaysia,Kuantan,219,219,100.0,261463.790823419,0.0,0.0
11432.0,Asia,South-Eastern Asia,malaysia,Dungun,71,71,100.0,64181.443008331,0.0,0.0
11442.0,Asia,South-Eastern Asia,malaysia,Chukai,51,51,100.0,59292.458939383,0.0,0.0
11452.0,Asia,South-Eastern Asia,malaysia,Kluang,114,114,100.0,112633.129333946,0.0,0.0
11496.0,Asia,South-Eastern Asia,malaysia,Kulai,119,119,100.0,141724.08958362901,0.0,0.0
11499.0,Asia,South-Eastern Asia,malaysia,Iskandar Puteri,33,33,100.0,41583.597666803995,0.0,0.0
12454.0,Asia,South-Eastern Asia,malaysia,Kuching,426,426,100.0,592546.511205056,0.0,0.0
12598.0,Asia,South-Eastern Asia,malaysia,Sibu,155,155,100.0,165595.890600469,0.0,0.0
12658.0,Asia,South-Eastern Asia,malaysia,Bintulu,77,77,100.0,104146.641707847,0.0,0.0
12660.0,Asia,South-Eastern Asia,malaysia,Tanjung Kidurong,16,16,100.0,38823.547418731,0.0,0.0
12684.0,Asia,South-Eastern Asia,malaysia,Kampong Luak,48,48,100.0,51490.48416130101,0.0,0.0
12685.0,Asia,South-Eastern Asia,malaysia,Miri,63,63,100.0,69694.35085190498,0.0,0.0
12732.0,Asia,South-Eastern Asia,malaysia,Kota Kinabalu,410,410,100.0,802039.625877024,0.0,0.0
12791.0,Asia,South-Eastern Asia,malaysia,Tawau,164,164,100.0,361127.669584139,0.0,0.0
12792.0,Asia,South-Eastern Asia,malaysia,Kg. Karamunting Baru,7,7,100.0,61695.158118246996,0.0,0.0
12793.0,Asia,South-Eastern Asia,malaysia,Sandakan,78,78,100.0,159347.629463326,0.0,0.0
12805.0,Asia,South-Eastern Asia,malaysia,Lahad Datu,45,45,100.0,117187.386702883,0.0,0.0
12834.0,Asia,South-Eastern Asia,malaysia,Semporna,22,22,100.0,78717.113591331,0.0,0.0
7464.0,Asia,South-Central Asia,maldives,Malé,115,115,100.0,209964.01449489,40736.182852564,19.401506944208013
1521.0,Africa,Western Africa,mali,Kayes,177,177,100.0,197901.322721366,68199.562112986,34.46139781946135
1536.0,Africa,Western Africa,mali,Kita,61,61,100.0,70431.67570408,5595.8534939989995,7.945080729741662
1552.0,Africa,Western Africa,mali,Kati,135,135,100.0,168514.312420366,60540.120812262,35.92580353723435
1553.0,Africa,Western Africa,mali,Bamako,3830,3830,100.0,3783597.187262366,1836584.270644419,48.54069235560684
1555.0,Africa,Western Africa,mali,Sénou,192,192,100.0,174974.873218177,68201.747864035,38.97802387831647
1565.0,Africa,Western Africa,mali,Bougouni,63,63,100.0,61032.129102604,6697.780342974001,10.974187598328818
1578.0,Africa,Western Africa,mali,Virage de Dioila,43,43,100.0,43367.055405156,650.600130278,1.500217444324451
1596.0,Africa,Western Africa,mali,Ségou,263,263,100.0,244103.167569297,92760.65733387502,38.000595509495696
1607.0,Africa,Western Africa,mali,Niono,59,59,100.0,72304.851713853,8364.821281122,11.568824335918485
1614.0,Africa,Western Africa,mali,Sikasso,322,322,100.0,344584.22410123004,109724.662093257,31.842624942987147
1624.0,Africa,Western Africa,mali,Koutiala,284,284,100.0,267708.83631354396,137212.30295917098,51.25430480690828
1648.0,Africa,Western Africa,mali,San,83,83,100.0,83509.286208793,3426.1448306409998,4.102711190794789
1676.0,Africa,Western Africa,mali,Mopti,51,51,100.0,63144.160823312006,36632.636801091,58.01429035314174
1679.0,Africa,Western Africa,mali,Socoura,120,120,100.0,127948.096152118,64043.442858801005,50.05423666692117
1717.0,Africa,Western Africa,mali,Timbuktu,111,111,100.0,122932.824691696,29471.693579536997,23.97381956645773
1954.0,Africa,Western Africa,mali,Gao,126,126,100.0,134662.495309222,66472.442521139,49.36225366127373
1459.0,Africa,Western Africa,mauritania,Nouadhibou,173,173,100.0,165251.435249211,60209.338942522,36.43498699525484
1474.0,Africa,Western Africa,mauritania,Nouakchott,1628,1628,100.0,1500486.7293059188,708133.2940507189,47.193572606822094
1478.0,Africa,Western Africa,mauritania,Rosso Sénégal,27,27,100.0,40708.728171363,27583.574519548998,67.75837948912627
5960.0,Africa,Eastern Africa,mauritius,Port Louis,447,447,100.0,561324.3734052279,98793.89194822601,17.60014291716945
100.0,Latin America and the Caribbean,Central America,mexico,Tepatitlán,84,84,100.0,84762.641600811,0.0,0.0
102.0,Latin America and the Caribbean,Central America,mexico,Jacona de Plancarte,54,54,100.0,57164.143463118,3056.298406385,5.346530571838109
103.0,Latin America and the Caribbean,Central America,mexico,Nuevo Casas Grandes,61,61,100.0,51912.115113338994,1184.02506545,2.280826090142801
104.0,Latin America and the Caribbean,Central America,mexico,Hidalgo del Parral,112,112,100.0,115314.36049007499,5050.9796624,4.380182694448306
105.0,Latin America and the Caribbean,Central America,mexico,Zamora,117,117,100.0,127828.548892622,2600.21599352,2.0341434022725413
106.0,Latin America and the Caribbean,Central America,mexico,Uruapan,296,296,100.0,331080.170355506,54379.018064738,16.42472818784257
107.0,Latin America and the Caribbean,Central America,mexico,Arandas,66,66,100.0,63275.338526749,613.093993505,0.9689304044510497
108.0,Latin America and the Caribbean,Central America,mexico,La Piedad de Cabadas,119,119,100.0,109892.80048597898,7243.909489444,6.591796239070491
109.0,Latin America and the Caribbean,Central America,mexico,San Juan de los Lagos,72,72,100.0,64562.886295766,0.0,0.0
110.0,Latin America and the Caribbean,Central America,mexico,Pátzcuaro,65,65,100.0,73681.641832418,1510.6365209800001,2.050221036626466
111.0,Latin America and the Caribbean,Central America,mexico,Chihuahua,808,808,100.0,786048.183666029,12629.270032837001,1.6066788646385122
112.0,Latin America and the Caribbean,Central America,mexico,Aguascalientes,934,934,100.0,873449.7513920551,9708.357268063002,1.1114957961337064
113.0,Latin America and the Caribbean,Central America,mexico,Fresnillo,129,129,100.0,151502.879281278,1243.611217666,0.8208498898275919
114.0,Latin America and the Caribbean,Central America,mexico,San Francisco del Rincón,123,123,100.0,127694.69918203799,4212.756432847,3.2990848170145357
115.0,Latin America and the Caribbean,Central America,mexico,Zacatecas,250,250,100.0,280937.58984635,16570.470056188,5.898274440686524
116.0,Latin America and the Caribbean,Central America,mexico,Morelia,611,611,100.0,635587.9009036589,19764.070284315996,3.1095730828444124
117.0,Latin America and the Caribbean,Central America,mexico,Delicias,148,148,100.0,133693.890467066,584.961633088,0.4375380438435957
118.0,Latin America and the Caribbean,Central America,mexico,Lagos de Moreno,119,119,100.0,116431.665401657,3641.299755841,3.1274136149126823
119.0,Latin America and the Caribbean,Central America,mexico,León,1359,1359,100.0,1379752.6679431791,110490.98886042999,8.008028643651096
120.0,Latin America and the Caribbean,Central America,mexico,Uriangato,126,126,100.0,120106.63612822197,14329.717830727,11.930829380176009
121.0,Latin America and the Caribbean,Central America,mexico,Irapuato,440,440,100.0,463417.314423064,9460.494020077002,2.0414632180618755
122.0,Latin America and the Caribbean,Central America,mexico,Acapulco,573,573,100.0,738908.504295675,305187.41742855404,41.30246379008151
123.0,Latin America and the Caribbean,Central America,mexico,Silao,98,98,100.0,104909.279795557,6619.690420784001,6.309918849585268
124.0,Latin America and the Caribbean,Central America,mexico,Valle de Santiago,89,89,100.0,89826.81287197901,9496.514585789999,10.572026638999663
125.0,Latin America and the Caribbean,Central America,mexico,Salamanca,172,172,100.0,177442.75550795702,6744.013675300001,3.8006700560945585
126.0,Latin America and the Caribbean,Central America,mexico,Torreon,1272,1272,100.0,1333791.973562571,29169.51739108,2.186961532926903
127.0,Latin America and the Caribbean,Central America,mexico,Guanajuato,103,103,100.0,135322.93532886603,30629.836449020997,22.634623151340467
128.0,Latin America and the Caribbean,Central America,mexico,Cortazar,84,84,100.0,77608.48258400099,9387.153514817,12.095525131104889
129.0,Latin America and the Caribbean,Central America,mexico,Acámbaro,73,73,100.0,67593.646115372,18600.232323541,27.517723029459383
130.0,Latin America and the Caribbean,Central America,mexico,Matamoros,58,58,100.0,51343.52149811,1102.93384202,2.148146075373112
131.0,Latin America and the Caribbean,Central America,mexico,Ciudad Hidalgo,81,81,100.0,72640.94234581599,3282.22667197,4.518425237856309
132.0,Latin America and the Caribbean,Central America,mexico,Celaya,370,370,100.0,379465.16538408096,6416.332031574,1.6908882861697252
134.0,Latin America and the Caribbean,Central America,mexico,Zitácuaro,108,108,100.0,108182.499408157,3321.4479897700003,3.070226707592191
135.0,Latin America and the Caribbean,Central America,mexico,Dolores Hidalgo,89,89,100.0,83620.20843098701,4321.948966868,5.168546034461237
136.0,Latin America and the Caribbean,Central America,mexico,Chilpancingo,173,173,100.0,219721.04534583603,23372.285374267,10.637253858627673
137.0,Latin America and the Caribbean,Central America,mexico,San Miguel de Allende,87,87,100.0,92834.277149104,26815.078573836,28.88488971672335
138.0,Latin America and the Caribbean,Central America,mexico,San Pedro de las Colonias,54,54,100.0,50755.971075022,0.0,0.0
139.0,Latin America and the Caribbean,Central America,mexico,Querétaro,856,856,100.0,903133.426412375,13922.690766120002,1.541598434843318
141.0,Latin America and the Caribbean,Central America,mexico,Iguala,109,109,100.0,109444.34457808902,15521.550359841998,14.182140173325545
142.0,Latin America and the Caribbean,Central America,mexico,Taxco,58,58,100.0,62184.21741962001,14971.337441323,24.075783313788765
143.0,Latin America and the Caribbean,Central America,mexico,Ciudad Juárez,1719,1719,100.0,1724864.183176829,158655.243140295,9.198129608563507
144.0,Latin America and the Caribbean,Central America,mexico,San Luis Potosí,969,969,100.0,1002330.225301492,25895.447054066997,2.583524511223622
146.0,Latin America and the Caribbean,Central America,mexico,Toluca,1548,1548,100.0,1569756.662191275,519207.490561332,33.075667271674654
148.0,Latin America and the Caribbean,Central America,mexico,San Luis de la Paz,81,81,100.0,78508.282152256,1374.934246588,1.7513238207422555
150.0,Latin America and the Caribbean,Central America,mexico,San Juan del Río,181,181,100.0,178359.82505880803,4534.004512114,2.5420548100554976
151.0,Latin America and the Caribbean,Central America,mexico,Capulhuac de Mirafuentes,128,128,100.0,121672.04025945,47409.506500699,38.96499672365509
152.0,Latin America and the Caribbean,Central America,mexico,Xonacatlán,73,73,100.0,67221.018428537,26383.611193163004,39.249050088718235
153.0,Latin America and the Caribbean,Central America,mexico,Cuernavaca,742,742,100.0,877086.185253467,386779.51936499897,44.09823411518271
154.0,Latin America and the Caribbean,Central America,mexico,Mexico City,16713,16713,100.0,17596021.147334848,2104062.2659857757,11.957602507794576
155.0,Latin America and the Caribbean,Central America,mexico,Tlapa de Comonfort,65,65,100.0,63877.055050023,3897.181197078,6.101065858509074
156.0,Latin America and the Caribbean,Central America,mexico,Cuautla,220,220,100.0,229787.17588675302,80983.06001862901,35.24263689046783
157.0,Latin America and the Caribbean,Central America,mexico,Tula de Allende,72,72,100.0,66881.84342910399,5915.257764481999,8.844340199373068
158.0,Latin America and the Caribbean,Central America,mexico,Colonia Santa Teresa,39,39,100.0,56605.600550443,5417.4336566580005,9.570490559198923
159.0,Latin America and the Caribbean,Central America,mexico,Coyotepec,105,105,100.0,100028.659455587,48121.910592563996,48.10812306640004
161.0,Latin America and the Caribbean,Central America,mexico,Huehuetoca,49,49,100.0,60013.061060702,10870.104811911,18.112898458747352
163.0,Latin America and the Caribbean,Central America,mexico,Rioverde,60,60,100.0,60940.81510954999,0.0,0.0
164.0,Latin America and the Caribbean,Central America,mexico,Zumpango,68,68,100.0,63177.85719610599,20497.149394339995,32.44356536296604
165.0,Latin America and the Caribbean,Central America,mexico,Tepetlixpa,54,54,100.0,56406.949451574,38821.413482225,68.8238131288302
167.0,Latin America and the Caribbean,Central America,mexico,Los Reyes Acozac,61,61,100.0,62352.537949221005,19818.848201363,31.7851507784706
168.0,Latin America and the Caribbean,Central America,mexico,Chiconcuac,228,228,100.0,231269.95373277902,47936.539763315996,20.72752598839722
169.0,Latin America and the Caribbean,Central America,mexico,Matehuala,85,85,100.0,84683.03268994502,0.0,0.0
170.0,Latin America and the Caribbean,Central America,mexico,Tizayuca,95,95,100.0,96544.17621686701,10159.408559938001,10.523067219629013
172.0,Latin America and the Caribbean,Central America,mexico,Atlixco,70,70,100.0,67620.26791014601,20250.178750232,29.946907008917044
174.0,Latin America and the Caribbean,Central America,mexico,Fraccionamientos del Sur,76,76,100.0,83208.48528224799,2366.8397184759997,2.844469179372203
175.0,Latin America and the Caribbean,Central America,mexico,Pachuca,294,294,100.0,332445.16852564306,10028.75559823,3.0166645653797297
176.0,Latin America and the Caribbean,Central America,mexico,Texmelucan,155,155,100.0,151703.21995471002,24432.206712689,16.10526574187619
177.0,Latin America and the Caribbean,Central America,mexico,Puebla,1834,1834,100.0,2003877.066730427,534685.597881969,26.68255487121146
178.0,Latin America and the Caribbean,Central America,mexico,Saltillo,686,686,100.0,730247.173773989,9506.745014219,1.3018530376621944
179.0,Latin America and the Caribbean,Central America,mexico,Huajuapan,72,72,100.0,72709.20907847601,0.0,0.0
180.0,Latin America and the Caribbean,Central America,mexico,Tlaxcala,291,291,100.0,269544.97100276296,17648.07226541,6.547357273910741
181.0,Latin America and the Caribbean,Central America,mexico,Zacatelco,159,159,100.0,144140.02703234,74290.70345474398,51.54064764957741
184.0,Latin America and the Caribbean,Central America,mexico,Ramos Arizpe,84,84,100.0,88152.22986160898,8242.633749625,9.350454052682714
185.0,Latin America and the Caribbean,Central America,mexico,Apizaco,116,116,100.0,119150.823658939,748.143301742,0.6278960386237098
186.0,Latin America and the Caribbean,Central America,mexico,Tulancingo,133,133,100.0,127959.41625202101,11584.853249092,9.053537120140643
188.0,Latin America and the Caribbean,Central America,mexico,Monclova,307,307,100.0,290742.83727305895,9252.12989674,3.1822382912396954
189.0,Latin America and the Caribbean,Central America,mexico,Ciudad Valles,122,122,100.0,115508.041573231,22714.241253426,19.66464061207841
19.0,Latin America and the Caribbean,Central America,mexico,Rosarito,79,79,100.0,78430.92274205001,3856.471057158,4.917028797227689
191.0,Latin America and the Caribbean,Central America,mexico,Huamantla,74,74,100.0,64989.427271453,6779.291449568,10.431375893269095
195.0,Latin America and the Caribbean,Central America,mexico,Huauchinango,58,58,100.0,71432.07472504901,619.296511457,0.8669725943712956
197.0,Latin America and the Caribbean,Central America,mexico,Tehuacán,236,236,100.0,226841.07915815202,28745.885763473,12.672257542661209
198.0,Latin America and the Caribbean,Central America,mexico,García,185,185,100.0,176821.642459872,61099.707690364005,34.55442831565712
20.0,Latin America and the Caribbean,Central America,mexico,Ensenada,312,312,100.0,332786.16661203303,23130.772636293997,6.950641269671581
200.0,Latin America and the Caribbean,Central America,mexico,Monterrey,3909,3909,100.0,3992307.514880431,126031.75013419302,3.156864787204842
201.0,Latin America and the Caribbean,Central America,mexico,Ciudad Mante,81,81,100.0,81881.75977362199,7328.013197212,8.949506236152855
202.0,Latin America and the Caribbean,Central America,mexico,Oaxaca,480,480,100.0,507794.61824918503,180098.45762749502,35.466791327653866
207.0,Latin America and the Caribbean,Central America,mexico,Orizaba,309,309,100.0,304747.561473096,24110.863618719,7.911749482808437
208.0,Latin America and the Caribbean,Central America,mexico,Ciudad Victoria,321,321,100.0,322740.353431994,54072.149237929,16.754071396071264
209.0,Latin America and the Caribbean,Central America,mexico,Cadereyta Jiménez,82,82,100.0,75687.458772507,5461.877800244,7.21635775440778
210.0,Latin America and the Caribbean,Central America,mexico,San Luis,216,216,100.0,224616.92096075398,143837.32834487304,64.03672872446012
211.0,Latin America and the Caribbean,Central America,mexico,Teziutlán,82,82,100.0,102345.28418368498,7290.912526187,7.123838273878433
213.0,Latin America and the Caribbean,Central America,mexico,Linares,77,77,100.0,73193.072404916,10099.254576584999,13.798101712023067
214.0,Latin America and the Caribbean,Central America,mexico,Córdoba,197,197,100.0,229213.414310681,724.696650193,0.31616677076793154
215.0,Latin America and the Caribbean,Central America,mexico,Poza Rica,218,218,100.0,227665.93325391202,51237.039861799,22.505360872175455
216.0,Latin America and the Caribbean,Central America,mexico,Coatepec,56,56,100.0,63879.790047377,1192.44946365,1.8667084891256056
217.0,Latin America and the Caribbean,Central America,mexico,Papantla de Olarte,49,49,100.0,52856.292831756,29799.148001207996,56.377673129782394
218.0,Latin America and the Caribbean,Central America,mexico,Xalapa,498,498,100.0,555457.784413009,81775.06490715501,14.722102597512867
219.0,Latin America and the Caribbean,Central America,mexico,Túxpam,113,113,100.0,125764.244590197,50696.22988839,40.31052709264365
220.0,Latin America and the Caribbean,Central America,mexico,Martínez de la Torre,79,79,100.0,80473.57120781299,8747.328306936,10.869814990995135
221.0,Latin America and the Caribbean,Central America,mexico,Tampico,628,628,100.0,623797.488892085,118881.399627263,19.057691277085134
222.0,Latin America and the Caribbean,Central America,mexico,Altamira,150,150,100.0,157947.083247305,21736.464058275003,13.761864803949067
223.0,Latin America and the Caribbean,Central America,mexico,Tierra Blanca,61,61,100.0,58731.33027303901,0.0,0.0
224.0,Latin America and the Caribbean,Central America,mexico,Tuxtepec,84,84,100.0,96633.85497172398,34486.048779377,35.687336275126306
225.0,Latin America and the Caribbean,Central America,mexico,Veracruz,663,663,100.0,677938.06091647,49225.678934147,7.261087962460952
226.0,Latin America and the Caribbean,Central America,mexico,El Tejar,28,28,100.0,43408.602923292,6764.553044755,15.583438740723226
227.0,Latin America and the Caribbean,Central America,mexico,Santo Domingo Tehuantepec,57,57,100.0,56185.192990966,20784.251266126,36.9923998827732
228.0,Latin America and the Caribbean,Central America,mexico,Salina Cruz,84,84,100.0,89915.518050762,25525.151705593,28.387927088606357
23.0,Latin America and the Caribbean,Central America,mexico,Las Delicias,41,41,100.0,56171.304018402,8000.371241928,14.242808461963138
230.0,Latin America and the Caribbean,Central America,mexico,Ciudad Acuña,116,116,100.0,118088.744132777,10124.896281523,8.573972359413643
231.0,Latin America and the Caribbean,Central America,mexico,Piedras Negras,148,148,100.0,152610.555971288,3002.8400858319997,1.9676490048283102
232.0,Latin America and the Caribbean,Central America,mexico,Juchitán,98,98,100.0,85750.23244,19619.233379048997,22.879510434886228
234.0,Latin America and the Caribbean,Central America,mexico,Nuevo Laredo,600,600,100.0,609316.238256644,8242.967707501,1.3528225886586438
236.0,Latin America and the Caribbean,Central America,mexico,San Andrés Tuxtla,67,67,100.0,74351.327249135,0.0,0.0
237.0,Latin America and the Caribbean,Central America,mexico,Reynosa,604,604,100.0,627578.116237054,14272.444460799,2.2742100292432594
238.0,Latin America and the Caribbean,Central America,mexico,Acayucan,77,77,100.0,79691.04324173999,16472.147365547004,20.67001095164399
240.0,Latin America and the Caribbean,Central America,mexico,Río Bravo,88,88,100.0,86934.93038890099,3599.2418480450006,4.140156128202889
243.0,Latin America and the Caribbean,Central America,mexico,Minatitlán,152,152,100.0,166196.587687197,50240.698576735995,30.22968117209202
244.0,Latin America and the Caribbean,Central America,mexico,Coatzacoalcos,297,297,100.0,303596.65439809405,78747.51209608401,25.93820154316509
245.0,Latin America and the Caribbean,Central America,mexico,Matamoros,536,536,100.0,525714.015880143,7211.762342752,1.3718033236527218
249.0,Latin America and the Caribbean,Central America,mexico,Tuxtla Gutiérrez,566,566,100.0,574717.903438712,102331.606889768,17.80553664284458
251.0,Latin America and the Caribbean,Central America,mexico,Cárdenas,112,112,100.0,134170.57353004802,6220.85093928,4.636524072014059
252.0,Latin America and the Caribbean,Central America,mexico,Tapachula,239,239,100.0,302227.247490788,37543.02809781,12.422118921939466
254.0,Latin America and the Caribbean,Central America,mexico,San Cristóbal,165,165,100.0,206034.31421760202,91516.23725064802,44.41795901725071
255.0,Latin America and the Caribbean,Central America,mexico,Villahermosa,386,386,100.0,500174.615454928,77062.734174288,15.407166176195583
262.0,Latin America and the Caribbean,Central America,mexico,Comitán,125,125,100.0,125025.541884051,55469.061306449,44.36618347784579
290.0,Latin America and the Caribbean,Central America,mexico,Ciudad del Carmen,186,186,100.0,214783.480925896,44096.736682370996,20.530785930220176
31.0,Latin America and the Caribbean,Central America,mexico,Tecate,70,70,100.0,69365.726282271,3256.3032259989996,4.694397940487317
329.0,Latin America and the Caribbean,Central America,mexico,Campeche,207,207,100.0,226457.867639217,77540.092318845,34.240405567351964
350.0,Latin America and the Caribbean,Central America,mexico,Mérida,920,920,100.0,858445.671995391,79737.58184383201,9.288599668571702
363.0,Latin America and the Caribbean,Central America,mexico,Chetumal,195,195,100.0,180455.429007345,15852.955518235,8.784970120012153
375.0,Latin America and the Caribbean,Central America,mexico,Valladolid,62,62,100.0,56294.41093932299,27694.250144722,49.19538135779107
390.0,Latin America and the Caribbean,Central America,mexico,Playa del Carmen,278,278,100.0,235504.55948868702,30393.061366978,12.905508680156997
391.0,Latin America and the Caribbean,Central America,mexico,San Miguel de Cozumel,132,132,100.0,112027.252850369,20163.257328616,17.998528764734935
394.0,Latin America and the Caribbean,Central America,mexico,Cancún,621,621,100.0,608347.640299154,31923.910451804,5.247642686031537
43.0,Latin America and the Caribbean,Central America,mexico,Cabo San Lucas,277,277,100.0,253371.782637741,32294.399004665003,12.745854596933553
52.0,Latin America and the Caribbean,Central America,mexico,La Paz,361,361,100.0,365481.550374895,49472.050909061,13.536128118728492
53.0,Latin America and the Caribbean,Central America,mexico,San José del Cabo,158,158,100.0,146468.72984481198,25151.780043995997,17.172115898489093
57.0,Latin America and the Caribbean,Central America,mexico,Mexicali,796,796,100.0,785346.0032749709,3466.51298209,0.4413994554800427
59.0,Latin America and the Caribbean,Central America,mexico,San Luis Río Colorado,258,258,100.0,222704.705608553,3846.76129502,1.7272923284258908
61.0,Latin America and the Caribbean,Central America,mexico,Puerto Peñasco,82,82,100.0,73716.63309219801,0.0,0.0
62.0,Latin America and the Caribbean,Central America,mexico,Guaymas,105,105,100.0,124388.23571040001,19873.468042448003,15.976967539532676
63.0,Latin America and the Caribbean,Central America,mexico,Los Mochis,279,279,100.0,248805.482291998,7322.627282965001,2.9431133170816426
64.0,Latin America and the Caribbean,Central America,mexico,Heroica Caborca,73,73,100.0,67088.963367377,0.0,0.0
65.0,Latin America and the Caribbean,Central America,mexico,Hermosillo,719,719,100.0,769747.987021671,126885.645143629,16.484050271385346
66.0,Latin America and the Caribbean,Central America,mexico,Ciudad Obregón,358,358,100.0,330236.56381738,1262.574704579,0.3823243222931549
68.0,Latin America and the Caribbean,Central America,mexico,Navojoa,121,121,100.0,106378.04874009,22062.053457587,20.739291347118513
70.0,Latin America and the Caribbean,Central America,mexico,Guasave,92,92,100.0,86078.48795294102,1860.385238721,2.1612661687761867
71.0,Latin America and the Caribbean,Central America,mexico,Guamúchil,72,72,100.0,66184.840154334,0.0,0.0
73.0,Latin America and the Caribbean,Central America,mexico,Culiacán,700,700,100.0,667018.94030294,79950.76459724401,11.98628101338963
75.0,Latin America and the Caribbean,Central America,mexico,Mazatlán,386,386,100.0,418975.18964715395,30916.520592866,7.379081472318873
76.0,Latin America and the Caribbean,Central America,mexico,Puerto Vallarta,185,185,100.0,202833.592297935,16086.689185823,7.9309787908276235
77.0,Latin America and the Caribbean,Central America,mexico,Manzanillo,137,137,100.0,175569.266261715,38509.140543721,21.933873372983605
78.0,Latin America and the Caribbean,Central America,mexico,Heroica Nogales,218,218,100.0,286510.889841947,62700.267825957,21.88407842387612
80.0,Latin America and the Caribbean,Central America,mexico,Tecoman,136,136,100.0,120868.8489477,1524.241063447,1.2610702234010185
81.0,Latin America and the Caribbean,Central America,mexico,Tepic,385,385,100.0,415882.45283513103,18687.039560131,4.493346481136374
83.0,Latin America and the Caribbean,Central America,mexico,Colima,341,341,100.0,303840.761019139,16231.085731035,5.341971128756026
86.0,Latin America and the Caribbean,Central America,mexico,Ciudad Guzmán,102,102,100.0,92429.72929795501,0.0,0.0
87.0,Latin America and the Caribbean,Central America,mexico,Agua Prieta,126,126,100.0,111252.98816604502,475.984804378,0.4278400178048188
88.0,Latin America and the Caribbean,Central America,mexico,Guadalajara,3964,3964,100.0,4135081.1074847556,215933.087851367,5.221979502663554
89.0,Latin America and the Caribbean,Central America,mexico,Tlajomulco,49,49,100.0,49294.780558804,1341.21462794,2.7208045410407253
91.0,Latin America and the Caribbean,Central America,mexico,Tesistán,48,48,100.0,58872.453462035,4558.806022097,7.743529875201874
92.0,Latin America and the Caribbean,Central America,mexico,Lázaro Cárdenas,111,111,100.0,121769.979164342,13804.626111347001,11.336641597610965
93.0,Latin America and the Caribbean,Central America,mexico,Durango,563,563,100.0,547226.712699329,34497.687149026,6.304094143880104
94.0,Latin America and the Caribbean,Central America,mexico,Apatzingán,125,125,100.0,118828.908441541,0.0,0.0
95.0,Latin America and the Caribbean,Central America,mexico,Sahuayo de Morelos,91,91,100.0,82902.09779496401,3938.021269393,4.750207020252532
96.0,Latin America and the Caribbean,Central America,mexico,Ocotlán,103,103,100.0,103386.60721499698,1740.97299736,1.6839444143278346
97.0,Latin America and the Caribbean,Central America,mexico,Cuauhtémoc,130,130,100.0,116578.456895544,4606.50161915,3.9514175618892367
99.0,Latin America and the Caribbean,Central America,mexico,Zihuatanejo,64,64,100.0,83886.081522817,30998.065739851,36.95257327214591
3468.0,Europe,Eastern Europe,moldova,Bălți,60,60,100.0,66193.196749842,0.0,0.0
3498.0,Europe,Eastern Europe,moldova,Chișinău,330,330,100.0,474638.35374102497,0.0,0.0
3501.0,Europe,Eastern Europe,moldova,Rybnitsa,50,50,100.0,69609.078210339,0.0,0.0
3534.0,Europe,Eastern Europe,moldova,Bender,54,54,100.0,67595.01634856101,0.0,0.0
3537.0,Europe,Eastern Europe,moldova,Tiraspol,82,82,100.0,97961.375274193,0.0,0.0
9602.0,Asia,Eastern Asia,mongolia,Ulaanbaatar,922,922,100.0,1405983.738511537,0.0,0.0
1537.0,Africa,Northern Africa,morocco,Guelmim,125,125,100.0,122094.43014281902,85838.61831566201,70.30510582280695
1542.0,Africa,Northern Africa,morocco,Tiznit,73,73,100.0,79999.150375456,24239.194349844,30.299314725323217
1543.0,Africa,Northern Africa,morocco,Essaouira,61,61,100.0,74048.67912760301,15104.345117511,20.397858942875562
1544.0,Africa,Northern Africa,morocco,Agadir,962,962,100.0,1113255.217572292,237321.351603946,21.317784804232005
1546.0,Africa,Northern Africa,morocco,Ouled-Teima,63,63,100.0,72269.357540731,51766.562024911,71.63002936027952
1547.0,Africa,Northern Africa,morocco,Safi,308,308,100.0,374925.75084765395,176819.563735403,47.161221478023066
1550.0,Africa,Northern Africa,morocco,Taroudant,64,64,100.0,75775.51173865201,31969.594660989,42.18987629044511
1557.0,Africa,Northern Africa,morocco,Youssoufia ⵍⵉⵡⵙⵓⴼⵉⵢⴰ اليوسفية,68,68,100.0,77188.46016283802,44106.097487629,57.140792023292164
1558.0,Africa,Northern Africa,morocco,El Jadida,217,217,100.0,250575.823549757,73408.995083514,29.296120449121116
1560.0,Africa,Northern Africa,morocco,Sidi Bennour,64,64,100.0,76972.811645508,47691.149207362,61.95843465742124
1564.0,Africa,Northern Africa,morocco,Azemmour,49,49,100.0,70294.714801093,34198.326250428,48.64992531400989
1570.0,Africa,Northern Africa,morocco,Marrakesh,508,508,100.0,1079192.448194694,508829.55171266303,47.14910232774966
1574.0,Africa,Northern Africa,morocco,Dar Bouazza,46,46,100.0,64890.63869398801,2395.1921346209997,3.6911212199902566
1575.0,Africa,Northern Africa,morocco,Casablanca,3495,3495,100.0,4538070.198067658,538296.314956151,11.861789074689971
1577.0,Africa,Northern Africa,morocco,Settat,142,142,100.0,159482.574478888,15236.212635275,9.553528142531922
1579.0,Africa,Northern Africa,morocco,Berrechid,160,160,100.0,171082.049345296,3563.2921323829996,2.082797199366711
1581.0,Africa,Northern Africa,morocco,Deroua,70,70,100.0,70482.460330546,38685.585241443005,54.886825828747746
1582.0,Africa,Northern Africa,morocco,El Kelaa des Sraghna,111,111,100.0,110605.19281462698,43372.760158007004,39.21403602695151
1594.0,Africa,Northern Africa,morocco,Khouribga,219,219,100.0,229866.842653803,163329.75256048102,71.05407229457103
1595.0,Africa,Northern Africa,morocco,Rabat,1716,1716,100.0,2143514.757639471,682694.9575808169,31.849323880215756
1597.0,Africa,Northern Africa,morocco,Ain El Aouda,62,62,100.0,57989.458898903,2041.5720363320002,3.5205916300947258
1598.0,Africa,Northern Africa,morocco,Souk Sebt Oulad Nemma,61,61,100.0,65670.87924703301,30337.796419059,46.19672641345007
1600.0,Africa,Northern Africa,morocco,Fkih Ben Salah,100,100,100.0,114307.44812478099,66290.75548138999,57.99338238136965
1604.0,Africa,Northern Africa,morocco,Kenitra,545,545,100.0,592415.911894278,138377.40249922,23.358150873556333
1605.0,Africa,Northern Africa,morocco,Oued Zem,100,100,100.0,104588.33593284298,70133.763507545,67.05696470070855
1608.0,Africa,Northern Africa,morocco,Beni Mellal,208,208,100.0,232643.58855117203,152078.66820785397,65.36980845032096
1609.0,Africa,Northern Africa,morocco,Bejaad,46,46,100.0,55154.403088014,40446.417856185,73.33307150771195
1612.0,Africa,Northern Africa,morocco,Kasba Tadla,58,58,100.0,68366.114505211,0.0,0.0
1613.0,Africa,Northern Africa,morocco,Tiflet,99,99,100.0,102667.901982204,50685.456240018,49.36835686854066
1616.0,Africa,Northern Africa,morocco,Sidi Yahya du Gharb,54,54,100.0,59629.84984863701,39846.446806722,66.82298699035344
1621.0,Africa,Northern Africa,morocco,Larache,112,112,100.0,134339.711369592,17177.20416271,12.786393529946267
1623.0,Africa,Northern Africa,morocco,Khemisset,155,155,100.0,156824.005780681,16428.193292958003,10.475560301611537
1629.0,Africa,Northern Africa,morocco,Souk El Arba Du Gharb,60,60,100.0,96457.27677050601,63779.02113739301,66.12152371784032
1630.0,Africa,Northern Africa,morocco,Zagora,34,34,100.0,47239.07431333401,2712.376740311,5.741807560241262
1631.0,Africa,Northern Africa,morocco,Sidi Slimane,142,142,100.0,139172.960736912,47273.059557276996,33.96712932380625
1634.0,Africa,Northern Africa,morocco,Ksar el-Kebir,124,124,100.0,157788.55036012304,79864.08424303,50.61462575120632
1635.0,Africa,Northern Africa,morocco,Tangier,1201,1201,100.0,1340676.863069676,379794.933398713,28.32859608907674
1640.0,Africa,Northern Africa,morocco,Sidi Kacem,84,84,100.0,99199.985805766,12069.651976450003,12.166989620424374
1641.0,Africa,Northern Africa,morocco,Khenifra,100,100,100.0,125779.17132781501,79537.464059459,63.23579907531952
1643.0,Africa,Northern Africa,morocco,Meknes,624,624,100.0,757145.6167758789,74955.52370016,9.89975006648522
1645.0,Africa,Northern Africa,morocco,Ouazzane,63,63,100.0,78072.69370927902,25820.535512731003,33.07242812561264
1652.0,Africa,Northern Africa,morocco,Tétouan,395,395,100.0,490547.76404203,27805.536571113,5.668262829698808
1657.0,Africa,Northern Africa,morocco,Martil,66,66,100.0,75452.291547313,1926.0699164970001,2.5526990327248598
1658.0,Africa,Northern Africa,morocco,Azrou,43,43,100.0,65160.11924523499,24106.015848081,36.99504563114165
1660.0,Africa,Northern Africa,morocco,Chefchaouen,44,44,100.0,68127.184896848,3510.765614051,5.15325214063473
1661.0,Africa,Northern Africa,morocco,Ain Taoujdate,51,51,100.0,55484.060569718,15131.51202161,27.27181800725748
1664.0,Africa,Northern Africa,morocco,Fez,1048,1048,100.0,1438524.30268308,274934.62592689204,19.11226841382482
1668.0,Africa,Northern Africa,morocco,Sefrou,78,78,100.0,106209.23457827001,8132.010197125,7.656594296546015
1670.0,Africa,Northern Africa,morocco,Midelt,52,52,100.0,58084.29140319901,17331.221445881,29.838052642450723
1681.0,Africa,Northern Africa,morocco,Errachidia,88,88,100.0,104773.66956777801,47690.989950091,45.51810597722717
1690.0,Africa,Northern Africa,morocco,Taza,134,134,100.0,174777.039708354,4334.439170686999,2.4799820261973586
1694.0,Africa,Northern Africa,morocco,Al Hoceima,45,45,100.0,59837.75390923901,0.0,0.0
1714.0,Africa,Northern Africa,morocco,Guercif,73,73,100.0,114448.403512065,570.684379692,0.49863900428444086
1733.0,Africa,Northern Africa,morocco,Nador,215,215,100.0,257011.99251681098,747.185154983,0.29071995733200157
1734.0,Africa,Northern Africa,morocco,Melilla,96,96,100.0,134643.025239243,3836.79670649,2.8496067283637716
1735.0,Africa,Northern Africa,morocco,Taourirt,89,89,100.0,109333.408386466,13664.884897496999,12.498361753431375
1765.0,Africa,Northern Africa,morocco,Berkane,156,156,100.0,164866.88972906698,30480.010945736,18.487648427058424
1787.0,Africa,Northern Africa,morocco,Oujda,584,584,100.0,602153.3113106671,23158.597813010005,3.8459637069174666
4220.0,Africa,Eastern Africa,mozambique,Maputo,3172,3172,100.0,3216385.283813557,1903096.4681365788,59.16879665237565
4338.0,Africa,Eastern Africa,mozambique,Chibuto,89,89,100.0,78309.69249873799,20227.533702098,25.83017894295011
4345.0,Africa,Eastern Africa,mozambique,Xai-Xai,161,161,100.0,152184.949671552,14217.777476952,9.342433340246217
4392.0,Africa,Eastern Africa,mozambique,Catandica,59,59,100.0,73092.34461605201,27160.354432210996,37.15895908782523
4404.0,Africa,Eastern Africa,mozambique,Chimoio,344,344,100.0,400312.688570241,324123.958690532,80.9676954902866
4457.0,Africa,Eastern Africa,mozambique,Tete,229,229,100.0,250891.04653335304,171862.982644554,68.50104259169201
4472.0,Africa,Eastern Africa,mozambique,Moatize,111,111,100.0,139514.84179909198,93919.51546625899,67.31865531662041
4512.0,Africa,Eastern Africa,mozambique,Maxixe,52,52,100.0,48692.495755462,23838.333255334,48.956893429846374
4515.0,Africa,Eastern Africa,mozambique,Dondo,53,53,100.0,85072.270307448,36727.648593138,43.172291582681005
4516.0,Africa,Eastern Africa,mozambique,Inhambane,38,38,100.0,43636.41118384399,19598.551421070002,44.91329806775264
4521.0,Africa,Eastern Africa,mozambique,Beira,156,156,100.0,301863.545204944,207735.60495692497,68.81771855421867
4522.0,Africa,Eastern Africa,mozambique,Massinga,57,57,100.0,55793.316995315,8352.800625957,14.970969778796963
4523.0,Africa,Eastern Africa,mozambique,Manga,150,150,100.0,194493.10510220198,144208.431425923,74.14578082351275
4601.0,Africa,Eastern Africa,mozambique,Lichinga,208,208,100.0,223332.96069593698,168316.652270168,75.36579094535334
4698.0,Africa,Eastern Africa,mozambique,Quelimane,263,263,100.0,438473.270122302,332530.60346730397,75.8382839105682
4699.0,Africa,Eastern Africa,mozambique,Cuamba,18,18,100.0,29172.600638938,11125.179756705,38.13571472217569
4716.0,Africa,Eastern Africa,mozambique,Namacurra,18,18,100.0,45363.782166116995,6012.681396577,13.2543652876192
4722.0,Africa,Eastern Africa,mozambique,Mocuba,99,99,100.0,139259.87588497502,95044.12193717499,68.24946621069728
5106.0,Africa,Eastern Africa,mozambique,Moma,27,27,100.0,50931.747463053005,22354.198400672998,43.890499568838116
5143.0,Africa,Eastern Africa,mozambique,Montepuez,71,71,100.0,86757.95319919301,520.174729631,0.599570080263072
5145.0,Africa,Eastern Africa,mozambique,Nampula,333,333,100.0,711305.3650853462,527063.401590657,74.09804951034175
5373.0,Africa,Eastern Africa,mozambique,Mocímboa da Praia,43,43,100.0,56950.317623416,2190.602815242,3.846515536098257
5374.0,Africa,Eastern Africa,mozambique,N/A,182,182,100.0,254857.64367967797,82589.771382517,32.40623674851256
5376.0,Africa,Eastern Africa,mozambique,Nacala,108,108,100.0,234107.96865796007,169060.1453975,72.21460523819366
10104.0,Asia,South-Eastern Asia,myanmar,Sittwe,71,71,100.0,92958.04672948299,0.0,0.0
10121.0,Asia,South-Eastern Asia,myanmar,Monywa,216,216,100.0,248190.202914089,0.0,0.0
10125.0,Asia,South-Eastern Asia,myanmar,Mohnyin,95,95,100.0,99342.843224478,0.0,0.0
10129.0,Asia,South-Eastern Asia,myanmar,Chauk,24,24,100.0,68324.857574405,1469.78190353,2.1511671677169963
10131.0,Asia,South-Eastern Asia,myanmar,Pakokku,109,109,100.0,119570.112817571,0.0,0.0
10132.0,Asia,South-Eastern Asia,myanmar,Katha,56,56,100.0,62128.406201759004,0.0,0.0
10135.0,Asia,South-Eastern Asia,myanmar,Shwebo,86,86,100.0,110675.367948455,0.0,0.0
10141.0,Asia,South-Eastern Asia,myanmar,Kyaukpadaung,62,62,100.0,71803.28955605399,0.0,0.0
10142.0,Asia,South-Eastern Asia,myanmar,Myingyan,61,61,100.0,130477.92854412599,0.0,0.0
10143.0,Asia,South-Eastern Asia,myanmar,Magway,147,147,100.0,131086.243808757,0.0,0.0
10147.0,Asia,South-Eastern Asia,myanmar,Myitkyina,400,400,100.0,455431.302191959,0.0,0.0
10155.0,Asia,South-Eastern Asia,myanmar,Mandalay,1990,1990,100.0,2023747.0333276982,62917.02832950401,3.1089373964911
10157.0,Asia,South-Eastern Asia,myanmar,Madaya,39,39,100.0,61069.02678303501,0.0,0.0
10159.0,Asia,South-Eastern Asia,myanmar,Mogok,77,77,100.0,99316.964645692,0.0,0.0
10161.0,Asia,South-Eastern Asia,myanmar,Bhamo,54,54,100.0,106930.76568277602,0.0,0.0
10162.0,Asia,South-Eastern Asia,myanmar,Aunglan,49,49,100.0,78979.180849753,0.0,0.0
10163.0,Asia,South-Eastern Asia,myanmar,N/A,24,24,100.0,40698.57638788399,0.0,0.0
10164.0,Asia,South-Eastern Asia,myanmar,Tan Soe တံစိုး,68,68,100.0,87402.71145411099,0.0,0.0
10165.0,Asia,South-Eastern Asia,myanmar,Meiktila,130,130,100.0,153949.78920577402,0.0,0.0
10166.0,Asia,South-Eastern Asia,myanmar,Taungdwingyi,43,43,100.0,59323.047247033,0.0,0.0
10168.0,Asia,South-Eastern Asia,myanmar,Wundwin,39,39,100.0,53342.72031109799,0.0,0.0
10170.0,Asia,South-Eastern Asia,myanmar,Pyin Oo Lwin,172,172,100.0,167044.405630156,0.0,0.0
10171.0,Asia,South-Eastern Asia,myanmar,Pyay,143,143,100.0,181493.421278767,0.0,0.0
10172.0,Asia,South-Eastern Asia,myanmar,Thazi,31,31,100.0,37333.518851092005,0.0,0.0
10176.0,Asia,South-Eastern Asia,myanmar,Pyawbwe,31,31,100.0,43629.926744385,0.0,0.0
10177.0,Asia,South-Eastern Asia,myanmar,Pathein,175,175,100.0,226018.93141467302,1647.0715738919998,0.7287316879089858
10178.0,Asia,South-Eastern Asia,myanmar,Nawnghkio,75,75,100.0,72431.93051641001,7347.367270316001,10.143823611951635
10180.0,Asia,South-Eastern Asia,myanmar,Myan Aung,39,39,100.0,77353.464665693,0.0,0.0
10181.0,Asia,South-Eastern Asia,myanmar,Yamethin,43,43,100.0,46794.83644239801,0.0,0.0
10184.0,Asia,South-Eastern Asia,myanmar,Kyaukme,88,88,100.0,103460.119722678,0.0,0.0
10189.0,Asia,South-Eastern Asia,myanmar,Namhkam,82,82,100.0,99662.09213745501,0.0,0.0
10191.0,Asia,South-Eastern Asia,myanmar,Myaungmya,102,102,100.0,178024.662590962,34243.182426634994,19.235077841609943
10194.0,Asia,South-Eastern Asia,myanmar,Nattalin,39,39,100.0,69547.72989260599,0.0,0.0
10197.0,Asia,South-Eastern Asia,myanmar,Tatkon,12,12,100.0,13723.414342069998,0.0,0.0
10199.0,Asia,South-Eastern Asia,myanmar,Hsipaw,47,47,100.0,75124.393420212,0.0,0.0
10200.0,Asia,South-Eastern Asia,myanmar,Naypyidaw,330,330,100.0,377367.760289056,1789.2614733179998,0.47414264322618926
10201.0,Asia,South-Eastern Asia,myanmar,Lewe,14,14,100.0,14760.069931248998,0.0,0.0
10203.0,Asia,South-Eastern Asia,myanmar,Hinthada,95,95,100.0,209242.38269897102,13870.795874768999,6.629056549563566
10209.0,Asia,South-Eastern Asia,myanmar,Lawksawk,60,60,100.0,65422.716456313006,0.0,0.0
10210.0,Asia,South-Eastern Asia,myanmar,Aungpan,58,58,100.0,100115.81581330801,8901.503424434,8.891206001890021
10213.0,Asia,South-Eastern Asia,myanmar,Kutkai,80,80,100.0,83300.143984655,2926.674211898,3.5134083470937725
10217.0,Asia,South-Eastern Asia,myanmar,Lashio,284,284,100.0,319023.047041725,901.240212594,0.28250003281929875
10224.0,Asia,South-Eastern Asia,myanmar,Taunggyi,321,321,100.0,384346.216613241,5961.582382937,1.5510969342872463
10226.0,Asia,South-Eastern Asia,myanmar,Nyaung Shwe,85,85,100.0,94789.75949406902,11257.497873535,11.876280659029819
10231.0,Asia,South-Eastern Asia,myanmar,Taungoo,144,144,100.0,177402.408540735,0.0,0.0
10233.0,Asia,South-Eastern Asia,myanmar,Hopong,60,60,100.0,82604.867127823,0.0,0.0
10236.0,Asia,South-Eastern Asia,myanmar,Kyaiklat,62,62,100.0,122400.64942610501,1033.78689731,0.8445926571117679
10238.0,Asia,South-Eastern Asia,myanmar,Pyapon,103,103,100.0,121031.579064771,5873.417537351,4.852797577901379
10242.0,Asia,South-Eastern Asia,myanmar,Pyu,79,79,100.0,100789.10597185702,0.0,0.0
10246.0,Asia,South-Eastern Asia,myanmar,Twante,91,91,100.0,132545.857363981,5392.79757722,4.06862778246699
10248.0,Asia,South-Eastern Asia,myanmar,Yangon,5331,5331,100.0,6214167.127816795,42055.036035517995,0.6767606208604348
10250.0,Asia,South-Eastern Asia,myanmar,Panglong,77,77,100.0,79111.88215137497,0.0,0.0
10252.0,Asia,South-Eastern Asia,myanmar,Laukkaing,54,54,100.0,66847.131233607,1638.6388750269998,2.4513226593083535
10257.0,Asia,South-Eastern Asia,myanmar,Loikaw,107,107,100.0,108722.292405963,0.0,0.0
10259.0,Asia,South-Eastern Asia,myanmar,Tangyan,70,70,100.0,106933.957482298,7529.229557602001,7.041008988046103
10260.0,Asia,South-Eastern Asia,myanmar,Nansang,41,41,100.0,57414.956137065004,2353.7089238,4.099470037355879
10261.0,Asia,South-Eastern Asia,myanmar,Dagon Seikkan,145,145,100.0,134685.697284182,1218.78624464,0.9049114116908825
10263.0,Asia,South-Eastern Asia,myanmar,Bago,266,266,100.0,386670.205083978,756.923222108,0.19575421435525645
10266.0,Asia,South-Eastern Asia,myanmar,Nyaunglebin,42,42,100.0,88830.62685291498,6590.92139517,7.419649763457365
10277.0,Asia,South-Eastern Asia,myanmar,Thongwa,71,71,100.0,127743.343162661,3274.6543209399997,2.563463770296229
10317.0,Asia,South-Eastern Asia,myanmar,Thaton,97,97,100.0,103429.264400584,1669.397325572,1.6140473735812184
10326.0,Asia,South-Eastern Asia,myanmar,Sar Hpo Su,22,22,100.0,38371.536865190006,0.0,0.0
10337.0,Asia,South-Eastern Asia,myanmar,Hpa-An,127,127,100.0,275014.392226845,12288.237953668999,4.468216319214695
10347.0,Asia,South-Eastern Asia,myanmar,Mawlamyine,204,204,100.0,236439.547538781,3612.80033398,1.5280017118910387
10357.0,Asia,South-Eastern Asia,myanmar,Mudon,66,66,100.0,73009.60549306001,0.0,0.0
10360.0,Asia,South-Eastern Asia,myanmar,Kengtung,113,113,100.0,144845.222175508,2635.431338956,1.8194810290412378
10365.0,Asia,South-Eastern Asia,myanmar,War Kha Yu,48,48,100.0,61265.379899894,4757.535879325,7.765455608205951
10403.0,Asia,South-Eastern Asia,myanmar,Myawaddy,91,91,100.0,138043.037119976,0.0,0.0
10407.0,Asia,South-Eastern Asia,myanmar,Tachileik,136,136,100.0,157106.268979738,877.291068221,0.5584061501289578
10431.0,Asia,South-Eastern Asia,myanmar,Payathonzu,52,52,100.0,69712.98404605099,638.292593791,0.9156007342468038
10452.0,Asia,South-Eastern Asia,myanmar,Dawei,93,93,100.0,92332.599621477,0.0,0.0
10550.0,Asia,South-Eastern Asia,myanmar,Myeik,191,191,100.0,267724.881156819,2707.139205464,1.0111645932072715
10610.0,Asia,South-Eastern Asia,myanmar,Kawthaung,72,72,100.0,97900.507035324,430.417963186,0.4396483493499156
3260.0,Africa,Southern Africa,namibia,Windhoek,347,347,100.0,405575.736074747,250341.076705335,61.72486528119067
7897.0,Asia,South-Central Asia,nepal,Nepalgunj,66,66,100.0,69241.192643425,0.0,0.0
8421.0,Asia,South-Central Asia,nepal,Pokhara,148,148,100.0,152417.655431132,2264.888471571,1.4859751418984144
8574.0,Asia,South-Central Asia,nepal,Bharatpur,97,97,100.0,94449.766916445,0.0,0.0
8759.0,Asia,South-Central Asia,nepal,Kathmandu,2370,2370,100.0,3699278.271054519,968271.6297324761,26.174609174682605
9245.0,Asia,South-Central Asia,nepal,Itahari,289,289,100.0,588638.614912557,54576.62947291,9.271669933005912
9268.0,Asia,South-Central Asia,nepal,Biratnagar,244,244,100.0,278728.688718597,14348.05697898,5.147678570491795
9347.0,Asia,South-Central Asia,nepal,Damak,22,22,100.0,23304.684666771,0.0,0.0
9408.0,Asia,South-Central Asia,nepal,Birtamod,54,54,100.0,49073.473694857006,0.0,0.0
354.0,Latin America and the Caribbean,Central America,nicaragua,El Viejo,42,42,100.0,46686.980860513,22643.379789976003,48.50041568896429
355.0,Latin America and the Caribbean,Central America,nicaragua,Chinandega,98,98,100.0,111331.92808435998,33453.801665666004,30.0487041240469
360.0,Latin America and the Caribbean,Central America,nicaragua,León,162,162,100.0,159584.401239296,42304.74212382599,26.50932158487736
367.0,Latin America and the Caribbean,Central America,nicaragua,Managua,1100,1100,100.0,1404911.078701103,338578.969710481,24.09967255888614
368.0,Latin America and the Caribbean,Central America,nicaragua,Jinotepe,46,46,100.0,51776.172374833994,6596.904629906,12.74119798224492
370.0,Latin America and the Caribbean,Central America,nicaragua,Esteli,99,99,100.0,101505.225560839,2322.7830749349996,2.288338420116901
371.0,Latin America and the Caribbean,Central America,nicaragua,Masaya,151,151,100.0,165806.054996302,69757.10104631502,42.07150399173952
372.0,Latin America and the Caribbean,Central America,nicaragua,Tipitapa,80,80,100.0,77913.179656871,27258.363957899,34.98556223471383
374.0,Latin America and the Caribbean,Central America,nicaragua,Granada,94,94,100.0,95620.44380224402,19407.510102602,20.296402454206707
376.0,Latin America and the Caribbean,Central America,nicaragua,Jinotega,75,75,100.0,77512.88777324698,8523.883831546,10.996731093907144
377.0,Latin America and the Caribbean,Central America,nicaragua,Matagalpa,120,120,100.0,141809.649335242,43835.405916455,30.91144088003974
384.0,Latin America and the Caribbean,Central America,nicaragua,Juigalpa,48,48,100.0,49326.750210264,5633.241189848,11.42025607978493
406.0,Latin America and the Caribbean,Central America,nicaragua,Bilwi (Puerto Cabezas),55,55,100.0,99955.40170864102,72283.218150058,72.31546961389402
2110.0,Africa,Western Africa,nigeria,Idiroko,44,44,100.0,108830.666265992,3330.310504542,3.060084642321696
2114.0,Africa,Western Africa,nigeria,Meko,94,94,100.0,86917.247780595,9656.948057234998,11.110508332721267
2118.0,Africa,Western Africa,nigeria,Badagry,59,59,100.0,75522.899356165,28610.874764772,37.88370813181244
2122.0,Africa,Western Africa,nigeria,Owode,87,87,100.0,83459.281475068,20897.693591094998,25.039388336140682
2124.0,Africa,Western Africa,nigeria,Ilaro,106,106,100.0,127472.48764809102,10341.010199326,8.112346742517552
2125.0,Africa,Western Africa,nigeria,Lagos,8414,8414,100.0,12850768.25630015,7865732.660311659,61.20826789056325
2126.0,Africa,Western Africa,nigeria,Aiyetoro,56,56,100.0,65820.436651502,1483.7437556280001,2.2542295844738094
2136.0,Africa,Western Africa,nigeria,Aiyete,47,47,100.0,67710.90975275499,26648.735633028,39.356635039073204
2139.0,Africa,Western Africa,nigeria,Abeokuta,521,521,100.0,757601.6407249421,147916.951125735,19.524370483700988
2141.0,Africa,Western Africa,nigeria,Igbo Ora,126,126,100.0,134661.80554595098,56231.958093062996,41.75791187789683
2147.0,Africa,Western Africa,nigeria,Ilero,18,18,100.0,62339.74176255499,1230.75719274,1.9742738066317544
2148.0,Africa,Western Africa,nigeria,Iwere,104,104,100.0,191088.06672658402,69751.07401644801,36.50205646606414
2151.0,Africa,Western Africa,nigeria,Saki,142,142,100.0,363391.23956609896,72037.96182301198,19.823802552044917
2157.0,Africa,Western Africa,nigeria,Ogunrun-Ori,190,190,100.0,247090.98771086402,13714.647630746,5.550444294955157
2161.0,Africa,Western Africa,nigeria,Eruwa Titun,86,86,100.0,120259.94849750599,5635.6930011389995,4.686259283784638
2165.0,Africa,Western Africa,nigeria,Ikorodu,579,579,100.0,806793.934308355,352353.29062863503,43.673269672100226
2173.0,Africa,Western Africa,nigeria,Iseyin,261,261,100.0,352840.23713222897,151636.48347351298,42.97596121858582
2174.0,Africa,Western Africa,nigeria,Kamba,61,61,100.0,66963.394371147,17153.049158277,25.615561038028652
2175.0,Africa,Western Africa,nigeria,Sagamu,103,103,100.0,103475.603954706,11567.463810811,11.178928528771268
2178.0,Africa,Western Africa,nigeria,Ishara,69,69,100.0,85698.32035528998,36814.000588041,42.95766875641986
2180.0,Africa,Western Africa,nigeria,Lakuwe,57,57,100.0,70616.504651947,2457.564341562,3.48015574216649
2182.0,Africa,Western Africa,nigeria,Ilishan,86,86,100.0,89760.90919198001,30086.873923036997,33.518905048841916
2184.0,Africa,Western Africa,nigeria,Igboho,140,140,100.0,135058.266093146,56641.259768088996,41.938388079871444
2189.0,Africa,Western Africa,nigeria,Ibadan,2993,2993,100.0,3890740.9555475516,2180303.1094611096,56.03824912456222
2190.0,Africa,Western Africa,nigeria,Kishi,165,165,100.0,154552.968138048,16692.819171962,10.800710832710658
2191.0,Africa,Western Africa,nigeria,Oyo,594,594,100.0,671940.2583763311,219405.077347295,32.65246792586338
2192.0,Africa,Western Africa,nigeria,Ijebu-Ode,291,291,100.0,358952.126952052,67404.50916369799,18.77813337841058
2193.0,Africa,Western Africa,nigeria,Ago-Iwoye,154,154,100.0,175681.107795863,60876.982180315,34.651979910698486
2196.0,Africa,Western Africa,nigeria,Kaiama,41,41,100.0,44915.459333414,4590.408520743,10.220108151778497
2200.0,Africa,Western Africa,nigeria,Epe,89,89,100.0,128003.66884188801,20460.086096772997,15.983984116928394
2202.0,Africa,Western Africa,nigeria,Bunza,18,18,100.0,84443.50396949901,34455.37203446,40.80286868117798
2204.0,Africa,Western Africa,nigeria,Ijebu-Igbo,182,182,100.0,242838.27240584604,118183.557956242,48.66759954490472
2206.0,Africa,Western Africa,nigeria,Dakingari,46,46,100.0,70009.012010019,24507.800564970996,35.00663680479262
2210.0,Africa,Western Africa,nigeria,Igbeti,79,79,100.0,97334.56780166499,36099.396385522,37.08795056149054
2211.0,Africa,Western Africa,nigeria,Birnin Kebbi,268,268,100.0,281387.719071411,101759.048976148,36.16328719389613
2212.0,Africa,Western Africa,nigeria,Iwo,221,221,100.0,252222.320147169,26053.754677616,10.32967846081739
2214.0,Africa,Western Africa,nigeria,Ikire,190,190,100.0,225329.11358245596,36055.307655268,16.001175827673983
2215.0,Africa,Western Africa,nigeria,Bagudo,23,23,100.0,53211.636603285006,15856.20184249,29.79837278959227
2216.0,Africa,Western Africa,nigeria,Ogbomosho,351,351,100.0,375264.61516625603,140013.109947393,37.31050152047031
2222.0,Africa,Western Africa,nigeria,Ejigbo,138,138,100.0,131610.438943474,24464.155734067,18.58830950679697
2223.0,Africa,Western Africa,nigeria,Awbere,23,23,100.0,41390.174791474994,10097.211078862,24.39518830189065
2224.0,Africa,Western Africa,nigeria,Jega,138,138,100.0,222475.26505541702,104301.20305165599,46.88215700099303
2225.0,Africa,Western Africa,nigeria,Gbongan,84,84,100.0,87083.849546864,28661.735413472998,32.91280250311941
2232.0,Africa,Western Africa,nigeria,Ede,81,81,100.0,103564.27506094602,3734.0686712220004,3.60555671250975
2236.0,Africa,Western Africa,nigeria,Erin-osun,242,242,100.0,303813.4823317691,123635.10659339,40.69441080905637
2237.0,Africa,Western Africa,nigeria,Koko,125,125,100.0,114283.122447207,52807.399547058994,46.20752252499343
2238.0,Africa,Western Africa,nigeria,Argungu,113,113,100.0,123458.929972895,32719.485701560996,26.502324059300086
2239.0,Africa,Western Africa,nigeria,New Bussa,58,58,100.0,57385.867837522,18295.054754388002,31.88076689227256
2240.0,Africa,Western Africa,nigeria,Ilorin,1054,1054,100.0,1189709.760814703,417399.680006592,35.08416033510226
2241.0,Africa,Western Africa,nigeria,Osogbo,336,336,100.0,467550.516705247,168368.94543612003,36.01085645730622
2243.0,Africa,Western Africa,nigeria,Ife,256,256,100.0,442281.4108841469,87019.984071286,19.675252436526296
2248.0,Africa,Western Africa,nigeria,Tambawal,21,21,100.0,47019.995749155,18770.176869135998,39.91956309241759
2251.0,Africa,Western Africa,nigeria,Inisa,63,63,100.0,81799.46354787902,14471.783722167,17.691783166397354
2254.0,Africa,Western Africa,nigeria,Iragbiji,144,144,100.0,263302.076653687,27946.813776587,10.613973931297387
2257.0,Africa,Western Africa,nigeria,Ijagbo Offa,163,163,100.0,181109.778578901,16323.014793702001,9.012773866647313
2259.0,Africa,Western Africa,nigeria,Yelwa,76,76,100.0,83368.40218638901,27873.926394660004,33.43464149923553
2260.0,Africa,Western Africa,nigeria,Ilesa,322,322,100.0,434708.68838617,70759.02129462501,16.277342317981645
2262.0,Africa,Western Africa,nigeria,Eripa,38,38,100.0,101633.095163222,22731.525666863003,22.366263302673545
2270.0,Africa,Western Africa,nigeria,Okitipupa,145,145,100.0,202237.90417860803,32689.856850995002,16.164060334666388
2273.0,Africa,Western Africa,nigeria,Ondo,296,296,100.0,462535.008396072,153864.585013728,33.265500388237136
2278.0,Africa,Western Africa,nigeria,Ebute Irele,173,173,100.0,173026.690304194,71472.60846970101,41.30727366052414
2281.0,Africa,Western Africa,nigeria,Ile Oluji,91,91,100.0,198013.28029059,79328.90897656299,40.06241847018827
2282.0,Africa,Western Africa,nigeria,Ore,80,80,100.0,198164.453391423,39595.792588979006,19.981279140294493
2283.0,Africa,Western Africa,nigeria,Ila Orangun,65,65,100.0,61549.446303056,3565.90059569,5.793554304505497
2284.0,Africa,Western Africa,nigeria,Effon Alaiye,63,63,100.0,127594.73623075499,44750.249124773996,35.07217495543327
2287.0,Africa,Western Africa,nigeria,Salka,42,42,100.0,43480.717271937,26137.690045710002,60.11329086923687
2289.0,Africa,Western Africa,nigeria,Share,8,8,100.0,54760.202177064,14282.00689125,26.08099737300082
2296.0,Africa,Western Africa,nigeria,Aramoko-Ekiti,65,65,100.0,170130.808194292,53453.960138728005,31.419330047314393
2299.0,Africa,Western Africa,nigeria,Igbara-Odo,41,41,100.0,74009.137001571,24756.798832987,33.45100326255863
2300.0,Africa,Western Africa,nigeria,Isarun,47,47,100.0,74178.912918741,16809.03408397,22.660124586057755
2302.0,Africa,Western Africa,nigeria,Gummi,11,11,100.0,96207.295659484,42640.705258772,44.32169615253969
2303.0,Africa,Western Africa,nigeria,Ijero-Ekiti,59,59,100.0,156119.46203645,41209.784314900004,26.3963145768966
2305.0,Africa,Western Africa,nigeria,Omu Aran,52,52,100.0,103214.86249535398,17127.733551117,16.59425119312441
2306.0,Africa,Western Africa,nigeria,Otun,95,95,100.0,152952.67945688797,31941.76389467099,20.883428788623647
2307.0,Africa,Western Africa,nigeria,Ilawe-Ekiti,54,54,100.0,131590.762473248,46718.19244419799,35.502638305402066
2308.0,Africa,Western Africa,nigeria,Oke Atan,39,39,100.0,70906.450960548,16816.968648215003,23.717120826667635
2309.0,Africa,Western Africa,nigeria,Idanre,58,58,100.0,107157.765174792,21813.822714671,20.35673539765322
2311.0,Africa,Western Africa,nigeria,Sokoto,794,794,100.0,888501.72180547,511605.67355539603,57.58071830359467
2312.0,Africa,Western Africa,nigeria,Akure,462,462,100.0,598623.454834891,53139.555688661996,8.876958505295898
2313.0,Africa,Western Africa,nigeria,Ido Ekiti,65,65,100.0,116695.598640256,21402.424827593004,18.34038736419824
2316.0,Africa,Western Africa,nigeria,Gwadabawa,37,37,100.0,48187.39236321,26140.637638349,54.247877621837844
2319.0,Africa,Western Africa,nigeria,Ado Ekiti,312,312,100.0,561854.076612617,45858.257267243,8.161951505935413
2320.0,Africa,Western Africa,nigeria,Zuru,118,118,100.0,144901.92823354498,43548.06068097099,30.053472173802003
2321.0,Africa,Western Africa,nigeria,Ikerre,143,143,100.0,366818.607221918,106884.385964612,29.13821269157948
2323.0,Africa,Western Africa,nigeria,Tuga Nama,59,59,100.0,112834.13661789,67040.78617327301,59.415340235468776
2324.0,Africa,Western Africa,nigeria,Rijau,37,37,100.0,49253.204756376,12415.215782058,25.206919719169758
2330.0,Africa,Western Africa,nigeria,Egosi,41,41,100.0,98473.37664595399,26047.733537196997,26.451549062695033
2332.0,Africa,Western Africa,nigeria,Wurno,38,38,100.0,88377.213280723,50366.55671266699,56.990433215722405
2336.0,Africa,Western Africa,nigeria,Lafiagi,31,31,100.0,61032.282030710994,38420.176955836,62.95058234346088
2339.0,Africa,Western Africa,nigeria,Mara-Mawa,10,10,100.0,36243.71131718,14212.291856147,39.21312509022823
2340.0,Africa,Western Africa,nigeria,Kontagora,145,145,100.0,143347.14381546702,52767.741658252,36.81115664653962
2341.0,Africa,Western Africa,nigeria,Ise,90,90,100.0,139072.755662526,32644.483518975,23.47295368058293
2347.0,Africa,Western Africa,nigeria,Koko Town,34,34,100.0,147329.73105593902,1845.713972304,1.2527776702471605
2348.0,Africa,Western Africa,nigeria,Emure,60,60,100.0,120934.90461188101,14325.598536399,11.845710369867534
2349.0,Africa,Western Africa,nigeria,Ikole,110,110,100.0,167985.29357583195,33185.613217929,19.7550705252352
2351.0,Africa,Western Africa,nigeria,Egbe,45,45,100.0,113112.78650761,37581.702895138005,33.22498194544043
2354.0,Africa,Western Africa,nigeria,Benin City,1754,1754,100.0,1743801.142370617,176418.226634169,10.11687756978623
2355.0,Africa,Western Africa,nigeria,Owo,219,219,100.0,293935.831743593,34095.67704737,11.599700807185851
2357.0,Africa,Western Africa,nigeria,Goronyo,24,24,100.0,47610.398825022,20340.047453596995,42.721858996289555
2360.0,Africa,Western Africa,nigeria,Sapele,177,177,100.0,318232.81868935295,50981.75276911,16.0202687388055
2361.0,Africa,Western Africa,nigeria,Ogharefe,70,70,100.0,98343.84069826399,4662.936506748,4.7414626819941885
2363.0,Africa,Western Africa,nigeria,Warri,653,653,100.0,1269896.881351026,270098.47672337503,21.269323571849466
2371.0,Africa,Western Africa,nigeria,Omuo-Obadore,146,146,100.0,217807.347233424,48482.868470157,22.25951928894205
2373.0,Africa,Western Africa,nigeria,Igbe,222,222,100.0,330894.830230759,37948.475317749006,11.46844007544166
2374.0,Africa,Western Africa,nigeria,Akugba,116,116,100.0,161987.755489836,22456.397270979,13.863021438301265
2375.0,Africa,Western Africa,nigeria,Pategi,28,28,100.0,62476.982118133994,18485.904626640004,29.58834437887238
2380.0,Africa,Western Africa,nigeria,Oka-Akoko,53,53,100.0,121306.39416242999,12276.462313723,10.120210396563879
2382.0,Africa,Western Africa,nigeria,Ovwian,126,126,100.0,211799.44098779498,13499.454231164,6.373696818180889
2383.0,Africa,Western Africa,nigeria,Isanlu Mopo,52,52,100.0,118834.766326805,19293.240547962,16.235350263494492
2385.0,Africa,Western Africa,nigeria,Ekinrin,6,6,100.0,35285.102733885,606.083460715,1.7176752049894577
2391.0,Africa,Western Africa,nigeria,Bena,6,6,100.0,58385.060784,45290.4393194,77.57196568991415
2396.0,Africa,Western Africa,nigeria,Bida,301,301,100.0,386400.03310376196,177607.409262509,45.96464649236072
2397.0,Africa,Western Africa,nigeria,Aiyetoro,10,10,100.0,65020.89539477001,10328.3876696,15.884720760752197
2398.0,Africa,Western Africa,nigeria,Ughelli,155,155,100.0,286637.346825586,5250.7328012630005,1.8318383348901088
2399.0,Africa,Western Africa,nigeria,Mafara,80,80,100.0,96706.67396705599,37718.869002723004,39.003377383832145
2404.0,Africa,Western Africa,nigeria,Kabba,95,95,100.0,118865.213725417,27595.44120545,23.215741881553743
2407.0,Africa,Western Africa,nigeria,Ekpoma,151,151,100.0,146650.87916092298,1137.224402467,0.7754637469435833
2409.0,Africa,Western Africa,nigeria,Ekogboro,76,76,100.0,125354.379252623,11563.305809117002,9.224492896106815
2412.0,Africa,Western Africa,nigeria,Enwan,93,93,100.0,131965.095301688,17210.712709791,13.041867374433558
2414.0,Africa,Western Africa,nigeria,Okene,375,375,100.0,1001606.8300392579,143085.683661603,14.285613812756726
2415.0,Africa,Western Africa,nigeria,Agbor,201,201,100.0,240464.83865599398,7147.932964419999,2.9725480882657207
2416.0,Africa,Western Africa,nigeria,Obinomba,70,70,100.0,106692.961771294,2989.315299209,2.8017924046544582
2419.0,Africa,Western Africa,nigeria,Irri,110,110,100.0,161233.74848941402,43384.18505438299,26.90763283794238
2421.0,Africa,Western Africa,nigeria,Agwa,61,61,100.0,69039.357535314,4780.163088304,6.923823249454372
2424.0,Africa,Western Africa,nigeria,Magagindoke,35,35,100.0,55644.542482298006,37263.191885515014,66.96648085006615
2425.0,Africa,Western Africa,nigeria,Ozoro,75,75,100.0,90674.76492786198,16701.499618001002,18.419126458489522
2426.0,Africa,Western Africa,nigeria,Auchi,171,171,100.0,199421.19017616397,12599.252739859,6.317910713866022
2428.0,Africa,Western Africa,nigeria,Brass,7,7,100.0,92999.41557962299,5257.693284807,5.6534691664869
2430.0,Africa,Western Africa,nigeria,Yenagoa,289,289,100.0,522832.264189686,67727.678177743,12.953997451307075
2435.0,Africa,Western Africa,nigeria,Uromi,156,156,100.0,184252.45120441,16098.741832583,8.737328446568684
2436.0,Africa,Western Africa,nigeria,Owerre,10,10,100.0,83066.512974649,0.0,0.0
2438.0,Africa,Western Africa,nigeria,Isa,63,63,100.0,85301.48026558702,38644.962890563,45.30397687149335
2443.0,Africa,Western Africa,nigeria,Onitu,44,44,100.0,140992.332031481,12137.694521519,8.60876215509995
2444.0,Africa,Western Africa,nigeria,Biantubu,35,35,100.0,162425.1494138,24479.099640277997,15.071003307446054
2446.0,Africa,Western Africa,nigeria,Shinkafi,37,37,100.0,63647.59898878601,22900.546223984,35.98022013056427
2447.0,Africa,Western Africa,nigeria,Opaetensm,62,62,100.0,98210.03788895499,3441.07258814,3.5037890852163023
2450.0,Africa,Western Africa,nigeria,Minna,391,391,100.0,462730.02545186697,131333.873078138,28.382397046720133
2451.0,Africa,Western Africa,nigeria,Ungwan Shekaro,59,59,100.0,84104.70161299099,33837.036675241994,40.23203938222576
2455.0,Africa,Western Africa,nigeria,Kaura-Namoda,131,131,100.0,179396.56643866003,111214.07183159699,61.99342275016381
2457.0,Africa,Western Africa,nigeria,Ogwashi Uku,57,57,100.0,105942.527377742,13789.953921208,13.016447938833299
2460.0,Africa,Western Africa,nigeria,Tudun Wada,51,51,100.0,55931.125509309,21878.697539617,39.11721307302421
2462.0,Africa,Western Africa,nigeria,Gusau,335,335,100.0,386330.72462837695,248568.47012012103,64.34084950380958
2468.0,Africa,Western Africa,nigeria,Uduagba,58,58,100.0,138349.720157001,8242.665221261,5.957847411550324
2470.0,Africa,Western Africa,nigeria,Akabuka,11,11,100.0,62142.349123604996,0.0,0.0
2471.0,Africa,Western Africa,nigeria,Asaba,337,337,100.0,382419.185707107,44277.99516525301,11.578392721950229
2472.0,Africa,Western Africa,nigeria,Omoko,136,136,100.0,183726.31013665203,70770.387695511,38.5194628046867
2473.0,Africa,Western Africa,nigeria,Omenama,47,47,100.0,237311.03579186503,41157.36242800099,17.343214693183626
2476.0,Africa,Western Africa,nigeria,Agenebode,45,45,100.0,83614.692232657,15029.206850753999,17.974361262893115
2478.0,Africa,Western Africa,nigeria,Lokoja,257,257,100.0,437045.087492456,175614.602599975,40.18226211111602
2481.0,Africa,Western Africa,nigeria,Awala,6,6,100.0,30609.0461896,0.0,0.0
2482.0,Africa,Western Africa,nigeria,Idah,116,116,100.0,136603.34890321599,7039.20719832,5.1530268143772275
2483.0,Africa,Western Africa,nigeria,Okwuzu,45,45,100.0,69411.919780567,18968.159337735,27.326948163513332
2484.0,Africa,Western Africa,nigeria,Onitsha,3264,3264,100.0,4860059.9300833065,313521.03503186797,6.450970554729227
2489.0,Africa,Western Africa,nigeria,Krakrama,29,29,100.0,205758.882440691,31541.027312928003,15.329120638094226
2490.0,Africa,Western Africa,nigeria,Ojaima,8,8,100.0,138812.96147279002,69047.99104200001,49.7417462385418
2491.0,Africa,Western Africa,nigeria,Amaigbo,1413,1413,100.0,1878225.7989199008,11527.91347146,0.613766112577587
2492.0,Africa,Western Africa,nigeria,Elele,29,29,100.0,27058.472975180004,1933.166544103,7.144403698894024
2495.0,Africa,Western Africa,nigeria,Ozu,72,72,100.0,136973.75226539202,0.0,0.0
2496.0,Africa,Western Africa,nigeria,Chafe,6,6,100.0,70129.5788238,25102.41655142,35.794335246885794
2498.0,Africa,Western Africa,nigeria,Ibi,48,48,100.0,68942.005295067,0.0,0.0
2499.0,Africa,Western Africa,nigeria,Bugama,10,10,100.0,274569.519366854,166621.1206871,60.68449297333566
2505.0,Africa,Western Africa,nigeria,Omo,19,19,100.0,101351.16260456102,0.0,0.0
2510.0,Africa,Western Africa,nigeria,Orogwe,15,15,100.0,18820.065223125996,1928.42713395,10.24665489246211
2511.0,Africa,Western Africa,nigeria,Port Harcourt,881,881,100.0,1749817.771469543,451465.90151068,25.800738160953014
2515.0,Africa,Western Africa,nigeria,Owerri,410,410,100.0,434801.94517598,13311.305897352,3.061464201123672
2520.0,Africa,Western Africa,nigeria,Gwagwalada,199,199,100.0,264068.31581674295,91514.146158909,34.65548143322791
2522.0,Africa,Western Africa,nigeria,Awka,190,190,100.0,222434.755066672,30513.049152087,13.71775249013631
2525.0,Africa,Western Africa,nigeria,Doka Ashafa,110,110,100.0,126417.563357385,63209.102673058,50.00025391595675
2528.0,Africa,Western Africa,nigeria,Osina,108,108,100.0,146541.715714468,0.0,0.0
2530.0,Africa,Western Africa,nigeria,Okrika,60,60,100.0,227770.605908719,69442.048088084,30.48771276303909
2536.0,Africa,Western Africa,nigeria,Ata,72,72,100.0,64650.211102696994,0.0,0.0
2537.0,Africa,Western Africa,nigeria,Oyigbo,97,97,100.0,109625.93637282,4414.0023529089995,4.026421574085985
2540.0,Africa,Western Africa,nigeria,Djibia,70,70,100.0,80631.97888549101,49464.572736866,61.346097938527336
2541.0,Africa,Western Africa,nigeria,Maji,37,37,100.0,62394.247781082,35903.056570981,57.54225405032746
2544.0,Africa,Western Africa,nigeria,Abuja,192,192,100.0,377691.275789015,188082.85423484098,49.79804043445986
2546.0,Africa,Western Africa,nigeria,Bonny,47,47,100.0,242273.03482635698,21809.477123319997,9.002024157971762
2547.0,Africa,Western Africa,nigeria,Batsari,12,12,100.0,57273.982238344,26811.762311381,46.81316238812352
2548.0,Africa,Western Africa,nigeria,Ayangba,135,135,100.0,156372.301550345,39982.796601917,25.568976222457334
2550.0,Africa,Western Africa,nigeria,Onne,5,5,100.0,132250.12678608,1095.46411245,0.8283274572749241
2551.0,Africa,Western Africa,nigeria,N/A,17,17,100.0,59307.829908034,14469.438271432,24.39718042941229
2552.0,Africa,Western Africa,nigeria,Madalla,79,79,100.0,107011.59139532899,47899.695377941,44.76122142786095
2553.0,Africa,Western Africa,nigeria,Kuje,43,43,100.0,54635.843977724,15418.034037571,28.219631866320587
2557.0,Africa,Western Africa,nigeria,Oboama Nguru,634,634,100.0,767720.115267281,5738.264525747,0.7474422529295367
2558.0,Africa,Western Africa,nigeria,Lawmu Umunze,88,88,100.0,126314.888588579,5904.180310379,4.674176081973632
2561.0,Africa,Western Africa,nigeria,Funtua,191,191,100.0,221867.46781946498,117872.93472917599,53.12763330633492
2565.0,Africa,Western Africa,nigeria,Abuja,895,895,100.0,1339061.256327386,143789.337436508,10.738070178423046
2570.0,Africa,Western Africa,nigeria,Kaduna,1413,1413,100.0,1654072.846497669,859042.993270196,51.93501574547531
2571.0,Africa,Western Africa,nigeria,Ikolo,47,47,100.0,105030.96473817498,6569.779652019999,6.255088362177179
2573.0,Africa,Western Africa,nigeria,Rubuchi,89,89,100.0,114885.94726256901,41055.398525165,35.73578797355772
2574.0,Africa,Western Africa,nigeria,Aba,1066,1066,100.0,1142982.538452431,282966.93592472,24.7568905390147
2576.0,Africa,Western Africa,nigeria,Bwari,43,43,100.0,54665.98007367399,7661.071381159,14.014330980317343
2577.0,Africa,Western Africa,nigeria,Umu Lawlaw,74,74,100.0,110314.473069338,7557.740733177,6.851087190006876
2578.0,Africa,Western Africa,nigeria,Kura,57,57,100.0,66078.306495459,36405.330181934994,55.09422397869235
2582.0,Africa,Western Africa,nigeria,Kauran Yankwani,44,44,100.0,48918.698802641,27510.728062696,56.23765295492847
2583.0,Africa,Western Africa,nigeria,Nsukka,192,192,100.0,249754.225836243,27344.738139368004,10.94865884563539
2590.0,Africa,Western Africa,nigeria,Ungwan Maidawa,39,39,100.0,54977.703736323994,26503.31661915,48.20739102939134
2592.0,Africa,Western Africa,nigeria,Shema,54,54,100.0,143454.824884103,64013.404418996004,44.622691827000146
2593.0,Africa,Western Africa,nigeria,Enugu,772,772,100.0,987153.102984655,266331.007059058,26.97970621313015
2601.0,Africa,Western Africa,nigeria,Umuahia,241,241,100.0,360174.090121697,112819.69614569301,31.3236568759216
2602.0,Africa,Western Africa,nigeria,Katsina,393,393,100.0,571112.0421565471,167993.017750217,29.415071886046583
2603.0,Africa,Western Africa,nigeria,Awgu,56,56,100.0,58968.269925579,14386.524347386001,24.39706025891982
2608.0,Africa,Western Africa,nigeria,Kpeyi,33,33,100.0,39949.900326344,7076.274990077,17.712872703741695
2609.0,Africa,Western Africa,nigeria,Ado,212,212,100.0,244954.678563439,70807.997374306,28.906570713230106
2613.0,Africa,Western Africa,nigeria,Malumfashi,121,121,100.0,131496.11340930898,71563.96942559401,54.42287803810314
2623.0,Africa,Western Africa,nigeria,Samaru,35,35,100.0,41348.729029684,18211.628211575997,44.04398548381494
2624.0,Africa,Western Africa,nigeria,Ankpa,127,127,100.0,164058.89000669197,62943.430200423994,38.36636356484951
2625.0,Africa,Western Africa,nigeria,Zaria,631,631,100.0,694390.283891064,410260.084751253,59.08206008475986
2636.0,Africa,Western Africa,nigeria,Tamaha,72,72,100.0,86409.164483819,22125.758317052998,25.60580055278312
2640.0,Africa,Western Africa,nigeria,Doka,27,27,100.0,56347.988812870004,10989.307242452,19.50257227271618
2644.0,Africa,Western Africa,nigeria,Tukurwa,20,20,100.0,48231.29509919,30701.733043317,63.65521178765239
2650.0,Africa,Western Africa,nigeria,Ugbokolo,13,13,100.0,83840.675632338,16376.33303721,19.532682571672314
2657.0,Africa,Western Africa,nigeria,Ungwan Tamowa,41,41,100.0,52754.724671601994,21720.836172516993,41.1732528370286
2658.0,Africa,Western Africa,nigeria,Mashi,28,28,100.0,58188.781539138996,22772.175021273997,39.134992036148674
2659.0,Africa,Western Africa,nigeria,Elu,50,50,100.0,86780.77214486999,7106.2494949659995,8.188737342764105
2660.0,Africa,Western Africa,nigeria,Keffi,116,116,100.0,158684.947571321,43871.301866597,27.6467948208377
2666.0,Africa,Western Africa,nigeria,Gwarzo,61,61,100.0,96982.262943732,47147.708217107,48.61477427523171
2674.0,Africa,Western Africa,nigeria,Uyo,653,653,100.0,719791.5531382819,49125.287582443,6.824932491671704
2676.0,Africa,Western Africa,nigeria,Kadafa,8,8,100.0,57331.456343219994,42097.24566375,73.42783237832124
2677.0,Africa,Western Africa,nigeria,Ozizza,89,89,100.0,165753.295364155,88432.95538004,53.35215519290609
2678.0,Africa,Western Africa,nigeria,Eket,142,142,100.0,139972.01584673702,20970.538703896997,14.981950911429884
2681.0,Africa,Western Africa,nigeria,Soba,7,7,100.0,46597.37612894301,0.0,0.0
2696.0,Africa,Western Africa,nigeria,Ugep,100,100,100.0,158509.441745746,42153.343097349,26.59358498338809
2698.0,Africa,Western Africa,nigeria,Abakaliki,158,158,100.0,190536.994151873,17058.630448912998,8.952923039877456
2699.0,Africa,Western Africa,nigeria,Otukpo,133,133,100.0,231910.58105731301,66447.843960399,28.652355428309445
2700.0,Africa,Western Africa,nigeria,Maturrumi,7,7,100.0,46034.06143976801,21686.62293039,47.10994913791228
2701.0,Africa,Western Africa,nigeria,Bichi,103,103,100.0,107706.36243372898,56042.873916355995,52.03302075199021
2704.0,Africa,Western Africa,nigeria,Ungwan Sarki,27,27,100.0,60865.352259134,16713.518174175,27.459823288325452
2708.0,Africa,Western Africa,nigeria,Daura,252,252,100.0,350690.051520006,163434.77364514698,46.60376675550587
2711.0,Africa,Western Africa,nigeria,Oron,130,130,100.0,416132.585615465,25955.148105889002,6.237230393169291
2712.0,Africa,Western Africa,nigeria,Kafanchan,133,133,100.0,162987.550916509,13429.882625585999,8.23982110907692
2717.0,Africa,Western Africa,nigeria,Kano,4402,4402,100.0,5029820.1733808145,3399271.530862471,67.58236703674511
2718.0,Africa,Western Africa,nigeria,kazaure,64,64,100.0,144677.979762771,51057.551073332,35.29047831401243
2719.0,Africa,Western Africa,nigeria,Tudun Wada,73,73,100.0,82514.87912529802,51075.997515948,61.899136322298446
2720.0,Africa,Western Africa,nigeria,Anchau,20,20,100.0,37773.304871887995,17224.618088426,45.59997635061333
2721.0,Africa,Western Africa,nigeria,Doma,10,10,100.0,115055.24824447499,20898.58083604,18.163952670488946
2722.0,Africa,Western Africa,nigeria,Calabar,427,427,100.0,636276.630788898,65286.803634513,10.260757738904553
2723.0,Africa,Western Africa,nigeria,Kura,35,35,100.0,82347.08543461499,59860.605543622994,72.69304703097642
2729.0,Africa,Western Africa,nigeria,Akwanga,71,71,100.0,97244.063026147,14448.566453332998,14.858044803668955
2731.0,Africa,Western Africa,nigeria,Zango,14,14,100.0,73231.917167903,14592.099974212999,19.925874589295343
2735.0,Africa,Western Africa,nigeria,Dambarta,25,25,100.0,106252.356877719,73888.87757575899,69.54093042923682
2739.0,Africa,Western Africa,nigeria,Lafia,229,229,100.0,233388.527632259,28851.577492704,12.36203757974097
2740.0,Africa,Western Africa,nigeria,Makurdi,237,237,100.0,323957.028292894,25587.682336802998,7.898480385388898
2741.0,Africa,Western Africa,nigeria,Rano,87,87,100.0,97432.39715885799,52017.794805458005,53.38860206902838
2742.0,Africa,Western Africa,nigeria,Dawaki Kudu,8,8,100.0,91551.71134474,46053.917643099994,50.303721215743245
2743.0,Africa,Western Africa,nigeria,Nassarawan Eggon,18,18,100.0,98313.2952315,6691.454387734,6.806255829364195
2752.0,Africa,Western Africa,nigeria,Samunakar,45,45,100.0,84648.83725446001,36153.847501457996,42.710388794564466
2758.0,Africa,Western Africa,nigeria,Ikom,97,97,100.0,141872.673694086,7453.323804152002,5.253530232483873
2760.0,Africa,Western Africa,nigeria,Garko,5,5,100.0,49040.75167673,18139.7316653,36.98909793405015
2763.0,Africa,Western Africa,nigeria,Wudil,60,60,100.0,145584.597790081,60303.400530048,41.42155244815095
2764.0,Africa,Western Africa,nigeria,Okuku Lepuole,8,8,100.0,58610.341073510004,0.0,0.0
2765.0,Africa,Western Africa,nigeria,Jos,414,414,100.0,847316.1965329449,108699.944949498,12.82873446704752
2769.0,Africa,Western Africa,nigeria,Nshebori,51,51,100.0,76016.39212078099,9180.520680666,12.077027631197291
2777.0,Africa,Western Africa,nigeria,Barakin Gangare,26,26,100.0,55072.541109414,12492.454971813997,22.68363638241229
2785.0,Africa,Western Africa,nigeria,Gaya,62,62,100.0,70496.44841169601,57212.69815670101,81.15685179284705
2787.0,Africa,Western Africa,nigeria,Bokkos,7,7,100.0,51635.09555626001,0.0,0.0
2789.0,Africa,Western Africa,nigeria,Gboko,176,176,100.0,295505.406295961,18095.709369223998,6.123647481122694
2797.0,Africa,Western Africa,nigeria,Ringim,55,55,100.0,57635.55667715399,28480.682649816998,49.41512547428275
2800.0,Africa,Western Africa,nigeria,Mongu Arna,29,29,100.0,97575.57047583399,37697.696821064,38.63435964271444
2805.0,Africa,Western Africa,nigeria,Obudu,64,64,100.0,140066.642925567,29062.249935089,20.748873056472846
2811.0,Africa,Western Africa,nigeria,Adikpo,23,23,100.0,54362.302901533,0.0,0.0
2813.0,Africa,Western Africa,nigeria,Dutse,115,115,100.0,152486.906677444,31669.475650376997,20.76865243083954
2814.0,Africa,Western Africa,nigeria,Katsina Ala,60,60,100.0,65423.41479704499,8345.191128825,12.755664244541896
2817.0,Africa,Western Africa,nigeria,Gumel,115,115,100.0,136095.074117848,73775.78403894801,54.20900390198089
2821.0,Africa,Western Africa,nigeria,Maigatari,44,44,100.0,84342.95592803601,35602.834794856,42.211983683893436
2824.0,Africa,Western Africa,nigeria,Gwolong,16,16,100.0,48850.51655197001,4854.252151178,9.936951528473124
2829.0,Africa,Western Africa,nigeria,Birnin Kudu,88,88,100.0,95265.52697481101,35516.738683569005,37.28183720955002
2838.0,Africa,Western Africa,nigeria,Ningi,39,39,100.0,106693.05818776002,66437.77165280002,62.2700040483251
2839.0,Africa,Western Africa,nigeria,Shendam,33,33,100.0,52359.19964114,11210.506657595999,21.410767800941723
2844.0,Africa,Western Africa,nigeria,Jahun,56,56,100.0,56274.64588597,29385.888598120997,52.21870015435722
2846.0,Africa,Western Africa,nigeria,Samammiya,12,12,100.0,42086.711694072,14698.044136583998,34.92324190928475
2847.0,Africa,Western Africa,nigeria,Zaki Biam,69,69,100.0,59399.468136162985,27169.768884285,45.74076121692372
2853.0,Africa,Western Africa,nigeria,Bauchi,431,431,100.0,607528.995768778,269319.10110136995,44.33024645359828
2855.0,Africa,Western Africa,nigeria,Langtang,88,88,100.0,88795.997818389,3193.174399229,3.596079190145343
2856.0,Africa,Western Africa,nigeria,Wukari,128,128,100.0,143355.075646503,23027.857559613003,16.063510451765957
2859.0,Africa,Western Africa,nigeria,Malummaduri,4,4,100.0,56458.06475044,0.0,0.0
2864.0,Africa,Western Africa,nigeria,Jemma’are,86,86,100.0,74754.49592378201,53768.546040553,71.9268391500816
2866.0,Africa,Western Africa,nigeria,Hadejia,207,207,100.0,243904.66718105,152980.80251963297,62.721556043893
2867.0,Africa,Western Africa,nigeria,Dengi,20,20,100.0,66469.17435535199,19290.038283479,29.02102887626104
2874.0,Africa,Western Africa,nigeria,Takum,22,22,100.0,57456.846371419,15117.772458948999,26.31152493337869
2876.0,Africa,Western Africa,nigeria,Donga,13,13,100.0,46532.401339781994,6889.573315244,14.805969855146698
2880.0,Africa,Western Africa,nigeria,Azare,198,198,100.0,214654.06671945303,109339.713440446,50.93763892363148
2882.0,Africa,Western Africa,nigeria,Giade,52,52,100.0,61237.40507038699,41838.467744778005,68.3217515449722
2891.0,Africa,Western Africa,nigeria,Katagum,33,33,100.0,47108.448606893995,26077.939434169002,55.35724526142148
2893.0,Africa,Western Africa,nigeria,Masuri,12,12,100.0,97140.92205919101,74915.470003871,77.12040241724559
2896.0,Africa,Western Africa,nigeria,Nguru,201,201,100.0,181577.75182851698,104782.795644506,57.7068471160847
2898.0,Africa,Western Africa,nigeria,Katsiro,32,32,100.0,110739.727821012,79419.54572973298,71.71730262701959
2900.0,Africa,Western Africa,nigeria,Misau,113,113,100.0,118845.925545221,82411.98453497599,69.34355061555571
2903.0,Africa,Western Africa,nigeria,Gamawa,34,34,100.0,52798.188920539,34045.654523549994,64.48261809659517
2906.0,Africa,Western Africa,nigeria,Dundewa,5,5,100.0,38122.163631336,26448.383919752,69.37797176341722
2919.0,Africa,Western Africa,nigeria,Dukku,22,22,100.0,74995.93508594301,44453.358709389,59.27435754810821
2922.0,Africa,Western Africa,nigeria,Mutum Biyu,37,37,100.0,74566.271177699,50893.029751332,68.25207824868798
2929.0,Africa,Western Africa,nigeria,Gashua,106,106,100.0,118973.59036261,72203.894346877,60.68901016335859
2931.0,Africa,Western Africa,nigeria,Potiskum,371,371,100.0,371520.777722877,207962.93217484502,55.9761242559542
2932.0,Africa,Western Africa,nigeria,Gombe,254,254,100.0,325491.140395743,171122.277198519,52.57355914218213
2938.0,Africa,Western Africa,nigeria,Biliri,101,101,100.0,152742.183020815,39000.696024931,25.533677242007315
2944.0,Africa,Western Africa,nigeria,Damagum,5,5,100.0,62755.523105988,36566.2834377,58.2678330574077
2945.0,Africa,Western Africa,nigeria,Kaltungo,33,33,100.0,129070.219281228,24002.798515876,18.596697711946145
2948.0,Africa,Western Africa,nigeria,Jalingo,137,137,100.0,221300.11177077697,65355.793012066,29.532652509349678
2953.0,Africa,Western Africa,nigeria,Bajoga,129,129,100.0,124499.409493821,89312.33165223901,71.73715282293901
2955.0,Africa,Western Africa,nigeria,N/A,55,55,100.0,63081.255388527,36044.1244137,57.139199579492804
2975.0,Africa,Western Africa,nigeria,Zinna,20,20,100.0,104738.20129790601,43581.927224775995,41.61034530354047
2977.0,Africa,Western Africa,nigeria,Geidam,129,129,100.0,128907.96337749499,84851.806854401,65.82355707996128
2981.0,Africa,Western Africa,nigeria,Damaturu,92,92,100.0,99081.10424442698,12103.081569897,12.215327697639948
2984.0,Africa,Western Africa,nigeria,Buni Yadi,42,42,100.0,79154.06957381498,42497.382299805,53.68944708543905
2990.0,Africa,Western Africa,nigeria,Numan,73,73,100.0,94018.49007265898,39236.070597834,41.732291773152
2993.0,Africa,Western Africa,nigeria,Maya Belwa,54,54,100.0,47782.651040804,24523.961578685998,51.32398693773553
2994.0,Africa,Western Africa,nigeria,Sangasumi,55,55,100.0,142662.525716199,51120.893283008,35.83344191221153
2997.0,Africa,Western Africa,nigeria,Biu,188,188,100.0,187313.10634083502,120312.53692408602,64.23070935846063
2999.0,Africa,Western Africa,nigeria,Jada,38,38,100.0,42106.661989919,24958.150490321,59.27363821025846
3008.0,Africa,Western Africa,nigeria,Jimeta,311,311,100.0,393685.676223811,71985.42561162398,18.28499992737865
3009.0,Africa,Western Africa,nigeria,Damask,55,55,100.0,45776.127163072,35337.765566548995,77.19693158108902
3018.0,Africa,Western Africa,nigeria,Yola,237,237,100.0,246814.851594151,144361.32589629997,58.48972416525401
3044.0,Africa,Western Africa,nigeria,Maiduguri,1128,1128,100.0,1211048.3125289571,692924.1336168,57.216886101745146
3061.0,Africa,Western Africa,nigeria,Mubi,194,194,100.0,224870.896340693,120904.47279134899,53.76617194969127
3088.0,Africa,Western Africa,nigeria,Monguno,58,58,100.0,68141.323081925,65267.618265415,95.78272817941178
3098.0,Africa,Western Africa,nigeria,Jaudiri,98,98,100.0,110909.034705841,74030.43314539899,66.748785021659
3099.0,Africa,Western Africa,nigeria,Gwoza,195,195,100.0,199886.70209476099,158521.48682463,79.30566924330923
3101.0,Africa,Western Africa,nigeria,Baga,107,107,100.0,94039.79339796002,57298.855406765,60.93043522999484
2067.0,Africa,Western Africa,niger,Niamey,1179,1179,100.0,1122916.6479862991,714048.663965231,63.588750353440595
2120.0,Africa,Western Africa,niger,Baléyara,34,34,100.0,42349.861431731,18015.440669276002,42.53955045004652
2132.0,Africa,Western Africa,niger,Dosso,231,231,100.0,219462.39795158297,111440.043918446,50.77865044700346
2140.0,Africa,Western Africa,niger,Filingué,58,58,100.0,57925.539175731996,25727.204006577005,44.414267648898225
2159.0,Africa,Western Africa,niger,Gaya,107,107,100.0,133387.276495581,73607.965657713,55.18364838954602
2201.0,Africa,Western Africa,niger,Dogondoutchi,122,122,100.0,128057.05973896499,77440.86568606399,60.47371839078733
2315.0,Africa,Western Africa,niger,Tahoua,347,347,100.0,318807.472325442,223316.534900876,70.04745945004454
2318.0,Africa,Western Africa,niger,Birni N'Konni,178,178,100.0,173710.841381485,118640.464542709,68.2976742264253
2386.0,Africa,Western Africa,niger,Madaoua,159,159,100.0,150666.727886393,98785.416704449,65.56551541952648
2464.0,Africa,Western Africa,niger,Guidan Roumdji,40,40,100.0,53933.785403751,35396.364934001,65.62929834986004
2509.0,Africa,Western Africa,niger,Tibiri,83,83,100.0,96877.727160107,58020.071587094004,59.89000081639604
2512.0,Africa,Western Africa,niger,Maradi,566,566,100.0,496673.235107481,285313.137996443,57.444838543534715
2580.0,Africa,Western Africa,niger,Tchadoua,54,54,100.0,59010.044035315,40759.253637085,69.07172211681849
2618.0,Africa,Western Africa,niger,Mayahi,47,47,100.0,57393.89216878199,25535.815919442,44.49221851751602
2633.0,Africa,Western Africa,niger,Aguié,30,30,100.0,49267.317545383,26454.712460401002,53.69627123707724
2649.0,Africa,Western Africa,niger,Agadez,375,375,100.0,299696.584220476,233409.78613559203,77.88203083552025
2655.0,Africa,Western Africa,niger,Gazaoua,58,58,100.0,51261.110586153,36823.728037114,71.83560327906956
2668.0,Africa,Western Africa,niger,Tessaoua,98,98,100.0,157245.88701191198,70102.454484107,44.58142328313902
2759.0,Africa,Western Africa,niger,Tanout,72,72,100.0,77514.97164079499,52978.771974129006,68.34650242747048
2768.0,Africa,Western Africa,niger,Magaria,141,141,100.0,113966.16149233001,80363.42247239,70.51516118475088
2775.0,Africa,Western Africa,niger,Zinder,680,680,100.0,675544.2042041079,433947.442210773,64.23672048552737
3020.0,Africa,Western Africa,niger,Diffa,88,88,100.0,86921.741420934,45862.450833172996,52.76292223722936
11804.0,Asia,Eastern Asia,north_korea,Tǒktaedonggok,28,28,100.0,100542.62907362201,0.0,0.0
11823.0,Asia,Eastern Asia,north_korea,Ryongchon,36,36,100.0,120752.52183090203,0.0,0.0
11872.0,Asia,Eastern Asia,north_korea,Tongrim,10,10,100.0,113007.907388792,0.0,0.0
11917.0,Asia,Eastern Asia,north_korea,Sonchon,17,17,100.0,136206.591120684,0.0,0.0
11932.0,Asia,Eastern Asia,north_korea,Kusong,32,32,100.0,118709.692012455,0.0,0.0
11949.0,Asia,Eastern Asia,north_korea,Kanggye,58,58,100.0,316995.595666338,0.0,0.0
11950.0,Asia,Eastern Asia,north_korea,Kwaksan,18,18,100.0,91764.38834128901,0.0,0.0
11964.0,Asia,Eastern Asia,north_korea,Jongju,42,42,100.0,202508.423782043,0.0,0.0
11983.0,Asia,Eastern Asia,north_korea,Jonchon,32,32,100.0,87215.940166471,0.0,0.0
12023.0,Asia,Eastern Asia,north_korea,Huichon,33,33,100.0,142380.835667315,0.0,0.0
12024.0,Asia,Eastern Asia,north_korea,Anju,57,57,100.0,223072.184684672,0.0,0.0
12025.0,Asia,Eastern Asia,north_korea,N/A,15,15,100.0,91319.375082378,0.0,0.0
12042.0,Asia,Eastern Asia,north_korea,Kaechon,25,25,100.0,203143.830551079,0.0,0.0
12058.0,Asia,Eastern Asia,north_korea,Sukchon,14,14,100.0,121499.16045050602,0.0,0.0
12075.0,Asia,Eastern Asia,north_korea,Musan,35,35,100.0,108749.421254528,0.0,0.0
12078.0,Asia,Eastern Asia,north_korea,Hyesan,79,79,100.0,290823.284418448,0.0,0.0
12079.0,Asia,Eastern Asia,north_korea,Onchon,14,14,100.0,71917.69514298899,0.0,0.0
12083.0,Asia,Eastern Asia,north_korea,Tokchon,37,37,100.0,179587.72220816402,0.0,0.0
12087.0,Asia,Eastern Asia,north_korea,Sillyeonpo,64,64,100.0,127724.080048059,0.0,0.0
12100.0,Asia,Eastern Asia,north_korea,P'yŏngsŏng,93,93,100.0,327400.302803159,0.0,0.0
12109.0,Asia,Eastern Asia,north_korea,Pyongyang,521,521,100.0,2879799.7208916927,12088.68046109,0.419775041069415
12111.0,Asia,Eastern Asia,north_korea,Hoeryong,30,30,100.0,90966.867671886,0.0,0.0
12112.0,Asia,Eastern Asia,north_korea,Kangson,49,49,100.0,287518.06775283796,0.0,0.0
12121.0,Asia,Eastern Asia,north_korea,Nampo,73,73,100.0,146147.391539317,0.0,0.0
12123.0,Asia,Eastern Asia,north_korea,Taean,22,22,100.0,81550.273879626,0.0,0.0
12151.0,Asia,Eastern Asia,north_korea,Songnim,51,51,100.0,275442.16766726796,0.0,0.0
12157.0,Asia,Eastern Asia,north_korea,Kangdong,22,22,100.0,89144.55176520199,0.0,0.0
12172.0,Asia,Eastern Asia,north_korea,Kyonghung,25,25,100.0,82062.26105286399,0.0,0.0
12200.0,Asia,Eastern Asia,north_korea,Sariwŏn,145,145,100.0,401416.20660357806,0.0,0.0
12214.0,Asia,Eastern Asia,north_korea,Rason,67,67,100.0,127291.05382344901,0.0,0.0
12221.0,Asia,Eastern Asia,north_korea,Chŏngjin,231,231,100.0,686384.854836109,0.0,0.0
12224.0,Asia,Eastern Asia,north_korea,Hamhung,232,232,100.0,754266.932200055,0.0,0.0
12225.0,Asia,Eastern Asia,north_korea,Hamju,37,37,100.0,108172.62161275701,0.0,0.0
12228.0,Asia,Eastern Asia,north_korea,Jongphyong,28,28,100.0,106344.75580482499,0.0,0.0
12230.0,Asia,Eastern Asia,north_korea,Ongjin,29,29,100.0,65297.77396236201,0.0,0.0
12239.0,Asia,Eastern Asia,north_korea,Kumya,28,28,100.0,95981.00268899498,4446.96819719,4.633175391592238
12247.0,Asia,Eastern Asia,north_korea,Haeju,135,135,100.0,313951.46392446203,0.0,0.0
12257.0,Asia,Eastern Asia,north_korea,Hongwon,13,13,100.0,109415.564061723,0.0,0.0
12265.0,Asia,Eastern Asia,north_korea,N/A,24,24,100.0,82667.52134813,0.0,0.0
12273.0,Asia,Eastern Asia,north_korea,Sinpho,34,34,100.0,109627.49428023901,0.0,0.0
12283.0,Asia,Eastern Asia,north_korea,Sinpyong,40,40,100.0,127693.913100011,0.0,0.0
12288.0,Asia,Eastern Asia,north_korea,Munchon,36,36,100.0,117673.455030635,0.0,0.0
12297.0,Asia,Eastern Asia,north_korea,Phyongsan,14,14,100.0,97815.94038354499,0.0,0.0
12304.0,Asia,Eastern Asia,north_korea,Kimch'aek,74,74,100.0,195879.12297611698,0.0,0.0
12305.0,Asia,Eastern Asia,north_korea,Tanchon,15,15,100.0,78282.63725968101,0.0,0.0
12308.0,Asia,Eastern Asia,north_korea,Wonsan,100,100,100.0,364882.029929785,0.0,0.0
12310.0,Asia,Eastern Asia,north_korea,Omong-ri,25,25,100.0,120145.57957243298,0.0,0.0
12316.0,Asia,Eastern Asia,north_korea,Yonan,33,33,100.0,79674.163218011,0.0,0.0
12322.0,Asia,Eastern Asia,north_korea,Paechon,27,27,100.0,108376.07715984399,0.0,0.0
12343.0,Asia,Eastern Asia,north_korea,Kaesong,54,54,100.0,287220.669740334,5964.746407973,2.076712102010456
12355.0,Asia,Eastern Asia,north_korea,P'yŏnghwa-ri,31,31,100.0,45931.300525663,0.0,0.0
6032.0,Asia,South-Central Asia,pakistan,Gwadar,49,49,100.0,91830.81248494101,23473.801440425003,25.5620099672693
6061.0,Asia,South-Central Asia,pakistan,Panjgur,54,54,100.0,212444.04394004602,0.0,0.0
6106.0,Asia,South-Central Asia,pakistan,N/A,5,5,100.0,39782.334102839995,0.0,0.0
6116.0,Asia,South-Central Asia,pakistan,Quetta,548,548,100.0,793464.260191702,35216.559562883,4.438329655122038
6147.0,Asia,South-Central Asia,pakistan,Sibi,59,59,100.0,77592.95749042899,1937.763586154,2.497344667385595
6164.0,Asia,South-Central Asia,pakistan,Hub,62,62,100.0,95989.34200317798,0.0,0.0
6165.0,Asia,South-Central Asia,pakistan,Usta Muhammad,31,31,100.0,71492.050687862,7963.251336372,11.138652842873354
6169.0,Asia,South-Central Asia,pakistan,Karachi,16057,16057,100.0,20668765.915673513,5338277.718939268,25.827752565000274
6178.0,Asia,South-Central Asia,pakistan,Mehar,62,62,100.0,143878.439829106,66672.599881974,46.33953493043536
6183.0,Asia,South-Central Asia,pakistan,Dadu,75,75,100.0,253502.77714591203,89635.83071460898,35.358914692684436
6185.0,Asia,South-Central Asia,pakistan,Jacobabad,89,89,100.0,306008.36890670797,108006.719522769,35.29534826405246
6188.0,Asia,South-Central Asia,pakistan,Bannu,133,133,100.0,497784.616229274,55128.582721068,11.074786348093246
6189.0,Asia,South-Central Asia,pakistan,Larkana,283,283,100.0,632279.0188478089,291754.955740507,46.14338718247634
6194.0,Asia,South-Central Asia,pakistan,Moro,27,27,100.0,179328.24289515903,85740.86352668799,47.81224760943808
6201.0,Asia,South-Central Asia,pakistan,Kandiaro,33,33,100.0,68515.74296115701,23233.059292104997,33.90908174968824
6202.0,Asia,South-Central Asia,pakistan,Shabqadar,47,47,100.0,273539.978730758,4715.87407423,1.7240163928183148
6203.0,Asia,South-Central Asia,pakistan,Peshawar,1439,1439,100.0,3108714.320249345,293248.07402173197,9.433098181830069
6206.0,Asia,South-Central Asia,pakistan,Shikarpur,186,186,100.0,280587.11894210795,169431.70701717102,60.38470606062602
6208.0,Asia,South-Central Asia,pakistan,Thul,26,26,100.0,110319.85126404901,42632.017860895,38.64401317842232
6209.0,Asia,South-Central Asia,pakistan,Tangi,57,57,100.0,113815.317270172,34423.415160591,30.24497579607633
6213.0,Asia,South-Central Asia,pakistan,Gambat,38,38,100.0,59244.742327260006,13552.953862125,22.876213702239266
6217.0,Asia,South-Central Asia,pakistan,Kohat,181,181,100.0,364173.60002338205,24635.474525242003,6.764761235756865
6219.0,Asia,South-Central Asia,pakistan,Chakdara,30,30,100.0,162421.132068517,3363.65274888,2.0709452680461866
6220.0,Asia,South-Central Asia,pakistan,Bathkela,19,19,100.0,118881.593882441,17145.043026494,14.421949156778888
6221.0,Asia,South-Central Asia,pakistan,Charsadda,167,167,100.0,358329.005731517,119529.302554168,33.357417524755725
6222.0,Asia,South-Central Asia,pakistan,Sukkur,241,241,100.0,714622.234710948,320673.77703286003,44.87318774269134
6225.0,Asia,South-Central Asia,pakistan,Khairpur,140,140,100.0,228715.245872261,39214.52547632,17.145566893350683
6227.0,Asia,South-Central Asia,pakistan,Takht-e-Bhai,45,45,100.0,205077.22926851202,15953.451315510001,7.779240714541645
6229.0,Asia,South-Central Asia,pakistan,Pabbi,40,40,100.0,105864.10517134001,9096.654746051001,8.592765915631324
6233.0,Asia,South-Central Asia,pakistan,Kandhkot,57,57,100.0,155537.350411292,66946.114105232,43.04182495600216
6234.0,Asia,South-Central Asia,pakistan,Swat City,193,193,100.0,950217.776129578,149247.746929309,15.706688580087835
6235.0,Asia,South-Central Asia,pakistan,Thatta,67,67,100.0,120829.82819639001,41467.801388912994,34.31917599147254
6236.0,Asia,South-Central Asia,pakistan,Nowshera,181,181,100.0,441594.69558119297,36630.49463138801,8.295048604054848
6237.0,Asia,South-Central Asia,pakistan,Khwazakhela,38,38,100.0,99254.10377185601,2242.316691403,2.259167738350804
6238.0,Asia,South-Central Asia,pakistan,Mardan,401,401,100.0,1211613.0583557189,231581.604817865,19.1134952880208
6239.0,Asia,South-Central Asia,pakistan,Pano Aqil,35,35,100.0,97841.20574528699,33739.115252224,34.483544019334836
6240.0,Asia,South-Central Asia,pakistan,Risalpur,48,48,100.0,71746.59213188401,2624.22255406,3.6576267611933053
6242.0,Asia,South-Central Asia,pakistan,Dera Ismail Khan,209,209,100.0,318988.303316475,4061.76122581,1.2733260698215134
6243.0,Asia,South-Central Asia,pakistan,Char Bagh,18,18,100.0,103806.69836503301,3585.83271212,3.4543365395463517
6244.0,Asia,South-Central Asia,pakistan,Bakhshali,23,23,100.0,51913.19432910499,4025.170347046,7.753655692093098
6249.0,Asia,South-Central Asia,pakistan,Jehangira Dobandi,66,66,100.0,351890.264292593,27721.501900093,7.87788259951485
6250.0,Asia,South-Central Asia,pakistan,Bindi,91,91,100.0,152242.70824635,42241.72261323201,27.74630266355942
6251.0,Asia,South-Central Asia,pakistan,Hyderabad,1520,1520,100.0,2680250.46040753,1066515.0294461232,39.79161817899512
6258.0,Asia,South-Central Asia,pakistan,Tarakai,32,32,100.0,168766.18513636198,0.0,0.0
6259.0,Asia,South-Central Asia,pakistan,Sowari,18,18,100.0,86274.58384621001,0.0,0.0
6263.0,Asia,South-Central Asia,pakistan,Tordher,12,12,100.0,51675.602309949994,5937.85260268,11.490630659832062
6265.0,Asia,South-Central Asia,pakistan,Jand,19,19,100.0,63541.513323509,0.0,0.0
6267.0,Asia,South-Central Asia,pakistan,Swabi,116,116,100.0,355765.79636548704,17533.701389758,4.928439318473773
6273.0,Asia,South-Central Asia,pakistan,Tando Muhammad Khan,35,35,100.0,122441.76444265997,35582.082076447,29.06041271000325
6275.0,Asia,South-Central Asia,pakistan,Layyah,137,137,100.0,150760.658325867,0.0,0.0
6277.0,Asia,South-Central Asia,pakistan,Attock,111,111,100.0,198624.21834800503,0.0,0.0
6280.0,Asia,South-Central Asia,pakistan,Kamra,151,151,100.0,321361.1948389,4003.49100378,1.2457916724472506
6283.0,Asia,South-Central Asia,pakistan,Wan Bhachran,5,5,100.0,33902.951495575,0.0,0.0
6288.0,Asia,South-Central Asia,pakistan,Topi,26,26,100.0,133055.31226608698,4092.061633267,3.0754590429907855
6289.0,Asia,South-Central Asia,pakistan,Dera Ghazi Khan,205,205,100.0,457179.09312769095,123441.150086885,27.000611345192826
6295.0,Asia,South-Central Asia,pakistan,Ghāzi,28,28,100.0,51468.015074610004,635.815429345,1.2353603076071569
6297.0,Asia,South-Central Asia,pakistan,Pindi Gheb,70,70,100.0,84175.170921844,9709.539840801,11.534921443540917
6298.0,Asia,South-Central Asia,pakistan,Jampur,35,35,100.0,137875.534035869,31872.819627945002,23.11709604668014
6299.0,Asia,South-Central Asia,pakistan,Rajanpur,28,28,100.0,90721.38405156301,11919.942476189999,13.139065944380986
6300.0,Asia,South-Central Asia,pakistan,Kot Addu,33,33,100.0,111300.99790281299,20723.858353281,18.61965188432262
6302.0,Asia,South-Central Asia,pakistan,Wah Cantonment,273,273,100.0,581601.540997847,10883.420449027,1.8712846651600068
6304.0,Asia,South-Central Asia,pakistan,Mithankot,17,17,100.0,40329.782255569,5052.73592177,12.528547488183586
6305.0,Asia,South-Central Asia,pakistan,Sadiqabad,258,258,100.0,419832.308267957,87750.16881278399,20.901242492461453
6309.0,Asia,South-Central Asia,pakistan,Haripur,203,203,100.0,464949.019010438,7464.3145654479995,1.6054049498447114
6310.0,Asia,South-Central Asia,pakistan,Fateh Jang,29,29,100.0,77314.88507777402,7684.26787565,9.938924267843248
6312.0,Asia,South-Central Asia,pakistan,Kot Najib Ullah,18,18,100.0,43072.663430478,0.0,0.0
6313.0,Asia,South-Central Asia,pakistan,Rahimyar Khan,399,399,100.0,644168.28838906,111595.71136501498,17.32399954739999
6315.0,Asia,South-Central Asia,pakistan,Munda,6,6,100.0,24443.450327657,0.0,0.0
6316.0,Asia,South-Central Asia,pakistan,Talagang,34,34,100.0,119142.257216911,8813.17163806,7.397183706209874
6319.0,Asia,South-Central Asia,pakistan,Dhudial,36,36,100.0,123662.73001718799,2277.83614301,1.8419746537161208
6321.0,Asia,South-Central Asia,pakistan,Mansehra,53,53,100.0,373719.839482164,7494.23903769,2.0053093911402224
6323.0,Asia,South-Central Asia,pakistan,Abbottabad,178,178,100.0,716690.022898732,7964.359700483999,1.1112697883348879
6324.0,Asia,South-Central Asia,pakistan,Muzaffargarh,66,66,100.0,322561.644795948,92539.78995597603,28.689024702399617
6327.0,Asia,South-Central Asia,pakistan,Havelian,20,20,100.0,85261.57272958601,9894.839720206,11.605274689910173
6329.0,Asia,South-Central Asia,pakistan,Rawalpindi [Islamabad],2672,2672,100.0,4511505.5169917075,464641.383778603,10.299031709672562
6330.0,Asia,South-Central Asia,pakistan,Alipur,31,31,100.0,115234.88965324599,13732.449736295,11.91692010780537
6332.0,Asia,South-Central Asia,pakistan,Khanpur,80,80,100.0,251285.88554310898,57630.018870044005,22.934045318736125
6335.0,Asia,South-Central Asia,pakistan,Khushab,32,32,100.0,119859.97453572,48001.293622886005,40.04780896109813
6336.0,Asia,South-Central Asia,pakistan,Gilgit,47,47,100.0,61711.823249117006,0.0,0.0
6337.0,Asia,South-Central Asia,pakistan,Multan,1473,1473,100.0,3051906.135653145,637279.4786024981,20.88135906794894
6339.0,Asia,South-Central Asia,pakistan,Muzaffarabad,44,44,100.0,229765.510539798,26773.92762165,11.65271826861606
6340.0,Asia,South-Central Asia,pakistan,Shujaabad,44,44,100.0,148101.62264355697,25456.094239259,17.188261536151675
6341.0,Asia,South-Central Asia,pakistan,Bani Gala,60,60,100.0,130597.24236021201,0.0,0.0
6342.0,Asia,South-Central Asia,pakistan,Chakwal,128,128,100.0,233256.65123517398,19332.065554907997,8.287894665613212
6350.0,Asia,South-Central Asia,pakistan,Kahuta,22,22,100.0,93812.066135396,8991.06302019,9.58412216101656
6351.0,Asia,South-Central Asia,pakistan,Ahmadpur East,72,72,100.0,191487.379740555,52252.969855439,27.28794447249537
6353.0,Asia,South-Central Asia,pakistan,Sargodha,782,782,100.0,1093250.433060484,156329.263452411,14.299492479026723
6355.0,Asia,South-Central Asia,pakistan,Kabirwala,37,37,100.0,98161.34400174899,21123.252786240006,21.518911544104004
6357.0,Asia,South-Central Asia,pakistan,Jhang,282,282,100.0,452048.97444522404,43123.857851418004,9.539642890317724
6359.0,Asia,South-Central Asia,pakistan,Khanewal,177,177,100.0,246183.59587639302,0.0,0.0
6360.0,Asia,South-Central Asia,pakistan,Bagh,17,17,100.0,45590.49544757,3636.32782831,7.976065608876419
6361.0,Asia,South-Central Asia,pakistan,Jahanian,43,43,100.0,80557.57597285001,0.0,0.0
6362.0,Asia,South-Central Asia,pakistan,Bhalwal,139,139,100.0,155165.104905597,13306.402827513,8.575641305181769
6363.0,Asia,South-Central Asia,pakistan,Lodhran,49,49,100.0,152057.382450773,24456.183460267002,16.0835225926531
6372.0,Asia,South-Central Asia,pakistan,Sohawa,10,10,100.0,40111.131017289,6113.0298077,15.24023295445126
6373.0,Asia,South-Central Asia,pakistan,Bahawalpur,358,358,100.0,716263.339782194,65596.76994883899,9.158191729983848
6379.0,Asia,South-Central Asia,pakistan,Toba Tek Singh,133,133,100.0,175014.310855214,14955.207790394,8.545134233489145
6381.0,Asia,South-Central Asia,pakistan,Kahror Pakka,29,29,100.0,111140.39820534298,25449.076261860002,22.89813305764866
6383.0,Asia,South-Central Asia,pakistan,Chenab Nagar,129,129,100.0,177026.930044946,0.0,0.0
6384.0,Asia,South-Central Asia,pakistan,Pir Mahal,80,80,100.0,95835.952972622,0.0,0.0
6386.0,Asia,South-Central Asia,pakistan,Dina,27,27,100.0,113998.81370881,1855.30843313,1.6274804734977861
6387.0,Asia,South-Central Asia,pakistan,Gojra,244,244,100.0,318080.626189757,60847.75841314999,19.12966506072272
6388.0,Asia,South-Central Asia,pakistan,Mian Channu,135,135,100.0,173125.868649339,9259.128168463001,5.34820604263195
6389.0,Asia,South-Central Asia,pakistan,Kotli,31,31,100.0,153093.241191939,4322.554447031,2.8234783020967225
6390.0,Asia,South-Central Asia,pakistan,Chiniot,182,182,100.0,306349.74809323496,77424.83716202398,25.27334774842393
6394.0,Asia,South-Central Asia,pakistan,Mirpur,72,72,100.0,90771.436401591,0.0,0.0
6395.0,Asia,South-Central Asia,pakistan,Mandi Bahauddin,156,156,100.0,299358.96659369,46618.09925316,15.572641696225922
6398.0,Asia,South-Central Asia,pakistan,Mailsi,19,19,100.0,136357.35084447102,34955.7511388,25.635399134932207
6400.0,Asia,South-Central Asia,pakistan,Jhelum,204,204,100.0,435312.072602837,61188.801556745006,14.05630705137173
6404.0,Asia,South-Central Asia,pakistan,Pir Murad,153,153,100.0,230598.069232977,7611.461551092,3.3007481703595776
6405.0,Asia,South-Central Asia,pakistan,Faisalabad,4582,4582,100.0,5763198.19396203,1565506.155812628,27.163843809029036
6407.0,Asia,South-Central Asia,pakistan,Kamalia,49,49,100.0,153710.33805788102,70302.42048630898,45.73695001557798
6408.0,Asia,South-Central Asia,pakistan,Sarai Alamgir,33,33,100.0,132047.696757234,14509.60215975,10.988152399526891
6416.0,Asia,South-Central Asia,pakistan,Dijkot,39,39,100.0,60654.04274669999,562.389604139,0.9272087707123166
6418.0,Asia,South-Central Asia,pakistan,Dinga,36,36,100.0,96851.59707979599,33335.487794948,34.419141036448686
6419.0,Asia,South-Central Asia,pakistan,Samundri,146,146,100.0,194998.44600301998,28994.120175545995,14.868898070652808
6420.0,Asia,South-Central Asia,pakistan,Chichawatni,104,104,100.0,178621.466416502,22026.083650394,12.33115150842761
6424.0,Asia,South-Central Asia,pakistan,Kharian,65,65,100.0,222071.36312799397,12958.229561581,5.835164597117522
6426.0,Asia,South-Central Asia,pakistan,Ghaseet pura69 RB,289,289,100.0,546994.3488010031,87602.83752588398,16.0153094301444
6429.0,Asia,South-Central Asia,pakistan,Sangla Hill,92,92,100.0,145259.77883174,47616.520656543,32.78025138100964
6430.0,Asia,South-Central Asia,pakistan,Burewala,164,164,100.0,306946.7442829041,18115.923626442,5.901976145329324
6431.0,Asia,South-Central Asia,pakistan,Lala Musa,41,41,100.0,214986.891373583,15448.919990854001,7.185982313688323
6432.0,Asia,South-Central Asia,pakistan,Mangowal,32,32,100.0,87167.835569311,11362.6186238,13.035334133959397
6438.0,Asia,South-Central Asia,pakistan,Hasilpur,108,108,100.0,205558.46271892003,35391.474410963005,17.217230535216245
6439.0,Asia,South-Central Asia,pakistan,Hafizabad,103,103,100.0,410581.687882406,139069.63029856703,33.87136699053118
6445.0,Asia,South-Central Asia,pakistan,Ali Pur Chatha,25,25,100.0,90399.593599165,28359.767020664996,31.371564728944694
6447.0,Asia,South-Central Asia,pakistan,Gujrat,442,442,100.0,824023.263461011,229044.862928611,27.795921921741755
6448.0,Asia,South-Central Asia,pakistan,Sahiwal,435,435,100.0,651122.3442219221,75727.519277754,11.630305725147068
6450.0,Asia,South-Central Asia,pakistan,Jaranwala,216,216,100.0,291336.866310706,124258.558183814,42.65116178303857
6453.0,Asia,South-Central Asia,pakistan,Mohla khurd,14,14,100.0,18258.06935634,0.0,0.0
6457.0,Asia,South-Central Asia,pakistan,Manawala,26,26,100.0,79054.881200817,17640.42428625,22.314149383691305
6459.0,Asia,South-Central Asia,pakistan,Arifwala,104,104,100.0,192236.415697511,18255.764230803,9.49651717369144
6460.0,Asia,South-Central Asia,pakistan,Jalalpur Jattan,38,38,100.0,130167.47089173099,20762.24297391,15.950408217717735
6461.0,Asia,South-Central Asia,pakistan,Wazirabad,88,88,100.0,302020.499031623,116309.58996489999,38.510495260363705
6467.0,Asia,South-Central Asia,pakistan,Farooqabad,28,28,100.0,176880.811093034,42462.166064032994,24.00608963834928
6468.0,Asia,South-Central Asia,pakistan,Qila Didar Singh,20,20,100.0,70366.66696713801,19240.574213121,27.343307623347506
6469.0,Asia,South-Central Asia,pakistan,Gujranwala,1786,1786,100.0,3483438.2392417574,1056236.9655005839,30.32167912730084
6470.0,Asia,South-Central Asia,pakistan,Nankana Sahib,86,86,100.0,157613.62825677698,70890.966133579,44.9776881083447
6471.0,Asia,South-Central Asia,pakistan,Ghakhar Mandi,20,20,100.0,118429.28579854,45697.35404233,38.58619406019702
6472.0,Asia,South-Central Asia,pakistan,Nowshera Virkan,11,11,100.0,75052.12294442,32898.050126849994,43.83360368262029
6473.0,Asia,South-Central Asia,pakistan,Lahore,10160,10160,100.0,14471871.128385406,4058282.0158701595,28.04255220259782
6475.0,Asia,South-Central Asia,pakistan,Okara,543,543,100.0,700025.145085229,228355.47657363,32.62103914079078
6476.0,Asia,South-Central Asia,pakistan,Sialkot,1022,1022,100.0,2472779.8920317637,871752.923436366,35.253963615827075
6479.0,Asia,South-Central Asia,pakistan,N/A,26,26,100.0,70172.80344089,21613.227708144994,30.800006054127333
6481.0,Asia,South-Central Asia,pakistan,N/A,13,13,100.0,68923.282835531,0.0,0.0
6484.0,Asia,South-Central Asia,pakistan,Renala Khurd,84,84,100.0,122060.44954214898,31062.619616776,25.448554165819036
6485.0,Asia,South-Central Asia,pakistan,Pakpattan,151,151,100.0,328777.007037511,112952.23315153502,34.355271425245384
6490.0,Asia,South-Central Asia,pakistan,Bahawalnagar,129,129,100.0,193641.288087239,7667.600281299001,3.9596928718242177
6492.0,Asia,South-Central Asia,pakistan,Depalpur,67,67,100.0,188058.401205568,87541.080012038,46.54994376791825
6494.0,Asia,South-Central Asia,pakistan,Muridke,154,154,100.0,339443.839698259,64946.29852156801,19.133149854568153
6495.0,Asia,South-Central Asia,pakistan,Pattoki,60,60,100.0,237224.367920702,49598.971983874006,20.908042634327376
6496.0,Asia,South-Central Asia,pakistan,Bhai Pheru,20,20,100.0,109407.341606127,29970.451815379,27.393455846203107
6497.0,Asia,South-Central Asia,pakistan,Khanke Mod,23,23,100.0,79449.76676611601,17996.25290358,22.651108538250735
6498.0,Asia,South-Central Asia,pakistan,Manga,23,23,100.0,152249.10244293403,7727.9320447499995,5.075847358539654
6504.0,Asia,South-Central Asia,pakistan,Haveli Lakha,41,41,100.0,147852.644980335,51221.259987948004,34.64345192793855
6505.0,Asia,South-Central Asia,pakistan,Chunian,42,42,100.0,145181.74585382198,53811.628727551004,37.06501007484226
6511.0,Asia,South-Central Asia,pakistan,Pasrur,61,61,100.0,169541.693822764,84000.50778482998,49.54563440462184
6515.0,Asia,South-Central Asia,pakistan,Raiwind,63,63,100.0,159192.266492038,57941.58546856401,36.39723633902904
6520.0,Asia,South-Central Asia,pakistan,Allahabad,14,14,100.0,121441.450408524,22732.69970407,18.719061430506752
6525.0,Asia,South-Central Asia,pakistan,Zafarwal,34,34,100.0,82572.292304342,24322.39487941,29.455879448960175
6530.0,Asia,South-Central Asia,pakistan,Narowal,74,74,100.0,305473.12475807505,115635.969765218,37.854711394594204
6531.0,Asia,South-Central Asia,pakistan,N/A,50,50,100.0,97986.55238665,17505.993119314,17.86570982744268
6537.0,Asia,South-Central Asia,pakistan,Kasur,99,99,100.0,573049.8872684289,153838.677055899,26.84559939261233
6551.0,Asia,South-Central Asia,pakistan,Shakar Garh,42,42,100.0,212382.265299147,105288.56807798,49.575028277280026
4285.0,Asia,Western Asia,palestina,Gaza,1335,1335,100.0,2000909.1571982594,24707.750885054,1.2348262186800438
4331.0,Asia,Western Asia,palestina,Tulkarm,156,156,100.0,173821.31399789802,0.0,0.0
4351.0,Asia,Western Asia,palestina,Jerusalem,1246,1246,100.0,2078182.40466398,0.0,0.0
4354.0,Asia,Western Asia,palestina,Hebron,279,279,100.0,404155.55969860696,0.0,0.0
4358.0,Asia,Western Asia,palestina,Qabatiya,25,25,100.0,28506.086901805,0.0,0.0
4359.0,Asia,Western Asia,palestina,Nablus,183,183,100.0,210893.40265815496,0.0,0.0
4360.0,Asia,Western Asia,palestina,Jenin,66,66,100.0,70883.860890358,0.0,0.0
404.0,Latin America and the Caribbean,Central America,panama,David,120,120,100.0,126994.93339739699,0.0,0.0
451.0,Latin America and the Caribbean,Central America,panama,Colón,110,110,100.0,183473.08425698694,2766.271705331,1.5077261694997945
452.0,Latin America and the Caribbean,Central America,panama,La Chorrera,118,118,100.0,161580.44706965497,0.0,0.0
454.0,Latin America and the Caribbean,Central America,panama,Nuevo Arraiján,169,169,100.0,256009.99337704998,1300.9569457369998,0.5081664698225112
458.0,Latin America and the Caribbean,Central America,panama,Panama City,970,970,100.0,1419076.447825325,226497.19317950303,15.960887345188517
460.0,Latin America and the Caribbean,Central America,panama,Sector 3,126,126,100.0,167482.924606618,2014.810855982,1.202994789298291
13119.0,Oceania,Melanesia,papua_new_guinea,Madang,47,47,100.0,86367.07010834699,0.0,0.0
13120.0,Oceania,Melanesia,papua_new_guinea,Port Moresby,75,75,100.0,383710.099354842,0.0,0.0
13122.0,Oceania,Melanesia,papua_new_guinea,Lae,41,41,100.0,77804.012940566,0.0,0.0
1074.0,Latin America and the Caribbean,South America,paraguay,Asuncion,1308,1308,100.0,1264104.104896568,302583.67205185804,23.936610195298442
1079.0,Latin America and the Caribbean,South America,paraguay,Itauguá,34,34,100.0,37474.000702419005,1190.5342308670001,3.176960582140752
1086.0,Latin America and the Caribbean,South America,paraguay,Coronel Oviedo,105,105,100.0,90886.62695946402,6791.912239964,7.472950055670164
1088.0,Latin America and the Caribbean,South America,paraguay,Villarrica,78,78,100.0,66162.782573752,9763.879483376999,14.757359203405858
1090.0,Latin America and the Caribbean,South America,paraguay,Caaguazú,117,117,100.0,95917.99739706899,6183.915382004,6.447085583328666
1108.0,Latin America and the Caribbean,South America,paraguay,Encarnacion,140,140,100.0,114539.41622593699,14752.229282977001,12.879609281295096
1118.0,Latin America and the Caribbean,South America,paraguay,Ciudad del Este,643,643,100.0,590426.90229413,61522.34328223499,10.419976299045182
412.0,Latin America and the Caribbean,South America,peru,Talara,56,56,100.0,67928.235781553,514.705993119,0.7577202428371865
415.0,Latin America and the Caribbean,South America,peru,Paita,78,78,100.0,80475.655898849,1269.1322599700002,1.5770387277926516
418.0,Latin America and the Caribbean,South America,peru,Sullana,232,232,100.0,197908.214423371,22947.979751604,11.595263904768002
421.0,Latin America and the Caribbean,South America,peru,Piura,432,432,100.0,420470.694997742,3070.128552826,0.7301646914638099
422.0,Latin America and the Caribbean,South America,peru,Tumbes,96,96,100.0,103858.374858908,2058.843546124,1.9823567901201484
428.0,Latin America and the Caribbean,South America,peru,Chulucanas,39,39,100.0,36315.434265104,1601.138590097,4.408975474198186
441.0,Latin America and the Caribbean,South America,peru,Lambayeque,63,63,100.0,61065.133165087995,1275.339416321,2.088490354836619
442.0,Latin America and the Caribbean,South America,peru,Chiclayo,685,685,100.0,629401.221599491,36519.005557066004,5.802182185833804
466.0,Latin America and the Caribbean,South America,peru,Trujillo,1065,1065,100.0,967818.249660633,209794.347787943,21.677039863787204
468.0,Latin America and the Caribbean,South America,peru,Jaén,64,64,100.0,68305.287337001,487.962236738,0.7143842823331051
470.0,Latin America and the Caribbean,South America,peru,Cutervo,17,17,100.0,16203.05802136,3868.2241115809998,23.87342010675785
478.0,Latin America and the Caribbean,South America,peru,Cajamarca,252,252,100.0,257784.77088729097,90392.28046025998,35.06501960885091
480.0,Latin America and the Caribbean,South America,peru,Chimbote,322,322,100.0,315874.853818984,19141.836139283998,6.059943014727429
494.0,Latin America and the Caribbean,South America,peru,Barranca,58,58,100.0,56011.291593411996,2324.069084145,4.149286720641085
498.0,Latin America and the Caribbean,South America,peru,Huaraz,104,104,100.0,112825.232264673,45841.54283290201,40.63057696647488
504.0,Latin America and the Caribbean,South America,peru,Huacho,138,138,100.0,136589.959559036,6770.840253576,4.957055610408577
505.0,Latin America and the Caribbean,South America,peru,Moyobamba,86,86,100.0,84061.93800184,0.0,0.0
522.0,Latin America and the Caribbean,South America,peru,Huaral,67,67,100.0,65318.01882318299,5244.175924056,8.028681853091832
528.0,Latin America and the Caribbean,South America,peru,Lima,8847,8847,100.0,10159422.32586553,1515953.652358529,14.921652075620132
532.0,Latin America and the Caribbean,South America,peru,Tarapoto,185,185,100.0,168518.056307305,16532.971844624,9.810801410191273
536.0,Latin America and the Caribbean,South America,peru,Yurimaguas,62,62,100.0,62970.157182161005,28990.663276471005,46.03873417785251
539.0,Latin America and the Caribbean,South America,peru,Pampa Limay,19,19,100.0,24635.038218164,4195.830716977,17.03196349776033
549.0,Latin America and the Caribbean,South America,peru,Huánuco,170,170,100.0,168355.291813688,49635.766543253,29.482748067214242
560.0,Latin America and the Caribbean,South America,peru,Tingo María,31,31,100.0,54520.548282138996,1851.63994173,3.3962239927374314
585.0,Latin America and the Caribbean,South America,peru,Chincha Alta,182,182,100.0,176145.262684162,44561.855222622995,25.298355768173465
616.0,Latin America and the Caribbean,South America,peru,Huancayo,285,285,100.0,262634.15485054697,55747.232010429005,21.226192778373473
622.0,Latin America and the Caribbean,South America,peru,Pucallpa,236,236,100.0,243277.241106091,30800.765573693003,12.66076737538349
623.0,Latin America and the Caribbean,South America,peru,Pichanaki,99,99,100.0,99562.929185535,33164.382301135,33.30997046032399
663.0,Latin America and the Caribbean,South America,peru,Ayacucho,194,194,100.0,199662.69937754702,59059.41696085,29.579594558707793
690.0,Latin America and the Caribbean,South America,peru,Andahuaylas,43,43,100.0,41052.115508964,20040.282454918,48.81668631800978
704.0,Latin America and the Caribbean,South America,peru,Abancay,43,43,100.0,46748.683673029,19339.054726049,41.36812677189111
723.0,Latin America and the Caribbean,South America,peru,Cusco,384,384,100.0,487878.967510219,211243.652068703,43.29837237024945
753.0,Latin America and the Caribbean,South America,peru,Arequipa,894,894,100.0,937274.545758358,200618.900597935,21.404496847357812
788.0,Latin America and the Caribbean,South America,peru,Juliaca,336,336,100.0,308220.066891917,72425.47016947602,23.49797367180292
796.0,Latin America and the Caribbean,South America,peru,Puno,98,98,100.0,113147.63659270301,41895.275825029996,37.02708875470392
798.0,Latin America and the Caribbean,South America,peru,Puerto Maldonado,93,93,100.0,88898.75454470402,3689.624852146,4.150367315090583
800.0,Latin America and the Caribbean,South America,peru,Tacna,359,359,100.0,323929.58291172795,17879.328265753,5.519510785350279
811.0,Latin America and the Caribbean,South America,peru,Ilave,21,21,100.0,20828.813462285,14451.688172953998,69.38315617028236
12756.0,Asia,South-Eastern Asia,philippines,Laoag,80,80,100.0,82046.153919198,859.106884316,1.0471019582003556
12757.0,Asia,South-Eastern Asia,philippines,Vigan,89,89,100.0,100007.103489896,0.0,0.0
12766.0,Asia,South-Eastern Asia,philippines,San Fernando,83,83,100.0,147823.557908374,2480.383466276,1.6779351690435058
12770.0,Asia,South-Eastern Asia,philippines,Lingayen,97,97,100.0,131619.392055783,11300.220249319,8.585528372999727
12772.0,Asia,South-Eastern Asia,philippines,Dagupan,367,367,100.0,645896.553251745,428.715361525,0.0663752359981868
12776.0,Asia,South-Eastern Asia,philippines,Dinalaoan,47,47,100.0,65750.758925899,0.0,0.0
12779.0,Asia,South-Eastern Asia,philippines,San Carlos,50,50,100.0,71628.014587132,1047.6350066,1.4626051170601733
12783.0,Asia,South-Eastern Asia,philippines,Baguio,164,164,100.0,551270.0278472019,29685.922346407002,5.38500568629412
12787.0,Asia,South-Eastern Asia,philippines,Bayambang,43,43,100.0,62112.496864796,0.0,0.0
12789.0,Asia,South-Eastern Asia,philippines,Urdaneta,67,67,100.0,94722.66395484,0.0,0.0
12790.0,Asia,South-Eastern Asia,philippines,Puerto Princesa,129,129,100.0,184075.476466707,2181.982091159,1.1853735940505068
12794.0,Asia,South-Eastern Asia,philippines,Subic,32,32,100.0,117615.13290587199,5014.877264002,4.26380274383181
12796.0,Asia,South-Eastern Asia,philippines,Olongapo,115,115,100.0,180716.153509089,17776.325723479003,9.836600313975229
12799.0,Asia,South-Eastern Asia,philippines,Tarlac City,122,122,100.0,190717.53989929496,16787.098565921,8.80207377611159
12801.0,Asia,South-Eastern Asia,philippines,Bamban,51,51,100.0,70396.790604498,13084.344055239,18.586563311883392
12803.0,Asia,South-Eastern Asia,philippines,Angeles [San Fernando],698,698,100.0,1418673.8357973571,131293.60796752202,9.254671838909982
12804.0,Asia,South-Eastern Asia,philippines,Dinalupihan,43,43,100.0,66210.625569057,6403.795997504,9.671855449885317
12806.0,Asia,South-Eastern Asia,philippines,Bayombong,76,76,100.0,79494.21943808401,0.0,0.0
12807.0,Asia,South-Eastern Asia,philippines,Lubao,76,76,100.0,159815.86422627702,1432.551311311,0.8963761628086601
12808.0,Asia,South-Eastern Asia,philippines,Orani,46,46,100.0,92642.39862414401,5155.650080220001,5.565108586120265
12810.0,Asia,South-Eastern Asia,philippines,Balanga,64,64,100.0,124660.75168807,4217.744994104,3.3833784386747263
12812.0,Asia,South-Eastern Asia,philippines,San Jose,58,58,100.0,83421.79311384099,814.026684031,0.9757961962291364
12813.0,Asia,South-Eastern Asia,philippines,Tuguegarao,118,118,100.0,145906.81871387098,13541.167442997,9.280695420788911
12816.0,Asia,South-Eastern Asia,philippines,Arayat,30,30,100.0,70123.90179288699,1944.72945303,2.773276163060373
12817.0,Asia,South-Eastern Asia,philippines,Macabebe,41,41,100.0,69848.659571617,5613.074279376,8.036051534562121
12819.0,Asia,South-Eastern Asia,philippines,Hagonoy,72,72,100.0,134452.799977965,7032.755283694999,5.230649926849848
12820.0,Asia,South-Eastern Asia,philippines,Cabanatuan,170,170,100.0,240676.77051460702,23473.722636886,9.753214897597001
12821.0,Asia,South-Eastern Asia,philippines,Apalit,31,31,100.0,80399.321988886,21349.451065174,26.55426754484974
12822.0,Asia,South-Eastern Asia,philippines,Gapan,85,85,100.0,121494.744636335,1569.71716332,1.2920041669444773
12824.0,Asia,South-Eastern Asia,philippines,Calumpit,60,60,100.0,104103.16739801,5678.30845401,5.454501141449943
12829.0,Asia,South-Eastern Asia,philippines,Quezon City [Manila],12832,12832,100.0,24848550.025186233,8017939.093456386,32.26723122809776
12832.0,Asia,South-Eastern Asia,philippines,Santiago,79,79,100.0,103095.075867009,5305.046594361,5.145780775412033
12835.0,Asia,South-Eastern Asia,philippines,Nasugbu,35,35,100.0,63060.815015178,0.0,0.0
12840.0,Asia,South-Eastern Asia,philippines,Trece Martires,80,80,100.0,139760.075576897,9739.748778518,6.968906347763901
12843.0,Asia,South-Eastern Asia,philippines,Lemery,55,55,100.0,91355.113916052,711.044915709,0.7783307197913332
12847.0,Asia,South-Eastern Asia,philippines,Binangonan,118,118,100.0,282234.22432833497,96891.255751004,34.33008735265442
12849.0,Asia,South-Eastern Asia,philippines,Batangas City,165,165,100.0,380940.860458104,25762.907724772,6.762967798673677
12854.0,Asia,South-Eastern Asia,philippines,Lipa,138,138,100.0,314617.39336524,15763.283472355,5.010302610337685
12855.0,Asia,South-Eastern Asia,philippines,Tanay,26,26,100.0,71453.294922453,816.301685524,1.142426932739656
12860.0,Asia,South-Eastern Asia,philippines,San Pablo,102,102,100.0,210802.427419463,6201.454730679,2.941832694525429
12861.0,Asia,South-Eastern Asia,philippines,Santa Cruz,98,98,100.0,221727.099724751,1158.499010577,0.5224886863243803
12872.0,Asia,South-Eastern Asia,philippines,Candelaria,40,40,100.0,67969.471922813,4402.554621927,6.477252945155433
12879.0,Asia,South-Eastern Asia,philippines,San Jose,26,26,100.0,79083.21836982301,0.0,0.0
12883.0,Asia,South-Eastern Asia,philippines,Lucena,140,140,100.0,273166.456448687,8218.109028409,3.008461996120938
12917.0,Asia,South-Eastern Asia,philippines,Jolo,19,19,100.0,59866.524024045,8965.58538721,14.975957821785396
12919.0,Asia,South-Eastern Asia,philippines,Daet,52,52,100.0,78933.705551267,1988.16228267,2.518774798148428
12924.0,Asia,South-Eastern Asia,philippines,Kalibo,56,56,100.0,76563.656337189,2255.383955321,2.945763124723578
12929.0,Asia,South-Eastern Asia,philippines,Naga,175,175,100.0,361446.55322394095,32986.368093221,9.126209061615723
12932.0,Asia,South-Eastern Asia,philippines,Iloilo City,272,272,100.0,544067.4903006309,60952.169687172005,11.203053072237815
12933.0,Asia,South-Eastern Asia,philippines,Roxas City,69,69,100.0,115816.23735399397,1065.273201708,0.9197960718167499
12937.0,Asia,South-Eastern Asia,philippines,Iriga,46,46,100.0,64128.64892275099,2122.084958145,3.309105982727395
12941.0,Asia,South-Eastern Asia,philippines,Cawit,14,14,100.0,56274.44391903901,4810.93735153,8.549062445559489
12948.0,Asia,South-Eastern Asia,philippines,Zamboanga City,213,213,100.0,494885.62516845,62146.98107089,12.557847290419136
12951.0,Asia,South-Eastern Asia,philippines,Bacolod,412,412,100.0,650193.823274142,11752.800862587,1.8075842067222552
12954.0,Asia,South-Eastern Asia,philippines,Tabaco,58,58,100.0,107527.937416057,11095.24046685,10.318472327725653
12955.0,Asia,South-Eastern Asia,philippines,Legazpi,127,127,100.0,252735.34091367698,12661.051115551001,5.009608497877409
12959.0,Asia,South-Eastern Asia,philippines,Masbate City,30,30,100.0,77408.456651672,19157.851317802,24.749041831449816
12961.0,Asia,South-Eastern Asia,philippines,Cadiz,40,40,100.0,59057.822382416,2884.163060604,4.883625816624652
12963.0,Asia,South-Eastern Asia,philippines,Sorsogon City,61,61,100.0,95567.33598784001,3812.674656995,3.9895165200378973
12975.0,Asia,South-Eastern Asia,philippines,Dumaguete,99,99,100.0,190270.707813998,11061.404662973,5.813508968383217
12981.0,Asia,South-Eastern Asia,philippines,Cebu City,963,963,100.0,3113671.4430378554,576297.495963468,18.50861616282812
12982.0,Asia,South-Eastern Asia,philippines,Dipolog,71,71,100.0,122698.079204821,14188.170147843,11.563481873386593
12985.0,Asia,South-Eastern Asia,philippines,Pagadian,101,101,100.0,159178.27720518602,32696.53822928,20.54082931625971
12987.0,Asia,South-Eastern Asia,philippines,Tagbilaran,90,90,100.0,115022.243250159,0.0,0.0
12990.0,Asia,South-Eastern Asia,philippines,Calbayog,27,27,100.0,76758.265226598,8640.670101684,11.256989818849977
12993.0,Asia,South-Eastern Asia,philippines,Ozamiz,55,55,100.0,138219.47372492298,4813.945221025,3.48282705127749
12994.0,Asia,South-Eastern Asia,philippines,Ormoc,44,44,100.0,86412.94814199701,0.0,0.0
12996.0,Asia,South-Eastern Asia,philippines,Catbalogan,12,12,100.0,72448.370022129,13966.67510217,19.278108117413748
12998.0,Asia,South-Eastern Asia,philippines,Iligan,164,164,100.0,325196.16927935206,46270.522146432,14.228495449060595
12999.0,Asia,South-Eastern Asia,philippines,Tacloban,118,118,100.0,264686.70952106,40288.568439696006,15.221228339192608
13000.0,Asia,South-Eastern Asia,philippines,Marawi,79,79,100.0,128521.25230283603,743.965673858,0.5788658766761667
13003.0,Asia,South-Eastern Asia,philippines,Cotabato,100,100,100.0,205188.546620208,39729.345343753,19.36236013079701
13005.0,Asia,South-Eastern Asia,philippines,Cagayan de Oro,470,470,100.0,936361.736791319,167102.752875327,17.84596126791201
13009.0,Asia,South-Eastern Asia,philippines,Surigao City,49,49,100.0,100819.007993659,23434.605627479,23.244233497073203
13010.0,Asia,South-Eastern Asia,philippines,Koronadal,91,91,100.0,114251.028935173,577.594048238,0.5055482244853408
13011.0,Asia,South-Eastern Asia,philippines,Valencia,61,61,100.0,106305.986289603,29905.266974869002,28.131310398080387
13013.0,Asia,South-Eastern Asia,philippines,Butuan,100,100,100.0,215504.703511118,4611.960016995001,2.1400739482036726
13014.0,Asia,South-Eastern Asia,philippines,Polomolok,45,45,100.0,52050.625399610006,2769.9098230580003,5.321568764625745
13016.0,Asia,South-Eastern Asia,philippines,General Santos,336,336,100.0,445851.178117288,46552.844155809,10.441341514984751
13018.0,Asia,South-Eastern Asia,philippines,Digos,87,87,100.0,87322.43142630899,509.011061698,0.5829098587658454
13024.0,Asia,South-Eastern Asia,philippines,Davao City,545,545,100.0,1068197.033193121,190635.40035233702,17.846464128670892
13027.0,Asia,South-Eastern Asia,philippines,Tagum,220,220,100.0,328488.908268412,3034.0868765019995,0.9236497184930254
2982.0,Africa,Middle Africa,republic_of_congo,Pointe-Noire,293,293,100.0,308774.095845974,75992.88501144701,24.611159431377494
2986.0,Africa,Middle Africa,republic_of_congo,Mongo Kamba,95,95,100.0,89563.561499985,36090.441510096,40.29589813721516
3072.0,Africa,Middle Africa,republic_of_congo,Nkayi,54,54,100.0,49822.28642373199,8026.919068409999,16.111101365646107
3211.0,Africa,Middle Africa,republic_of_congo,Brazzaville,3117,3117,100.0,3188327.828025344,2458837.77201559,77.1199796458335
3241.0,Africa,Middle Africa,republic_of_congo,Owando,21,21,100.0,22367.224331461,0.0,0.0
3251.0,Africa,Middle Africa,republic_of_congo,Ouésso,42,42,100.0,35843.76582160599,6934.77772149,19.347235321211247
3347.0,Africa,Middle Africa,republic_of_congo,Dongou,44,44,100.0,61071.920879341,11202.330228484998,18.342849000307844
3348.0,Africa,Middle Africa,republic_of_congo,Impfondo,289,289,100.0,353696.283258264,149439.083033407,42.250679497327006
4128.0,Africa,Eastern Africa,rwanda,Musanze,82,82,100.0,90646.345002984,33255.071885048004,36.68661089860079
4146.0,Africa,Eastern Africa,rwanda,Muhanga,34,34,100.0,35825.655290365,1647.153511737,4.597692626657935
4172.0,Africa,Eastern Africa,rwanda,Kigali,1114,1114,100.0,1476299.3212193958,658796.545516757,44.624862725846356
4196.0,Africa,Eastern Africa,rwanda,Kabuga,40,40,100.0,46571.707894827996,12487.187220541,26.81281787805716
1452.0,Africa,Western Africa,senegal,Dakar,3448,3448,100.0,3904138.828481489,2239914.688275777,57.3728237309376
1453.0,Africa,Western Africa,senegal,MBour,496,496,100.0,457782.19582972105,127285.896616885,27.80490324360078
1454.0,Africa,Western Africa,senegal,Thiès,480,480,100.0,464576.443644666,196447.72409657104,42.28533899726203
1456.0,Africa,Western Africa,senegal,Tivaouane,112,112,100.0,103214.610093927,37209.040898408,36.05016854159228
1460.0,Africa,Western Africa,senegal,Bambey,72,72,100.0,58471.902231563,22827.230765533,39.039658185108465
1461.0,Africa,Western Africa,senegal,Saint-Louis,184,184,100.0,189041.537660542,126254.10419835799,66.78643527808681
1462.0,Africa,Western Africa,senegal,Fatick,67,67,100.0,62421.2963725,22688.08580046,36.34670716395975
1463.0,Africa,Western Africa,senegal,Ziguinchor,295,295,100.0,283083.264947489,124591.28980582999,44.01224135553942
1464.0,Africa,Western Africa,senegal,Bignona,88,88,100.0,77155.146902918,2882.5924147709998,3.7360986667526914
1465.0,Africa,Western Africa,senegal,Diourbel,231,231,100.0,213784.515968432,54594.00542547801,25.536931511700082
1466.0,Africa,Western Africa,senegal,Louga,186,186,100.0,176490.873337093,64971.627794371,36.813024133138526
1467.0,Africa,Western Africa,senegal,Kaolack,455,455,100.0,400062.987201888,163545.860819417,40.880027908426605
1469.0,Africa,Western Africa,senegal,Gossas,33,33,100.0,30976.69934436,4141.170509191,13.368662888045858
1470.0,Africa,Western Africa,senegal,Darou Mousti,61,61,100.0,54877.29096511901,10491.251027757,19.117654758915535
1471.0,Africa,Western Africa,senegal,Guinguinéo,36,36,100.0,30711.485654493004,5375.002182055,17.501602633373917
1473.0,Africa,Western Africa,senegal,Touba,1159,1159,100.0,973269.978728394,225797.377708479,23.19987081112786
1481.0,Africa,Western Africa,senegal,Sédhiou,62,62,100.0,58368.521820632,14581.904281358002,24.982479984962747
1482.0,Africa,Western Africa,senegal,Richard-Toll,67,67,100.0,74425.062891095,33887.771506506004,45.53274151221536
1484.0,Africa,Western Africa,senegal,Kaffrine,85,85,100.0,87430.36507030402,50715.583409952,58.00683020043535
1485.0,Africa,Western Africa,senegal,Dahra Djoloff,78,78,100.0,66717.128618149,14302.256664448,21.437158583826356
1487.0,Africa,Western Africa,senegal,Dagana,42,42,100.0,39021.210058576,24420.155960268003,62.581749575705416
1489.0,Africa,Western Africa,senegal,Kolda,182,182,100.0,177362.685205716,104463.19597914901,58.8980685864032
1500.0,Africa,Western Africa,senegal,Vélingara,94,94,100.0,80904.38473287298,37797.153895287,46.71830089318917
1504.0,Africa,Western Africa,senegal,Madina Gounass,60,60,100.0,58565.01656627501,41546.539698117,70.94088268736495
1506.0,Africa,Western Africa,senegal,Tambacounda,196,196,100.0,223859.00191737,98487.361749656,43.995265281317245
1507.0,Africa,Western Africa,sierra_leone,Freetown,677,677,100.0,1974172.109506684,1379216.019252326,69.86300802299206
1509.0,Africa,Western Africa,sierra_leone,Mahera,69,69,100.0,87997.219300577,6493.006122282999,7.378649204930529
1511.0,Africa,Western Africa,sierra_leone,Waterloo,65,65,100.0,84836.04682563001,19925.885843479,23.487522803171384
1516.0,Africa,Western Africa,sierra_leone,Mile 91,29,29,100.0,68791.33864241501,3478.094931647,5.056007050141185
1519.0,Africa,Western Africa,sierra_leone,Makeni,98,98,100.0,204497.06604391598,37071.814915049,18.128286939377304
1520.0,Africa,Western Africa,sierra_leone,Bo,178,178,100.0,366760.643031563,128879.542702758,35.13995984887254
1522.0,Africa,Western Africa,sierra_leone,Kenema,131,131,100.0,259618.16039605596,55042.358160529,21.20127423927513
1524.0,Africa,Western Africa,sierra_leone,Koidu Town,87,87,100.0,144117.830929415,29438.349021856,20.42658346438346
13133.0,Oceania,Melanesia,solomon_islands,Honiara,52,52,100.0,113234.67327083401,0.0,0.0
5572.0,Africa,Eastern Africa,somalia,Kismayo,218,218,100.0,312142.86120637,257224.21530232002,82.40592602637128
5596.0,Africa,Eastern Africa,somalia,Borama,276,276,100.0,285343.92242521595,150257.298702169,52.65831401807727
5680.0,Africa,Eastern Africa,somalia,Baidoa,330,330,100.0,334483.216972392,313494.99543479405,93.72517947908571
5685.0,Africa,Eastern Africa,somalia,Hargeisa,1282,1282,100.0,1304591.54960887,779565.067072727,59.75548954816154
5732.0,Africa,Eastern Africa,somalia,Berbera,104,104,100.0,115367.163613207,51995.602330639005,45.06967208188055
5742.0,Africa,Eastern Africa,somalia,Merca,145,145,100.0,256000.861755496,173890.004076724,67.9255541892686
5761.0,Africa,Eastern Africa,somalia,Beledweyne,187,187,100.0,216969.306750576,170481.733967585,78.57412484779135
5762.0,Africa,Eastern Africa,somalia,Burao,383,383,100.0,374821.44800091203,237100.366057442,63.25688332991688
5765.0,Africa,Eastern Africa,somalia,Mogadishu,3973,3973,100.0,4269250.743846297,3937580.340767339,92.23118005994311
5827.0,Africa,Eastern Africa,somalia,Erigavo,133,133,100.0,116188.035112933,21961.446642984,18.901642171362834
5833.0,Africa,Eastern Africa,somalia,Las Anod,101,101,100.0,113075.31554997899,15328.996602283001,13.55644822013132
5837.0,Africa,Eastern Africa,somalia,Galkayo,179,179,100.0,172148.03944180402,99813.18045714998,57.98101493388928
5861.0,Africa,Eastern Africa,somalia,Garoowe,87,87,100.0,90808.13761246999,25510.120693159995,28.09232890781903
5871.0,Africa,Eastern Africa,somalia,Bosaso,174,174,100.0,237700.84468484,132398.555273783,55.69965704132268
5875.0,Africa,Eastern Africa,somalia,Qardho City,76,76,100.0,96402.16313136701,45308.949014918,46.99992981814692
3268.0,Africa,Southern Africa,south_africa,Cape Town,3737,3737,100.0,4428604.687181104,2457467.760117019,55.490790750195565
3276.0,Africa,Southern Africa,south_africa,Atlantis,75,75,100.0,75906.18385058997,31819.872013847,41.91999966231959
3286.0,Africa,Southern Africa,south_africa,Somerset West,190,190,100.0,206810.85492255402,106380.23173566702,51.43841786037006
3290.0,Africa,Southern Africa,south_africa,Stellenbosch,78,78,100.0,94068.31074106197,40733.648210071995,43.30220016621523
3302.0,Africa,Southern Africa,south_africa,Paarl,215,215,100.0,243085.439302545,124587.16807668601,51.25241908118748
3320.0,Africa,Southern Africa,south_africa,Worcester,82,82,100.0,82913.120857014,32790.370541159,39.54786673354982
3400.0,Africa,Southern Africa,south_africa,Mossel Bay,54,54,100.0,69994.26371065801,31338.296616124,44.77266415097974
3407.0,Africa,Southern Africa,south_africa,Oudtshoorn,62,62,100.0,65807.81106363,26707.13200514,40.58352887519189
3410.0,Africa,Southern Africa,south_africa,George,175,175,100.0,182376.14662705298,108602.45645810901,59.548607900019825
3497.0,Africa,Southern Africa,south_africa,KwaNobuhle 1,119,119,100.0,128389.19105406101,72083.35881970101,56.144413893338395
3500.0,Africa,Southern Africa,south_africa,Uitenhage,105,105,100.0,112130.634979284,43464.40376305299,38.7622916530197
3505.0,Africa,Southern Africa,south_africa,Port Elizabeth,764,764,100.0,817825.488710902,351628.083989754,42.995490950521486
3511.0,Africa,Southern Africa,south_africa,Kimberley,229,229,100.0,226277.943068926,120750.83566155999,53.363944370299656
3515.0,Africa,Southern Africa,south_africa,Wells Estate,160,160,100.0,164163.307843071,107209.16773708098,65.30641295286622
3552.0,Africa,Southern Africa,south_africa,Makhanda (Grahamstown),65,65,100.0,63567.261946272,20389.146709904,32.07491731693149
3563.0,Africa,Southern Africa,south_africa,Mafikeng,148,148,100.0,137151.56448515,3668.6020880700003,2.6748525267221543
3571.0,Africa,Southern Africa,south_africa,Bloemfontein,476,476,100.0,447890.639208999,192758.38581879297,43.03693110425695
3579.0,Africa,Southern Africa,south_africa,Komani (Queenstown),58,58,100.0,56970.249481777,27971.214622227006,49.0979324764483
3595.0,Africa,Southern Africa,south_africa,Botshabelo Rural,65,65,100.0,70648.160694859,8801.133231642,12.457696201965593
3597.0,Africa,Southern Africa,south_africa,Botshabelo,110,110,100.0,120738.541321771,16115.629891817,13.34754397013003
3605.0,Africa,Southern Africa,south_africa,Jouberton,154,154,100.0,139967.269417278,66616.983606381,47.59468687481417
3608.0,Africa,Southern Africa,south_africa,Kutlwanong,48,48,100.0,45433.733475378,15816.709756430999,34.81270093069191
3611.0,Africa,Southern Africa,south_africa,Bronville,127,127,100.0,124196.475706606,60159.143659598994,48.438688229539785
3612.0,Africa,Southern Africa,south_africa,Lilian Ngoyi Village,139,139,100.0,155259.91962223902,31559.416946553996,20.3268280850208
3617.0,Africa,Southern Africa,south_africa,East London,153,153,100.0,240356.590750325,88168.873252653,36.68252781311917
3627.0,Africa,Southern Africa,south_africa,Potchefstroom,163,163,100.0,174221.15344655298,83944.335678478,48.18263110870184
3630.0,Africa,Southern Africa,south_africa,Kroonstad,93,93,100.0,90780.993677805,25002.707326999,27.541786352038905
3644.0,Africa,Southern Africa,south_africa,Rustenburg,154,154,100.0,163307.638179828,34225.959812404995,20.95796632287138
3645.0,Africa,Southern Africa,south_africa,Khutsong,59,59,100.0,62944.747796799005,35859.402601616006,56.969650140435704
3649.0,Africa,Southern Africa,south_africa,Paardekraal,83,83,100.0,99001.162069606,66782.609534277,67.45638953947157
3665.0,Africa,Southern Africa,south_africa,Stesa AH,98,98,100.0,83816.40828939198,61421.492100947,73.28098800043745
3667.0,Africa,Southern Africa,south_africa,Vanderbijlpark,258,258,100.0,240552.810266798,120362.68635567,50.03586789203389
3668.0,Africa,Southern Africa,south_africa,Modderspruit,65,65,100.0,64316.624274513,10470.040795,16.27890287013867
3669.0,Africa,Southern Africa,south_africa,Sasolburg,100,100,100.0,128173.72389853,44952.137943739,35.0712584268253
3671.0,Africa,Southern Africa,south_africa,Azaadville,64,64,100.0,62108.753610518,40510.545439017995,65.2251785522188
3672.0,Africa,Southern Africa,south_africa,Evaton,703,703,100.0,735690.35839555,486229.20353974396,66.09155577356618
3673.0,Africa,Southern Africa,south_africa,Johannesburg,7624,7624,100.0,8332038.602935153,4301067.391083445,51.620828899764035
3677.0,Africa,Southern Africa,south_africa,Lenasia South,143,143,100.0,150212.97485593503,70869.114741825,47.179090095109
3678.0,Africa,Southern Africa,south_africa,Lenasia,117,117,100.0,112872.23806863201,60102.03794536199,53.24784816335166
3689.0,Africa,Southern Africa,south_africa,Ga-Rankuwa,140,140,100.0,135991.68722265202,32619.057033282003,23.98606686883481
3690.0,Africa,Southern Africa,south_africa,Bethlehem,52,52,100.0,58794.799392506,22823.95578393,38.81968476762784
3693.0,Africa,Southern Africa,south_africa,Diepsloot,172,172,100.0,201505.32505771,190976.78427576,94.77505580612588
3697.0,Africa,Southern Africa,south_africa,Klipgat,911,911,100.0,1016496.886353405,392836.655121853,38.64612478363024
3698.0,Africa,Southern Africa,south_africa,Pretoria,1591,1591,100.0,1782398.4678998222,735723.242305584,41.27714736943628
3700.0,Africa,Southern Africa,south_africa,Midrand,55,55,100.0,90960.326612588,12316.195756591998,13.54018418276827
3704.0,Africa,Southern Africa,south_africa,Mnandi A.H.,81,81,100.0,93404.485060115,70936.359463719,75.94534611273158
3707.0,Africa,Southern Africa,south_africa,Centurion,170,170,100.0,221825.672630854,22609.604826538,10.192510433255055
3718.0,Africa,Southern Africa,south_africa,Tsakane,502,502,100.0,507368.805178696,345265.252865622,68.05015391989248
3719.0,Africa,Southern Africa,south_africa,De Rust Caravan Park,242,242,100.0,227721.894958694,63397.118011242,27.83971125075236
3721.0,Africa,Southern Africa,south_africa,Daveyton,389,389,100.0,428764.09882159496,318904.85849184496,74.37769611968807
3722.0,Africa,Southern Africa,south_africa,Phuthaditjhaba,136,136,100.0,161963.495437691,24865.380083036005,15.352459525425575
3753.0,Africa,Southern Africa,south_africa,KwaMhlanga,154,154,100.0,147598.050681144,4462.435772508999,3.0233703981289004
3761.0,Africa,Southern Africa,south_africa,eMbalenhle,142,142,100.0,139815.090362527,85315.42014932,61.02018024528352
3764.0,Africa,Southern Africa,south_africa,Standerton,60,60,100.0,70433.180016986,22585.036150390002,32.06590437197821
3768.0,Africa,Southern Africa,south_africa,Vosman,175,175,100.0,174511.946621727,126085.46362332201,72.25033360989636
3774.0,Africa,Southern Africa,south_africa,Emalahleni,199,199,100.0,209512.418079269,68879.68953279899,32.87618469791054
3776.0,Africa,Southern Africa,south_africa,Mokopane,96,96,100.0,86082.563210011,10146.906648882,11.787412305703699
3799.0,Africa,Southern Africa,south_africa,Middelburg,197,197,100.0,202117.17492195597,85644.57902961399,42.37372655870742
3801.0,Africa,Southern Africa,south_africa,Ezakheni,49,49,100.0,55802.367097254,8072.2684646279995,14.465817284344611
3812.0,Africa,Southern Africa,south_africa,Edendale,253,253,100.0,301728.204154383,58362.769282975,19.342828572006137
3814.0,Africa,Southern Africa,south_africa,Polokwane,516,516,100.0,481285.412215518,184890.19744482302,38.415915536211976
3821.0,Africa,Southern Africa,south_africa,Osizweni,296,296,100.0,261393.768263829,96262.39284367299,36.82658293005432
3823.0,Africa,Southern Africa,south_africa,Pietermaritzburg,133,133,100.0,164178.452243276,35133.08403036,21.39932710432705
3838.0,Africa,Southern Africa,south_africa,Ermelo,88,88,100.0,86023.710841791,35750.45637555301,41.55884002877164
3846.0,Africa,Southern Africa,south_africa,Mpumalanga,80,80,100.0,100600.141098025,16466.638024951,16.368404502440878
3855.0,Africa,Southern Africa,south_africa,Mankweng,66,66,100.0,60688.518466459,17171.594438457003,28.29463442569834
3868.0,Africa,Southern Africa,south_africa,Durban,2400,2400,100.0,3216847.100258917,1451452.436310469,45.120342716744126
3940.0,Africa,Southern Africa,south_africa,Tongaat,40,40,100.0,60788.731330598006,7690.112069079,12.650555293310065
3988.0,Africa,Southern Africa,south_africa,Stanger,44,44,100.0,50945.403053787995,11874.366164514,23.30802281017795
4067.0,Africa,Southern Africa,south_africa,eHlau-Hlau,84,84,100.0,108837.171822586,21465.644333975,19.722714192689477
4070.0,Africa,Southern Africa,south_africa,Salubindza,64,64,100.0,76749.055226152,9454.982637564,12.31934726714687
4071.0,Africa,Southern Africa,south_africa,eGobhoza,118,118,100.0,144535.77360900797,27120.282757644,18.76371646995064
4092.0,Africa,Southern Africa,south_africa,Sikhalasenkosi,51,51,100.0,82832.06223156999,9690.337808344,11.698776472874894
4155.0,Africa,Southern Africa,south_africa,Naas,78,78,100.0,78632.48007064998,3022.791605131,3.8442022970852143
3819.0,Africa,Eastern Africa,south_sudan,Wau,117,117,100.0,119464.238585383,53216.02463948801,44.545568841050006
3894.0,Africa,Eastern Africa,south_sudan,Yambio,56,56,100.0,105666.86580859,72482.29683661,68.59510432334379
4245.0,Africa,Eastern Africa,south_sudan,Yei,103,103,100.0,167103.441124948,106683.316790959,63.842680960225614
4311.0,Africa,Eastern Africa,south_sudan,Malakal,95,95,100.0,93954.089336219,8284.286433719,8.817377180968998
4320.0,Africa,Eastern Africa,south_sudan,Bor,90,90,100.0,136522.991394754,99701.13706302599,73.02882543405586
4322.0,Africa,Eastern Africa,south_sudan,Juba,267,267,100.0,266303.704059003,205259.378029386,77.07717726070688
4415.0,Africa,Eastern Africa,south_sudan,Renk,105,105,100.0,95627.635292259,41212.76269407101,43.09712623146623
8807.0,Asia,South-Central Asia,sri_lanka,Jaffna,203,203,100.0,207919.272005815,516.171872313,0.24825590592610575
8826.0,Asia,South-Central Asia,sri_lanka,Wennappuwa,65,65,100.0,63538.594132881,0.0,0.0
8835.0,Asia,South-Central Asia,sri_lanka,Colombo,3302,3302,100.0,4625367.976780679,162043.463825483,3.5033637245499225
8886.0,Asia,South-Central Asia,sri_lanka,Horana,70,70,100.0,76295.210042805,0.0,0.0
8908.0,Asia,South-Central Asia,sri_lanka,Ambalangoda,51,51,100.0,82241.024983708,0.0,0.0
8935.0,Asia,South-Central Asia,sri_lanka,Galle,180,180,100.0,204448.606701089,0.0,0.0
8985.0,Asia,South-Central Asia,sri_lanka,Rathnapura,47,47,100.0,50643.78926199499,0.0,0.0
9006.0,Asia,South-Central Asia,sri_lanka,Kandy,407,407,100.0,558092.320728285,0.0,0.0
9007.0,Asia,South-Central Asia,sri_lanka,Matara,159,159,100.0,226372.98163568295,0.0,0.0
9018.0,Asia,South-Central Asia,sri_lanka,Gampola,41,41,100.0,57995.941079714,0.0,0.0
9030.0,Asia,South-Central Asia,sri_lanka,Matale,66,66,100.0,86259.028873005,0.0,0.0
9031.0,Asia,South-Central Asia,sri_lanka,Poojapitiya,37,37,100.0,54407.604449410996,0.0,0.0
9109.0,Asia,South-Central Asia,sri_lanka,Tamaraivillu,47,47,100.0,52573.489227178,0.0,0.0
9112.0,Asia,South-Central Asia,sri_lanka,Trincomalee,74,74,100.0,80075.84099030601,0.0,0.0
9128.0,Asia,South-Central Asia,sri_lanka,Badulla,49,49,100.0,67925.95755950999,0.0,0.0
9192.0,Asia,South-Central Asia,sri_lanka,Valaichchenai EP,56,56,100.0,55060.913105946005,0.0,0.0
9222.0,Asia,South-Central Asia,sri_lanka,Batticaloa,121,121,100.0,132554.565575684,518.811356666,0.39139455846941534
9253.0,Asia,South-Central Asia,sri_lanka,Sammanturai,60,60,100.0,59532.03137562399,0.0,0.0
9256.0,Asia,South-Central Asia,sri_lanka,Kalmunai,134,134,100.0,144098.697888176,8522.195143673,5.914137510310069
9261.0,Asia,South-Central Asia,sri_lanka,Akkaraipattu,78,78,100.0,95272.06368220501,0.0,0.0
3475.0,Africa,Northern Africa,sudan,Geneina,216,216,100.0,185180.116896186,171370.279788789,92.54248385903172
3484.0,Africa,Northern Africa,sudan,For Baranga,31,31,100.0,78402.128240142,77771.194062264,99.19525886345141
3525.0,Africa,Northern Africa,sudan,Zalingei,35,35,100.0,34935.945739706,25285.716261343005,72.37736298807232
3548.0,Africa,Northern Africa,sudan,Kebkabiya,629,629,100.0,526106.0836884719,453639.22060869203,86.22580781204378
3561.0,Africa,Northern Africa,sudan,Kas,390,390,100.0,345959.931390285,292156.28048814,84.44801087630928
3596.0,Africa,Northern Africa,sudan,Nyala,837,837,100.0,762698.240379496,623797.569494016,81.7882533967343
3615.0,Africa,Northern Africa,sudan,Al-Fashir,632,632,100.0,549173.3777727081,435781.44053229294,79.3522516149088
3621.0,Africa,Northern Africa,sudan,Mellit,195,195,100.0,186801.279302797,125890.140274872,67.3925471735177
3658.0,Africa,Northern Africa,sudan,Ad Da'ein,620,620,100.0,507226.520265438,447590.535151669,88.2427312588938
3787.0,Africa,Northern Africa,sudan,Muglad,82,82,100.0,78910.733970564,26114.777234679,33.09407468497324
3842.0,Africa,Northern Africa,sudan,En Nahud,140,140,100.0,149734.230122604,86535.54162284,57.79275824371205
4005.0,Africa,Northern Africa,sudan,Abu Zabad,4,4,100.0,77278.31003626,11663.61769836,15.09300305983306
4069.0,Africa,Northern Africa,sudan,Dilling,45,45,100.0,73669.614137917,15691.448938461,21.29975719580262
4090.0,Africa,Northern Africa,sudan,Kaduqli,36,36,100.0,38360.46202637499,12607.288829173998,32.86532060147183
4098.0,Africa,Northern Africa,sudan,Dongola,74,74,100.0,66920.651218257,3911.2618299509995,5.844626073937467
4140.0,Africa,Northern Africa,sudan,Al-Ubayyid,662,662,100.0,590126.0623538049,306950.599671508,52.01441170843908
4154.0,Africa,Northern Africa,sudan,Barah,26,26,100.0,29207.899706849003,7214.589093334,24.700814388383566
4193.0,Africa,Northern Africa,sudan,Al Rahad,112,112,100.0,100639.392338592,55919.125115929,55.563854089852036
4253.0,Africa,Northern Africa,sudan,Umm Ruwaba,177,177,100.0,162222.519035556,81643.340727474,50.32799466612855
4335.0,Africa,Northern Africa,sudan,Khartoum,6905,6905,100.0,6266432.006904,3843659.282955575,61.33728537580634
4341.0,Africa,Northern Africa,sudan,Ghaliya,84,84,100.0,77897.554704962,36910.099845619,47.38287355157229
4343.0,Africa,Northern Africa,sudan,N/A,294,294,100.0,249925.211387545,201444.057312347,80.60173529271482
4363.0,Africa,Northern Africa,sudan,Jebel Aulia,77,77,100.0,79539.46357361498,52354.323142144,65.82182075403273
4380.0,Africa,Northern Africa,sudan,Baqayr al Quddami,59,59,100.0,55871.4282607,13482.741200743001,24.13172818463059
4385.0,Africa,Northern Africa,sudan,Giad Industrial Complex,50,50,100.0,58844.48069929401,11435.214380712001,19.432942979220133
4389.0,Africa,Northern Africa,sudan,Kosti,427,427,100.0,361597.09385249903,212453.591220673,58.75423083663832
4394.0,Africa,Northern Africa,sudan,Rabak,221,221,100.0,206767.338626353,123468.387025146,59.71368004511795
4412.0,Africa,Northern Africa,sudan,Al Managil,202,202,100.0,204018.51506885997,135290.847711013,66.31302441611726
4418.0,Africa,Northern Africa,sudan,N/A,18,18,100.0,22907.200984760002,1912.7140323029998,8.34983738770841
4430.0,Africa,Northern Africa,sudan,Al Kamilin,45,45,100.0,42510.012960186,23932.870178573,56.299371635073435
4431.0,Africa,Northern Africa,sudan,Shendi,123,123,100.0,199416.960138538,64107.062806275,32.14724703542709
4436.0,Africa,Northern Africa,sudan,Al Hilaliyah,36,36,100.0,29368.98700618,17724.615857189,60.3514716168429
4444.0,Africa,Northern Africa,sudan,Al Hasahisa,156,156,100.0,151380.175685727,60949.733201633004,40.26269154830931
4464.0,Africa,Northern Africa,sudan,Wad Madanī,487,487,100.0,451392.70936885,173213.139221231,38.37304759827036
4479.0,Africa,Northern Africa,sudan,ad-Damer,163,163,100.0,150217.994766201,69271.25106610497,46.113816905836494
4481.0,Africa,Northern Africa,sudan,Atbara,195,195,100.0,187005.00414631102,69849.61421325801,37.35173533570701
4485.0,Africa,Northern Africa,sudan,Sennar,148,148,100.0,132798.63227153497,76145.3807028,57.33897962676651
4491.0,Africa,Northern Africa,sudan,N/A,5,5,100.0,36777.454260958,791.618630568,2.1524562982282376
4505.0,Africa,Northern Africa,sudan,El Suki,38,38,100.0,43948.124101128,21777.19747603,49.55205238321208
4509.0,Africa,Northern Africa,sudan,Singa,93,93,100.0,85610.12144372502,44867.763158190006,52.40941421591534
4544.0,Africa,Northern Africa,sudan,Ad-Damazin,194,194,100.0,174274.389375163,81772.14521923101,46.92149288969759
4547.0,Africa,Northern Africa,sudan,Er Roseires,102,102,100.0,95544.468422458,77166.982025265,80.76551505217928
4549.0,Africa,Northern Africa,sudan,أش شلال,71,71,100.0,63475.621577883,47874.63997141,75.42208927039653
4603.0,Africa,Northern Africa,sudan,Al-Qadarif,299,299,100.0,277695.989430832,179430.00385316,64.61382615604973
4612.0,Africa,Northern Africa,sudan,New Halfa,136,136,100.0,141454.60785213,25664.031569267,18.14294490575731
4633.0,Africa,Northern Africa,sudan,Khashm El Girba,72,72,100.0,87677.681237744,60427.871458056,68.9204716696393
4669.0,Africa,Northern Africa,sudan,Kassala,331,331,100.0,298635.53577754,193697.50790715602,64.86083694053256
4702.0,Africa,Northern Africa,sudan,Port Sudan,366,366,100.0,371366.759607242,125253.08133328099,33.727596262451925
1059.0,Latin America and the Caribbean,South America,suriname,Paramaribo,221,221,100.0,236581.25500356103,7842.6791295759995,3.3150044492992277
4064.0,Africa,Southern Africa,swaziland,Matsapha,29,29,100.0,50622.801913365016,18561.175208383,36.66564177966339
4080.0,Africa,Southern Africa,swaziland,Manzini,42,42,100.0,46597.166384738,0.0,0.0
4317.0,Asia,Western Asia,syria,Latakia,447,447,100.0,589986.776669168,6978.781981323,1.1828709146198908
4344.0,Asia,Western Asia,syria,Jablah,88,88,100.0,101597.800978066,0.0,0.0
4349.0,Asia,Western Asia,syria,Baniyas,53,53,100.0,77713.25747022101,0.0,0.0
4353.0,Asia,Western Asia,syria,Tartus,87,87,100.0,103509.94643119202,0.0,0.0
4391.0,Asia,Western Asia,syria,Idlib,135,135,100.0,132016.12921160698,0.0,0.0
4401.0,Asia,Western Asia,syria,Halfaya,74,74,100.0,76609.674687216,0.0,0.0
4407.0,Asia,Western Asia,syria,Damascus,2700,2700,100.0,4107560.0698218863,333145.21213598095,8.1105378003742
4417.0,Asia,Western Asia,syria,Aleppo,2600,2600,100.0,3197319.0881676003,257304.097887924,8.047495129283023
4420.0,Asia,Western Asia,syria,Hama,288,288,100.0,299679.905456212,888.468933476,0.29647264207570284
4426.0,Asia,Western Asia,syria,Homs,896,896,100.0,933226.0502374759,9034.893408528002,0.9681355772515045
4429.0,Asia,Western Asia,syria,`Uthman,113,113,100.0,126666.08345436501,0.0,0.0
4456.0,Asia,Western Asia,syria,As Safirah,73,73,100.0,79024.79350618902,0.0,0.0
4460.0,Asia,Western Asia,syria,Bza`a,75,75,100.0,87228.46769746,0.0,0.0
4466.0,Asia,Western Asia,syria,As Suwayda,133,133,100.0,123069.24977379601,0.0,0.0
4494.0,Asia,Western Asia,syria,Manbij,159,159,100.0,177388.59717191797,0.0,0.0
4508.0,Asia,Western Asia,syria,Kobani,69,69,100.0,71945.842858967,0.0,0.0
4540.0,Asia,Western Asia,syria,Al-Tabqah,97,97,100.0,95309.498346732,0.0,0.0
4564.0,Asia,Western Asia,syria,Ar Raqqah,194,194,100.0,203922.588575369,0.0,0.0
4658.0,Asia,Western Asia,syria,Deir Ez Zor,274,274,100.0,254299.66461869498,0.0,0.0
4672.0,Asia,Western Asia,syria,Al-Hasakah,135,135,100.0,161742.952039245,0.0,0.0
4700.0,Asia,Western Asia,syria,Qamishli,362,362,100.0,373691.305820604,0.0,0.0
4703.0,Asia,Western Asia,syria,Al Qurayya,66,66,100.0,68953.194475442,0.0,0.0
4747.0,Asia,Western Asia,syria,Abu Kamal,90,90,100.0,85238.00184347501,0.0,0.0
4803.0,Asia,Western Asia,syria,Yaaroubia,26,26,100.0,32152.234022377997,0.0,0.0
6029.0,Asia,South-Central Asia,tajikistan,N/A,44,44,100.0,72584.962853289,0.0,0.0
6031.0,Asia,South-Central Asia,tajikistan,Shahrinav,48,48,100.0,65566.433457042,0.0,0.0
6036.0,Asia,South-Central Asia,tajikistan,Proletar,81,81,100.0,85498.36303547601,0.0,0.0
6038.0,Asia,South-Central Asia,tajikistan,Khujand,175,175,100.0,177695.684885686,0.0,0.0
6039.0,Asia,South-Central Asia,tajikistan,Hisor,81,81,100.0,110218.57027877601,0.0,0.0
6043.0,Asia,South-Central Asia,tajikistan,Ghafurov,85,85,100.0,117171.18859681401,0.0,0.0
6045.0,Asia,South-Central Asia,tajikistan,Dushanbe,448,448,100.0,1382631.6064233081,23936.51174483,1.7312284511382399
6049.0,Asia,South-Central Asia,tajikistan,Khistevarz,78,78,100.0,69764.31302519201,0.0,0.0
6050.0,Asia,South-Central Asia,tajikistan,Qabodiyon,80,80,100.0,77021.36132714301,0.0,0.0
6053.0,Asia,South-Central Asia,tajikistan,Vahdat,44,44,100.0,111907.19877685899,0.0,0.0
6058.0,Asia,South-Central Asia,tajikistan,Vakhsh,62,62,100.0,75135.908478442,0.0,0.0
6064.0,Asia,South-Central Asia,tajikistan,Danghara,41,41,100.0,46281.729915509,0.0,0.0
6067.0,Asia,South-Central Asia,tajikistan,Isfara,58,58,100.0,71419.598099376,0.0,0.0
6083.0,Asia,South-Central Asia,tajikistan,Kulob,89,89,100.0,151751.037603852,0.0,0.0
6140.0,Asia,South-Central Asia,tajikistan,Khorugh,20,20,100.0,41058.418461427,0.0,0.0
4120.0,Africa,Eastern Africa,tanzania,Kilima Hewa,243,243,100.0,332076.752993667,73179.12721568499,22.036811235949596
4184.0,Africa,Eastern Africa,tanzania,Murubona,151,151,100.0,156942.043755768,96200.293484503,61.29669984048962
4277.0,Africa,Eastern Africa,tanzania,Mpanda,86,86,100.0,101722.24833502897,24867.667890465003,24.44663610713921
4316.0,Africa,Eastern Africa,tanzania,Sumbawanga,139,139,100.0,144270.23640799598,27451.609413022,19.027909079866546
4364.0,Africa,Eastern Africa,tanzania,Bukoba,49,49,100.0,129026.593487376,85073.363379974,65.93475118623326
4371.0,Africa,Eastern Africa,tanzania,Katoro,32,32,100.0,74426.558003888,68069.10792053399,91.45808935162378
4396.0,Africa,Eastern Africa,tanzania,Geita,77,77,100.0,93850.289653396,40842.289011714995,43.51855403169457
4439.0,Africa,Eastern Africa,tanzania,Kahama,97,97,100.0,111762.60615023601,23093.209693613,20.66273370770375
4445.0,Africa,Eastern Africa,tanzania,Bukala,58,58,100.0,95465.815747394,24578.759981068994,25.74613728342853
4452.0,Africa,Eastern Africa,tanzania,Vwawa,40,40,100.0,60020.282924891,21723.170042349,36.19304838921409
4455.0,Africa,Eastern Africa,tanzania,Tabora,154,154,100.0,172931.28883584499,63409.654388072,36.66754282289749
4470.0,Africa,Eastern Africa,tanzania,Mwanza,390,390,100.0,839193.7488352981,459388.08707554,54.741600222012664
4489.0,Africa,Eastern Africa,tanzania,Nansio,37,37,100.0,58586.102568020004,18521.282856842998,31.613782185526514
4492.0,Africa,Eastern Africa,tanzania,Iwambi,78,78,100.0,75816.96790907202,45311.295554845,59.76405652252838
4496.0,Africa,Eastern Africa,tanzania,Nzega,27,27,100.0,37686.205837724,4292.112663912,11.389081411893109
4498.0,Africa,Eastern Africa,tanzania,Mbeya,501,501,100.0,541870.4381978561,307266.397982443,56.70477227071928
4507.0,Africa,Eastern Africa,tanzania,Shinyanga,83,83,100.0,90562.106860743,5563.135030807,6.1428948857841945
4525.0,Africa,Eastern Africa,tanzania,Kyela,39,39,100.0,45096.536257461994,11184.218919897,24.80061629577234
4537.0,Africa,Eastern Africa,tanzania,Musoma,128,128,100.0,140377.331903126,59711.522533881005,42.5364421195067
4543.0,Africa,Eastern Africa,tanzania,Bunda,53,53,100.0,55275.492161705,8058.788740098001,14.579316121731702
4593.0,Africa,Eastern Africa,tanzania,Makambako,34,34,100.0,52443.784418359,3214.515224698,6.129449391094466
4602.0,Africa,Eastern Africa,tanzania,Singida,55,55,100.0,72241.593911806,38943.133341402,53.90680248409878
4647.0,Africa,Eastern Africa,tanzania,Songea,128,128,100.0,194150.35503383202,50851.186491008,26.191652589121883
4665.0,Africa,Eastern Africa,tanzania,Ndiuka,83,83,100.0,118647.163529033,39169.52906893099,33.01345595113717
4679.0,Africa,Eastern Africa,tanzania,Dodoma,232,232,100.0,218758.57226801402,62620.328903689,28.62531431544047
4800.0,Africa,Eastern Africa,tanzania,Arusha,454,454,100.0,653318.750701047,255947.780953965,39.1765551929007
4853.0,Africa,Eastern Africa,tanzania,Mirerani,30,30,100.0,36680.844643018005,21537.529042991002,58.71601172927339
4956.0,Africa,Eastern Africa,tanzania,Morogoro,319,319,100.0,367813.26936102496,159707.81640080397,43.42089579265388
5199.0,Africa,Eastern Africa,tanzania,Picha Ya Ndege,64,64,100.0,71063.335364802,6109.80910087,8.597695379066343
5222.0,Africa,Eastern Africa,tanzania,Dar es Salaam,4871,4871,100.0,8370408.0977527825,5875119.749479746,70.18916737234173
5234.0,Africa,Eastern Africa,tanzania,N/A,78,78,100.0,88212.629231733,21446.868227584997,24.312695828671494
5241.0,Africa,Eastern Africa,tanzania,DAR ES SALAAM,50,50,100.0,58473.107325043,10630.787388407,18.180643845917217
5249.0,Africa,Eastern Africa,tanzania,Tanga,240,240,100.0,243482.233825189,176099.418115278,72.32536655701568
5262.0,Africa,Eastern Africa,tanzania,Zanzibar City,550,550,100.0,981363.905185646,739530.583846995,75.35742653048739
5360.0,Africa,Eastern Africa,tanzania,Mtwara,89,89,100.0,99615.925894574,39824.108810865,39.97765262254536
10385.0,Asia,South-Eastern Asia,thailand,Chiang Mai,464,464,100.0,607580.676465915,0.0,0.0
10421.0,Asia,South-Eastern Asia,thailand,Chiang Rai,111,111,100.0,116746.97423467103,0.0,0.0
10450.0,Asia,South-Eastern Asia,thailand,Lampang,155,155,100.0,165039.11513696302,0.0,0.0
10522.0,Asia,South-Eastern Asia,thailand,Kamphaeng Phet,68,68,100.0,73289.317560784,0.0,0.0
10597.0,Asia,South-Eastern Asia,thailand,Phitsanulok,156,156,100.0,180610.910812307,0.0,0.0
10617.0,Asia,South-Eastern Asia,thailand,Kanchanaburi,61,61,100.0,66949.8837058,0.0,0.0
10618.0,Asia,South-Eastern Asia,thailand,Ranong,95,95,100.0,138391.559017619,0.0,0.0
10627.0,Asia,South-Eastern Asia,thailand,Phuket,261,261,100.0,460139.0851525309,0.0,0.0
10630.0,Asia,South-Eastern Asia,thailand,Nakhon Sawan,80,80,100.0,97306.60826319401,0.0,0.0
10660.0,Asia,South-Eastern Asia,thailand,Ratchaburi,53,53,100.0,65677.488206473,0.0,0.0
10662.0,Asia,South-Eastern Asia,thailand,Chumphon,52,52,100.0,56397.049191649996,0.0,0.0
10680.0,Asia,South-Eastern Asia,thailand,Nakhon Pathom,169,169,100.0,178426.033652782,0.0,0.0
10693.0,Asia,South-Eastern Asia,thailand,Phetchaburi,74,74,100.0,82055.516982483,0.0,0.0
10715.0,Asia,South-Eastern Asia,thailand,Bangkok,8084,8084,100.0,18595855.12741565,433679.788112432,2.3321314623120664
10720.0,Asia,South-Eastern Asia,thailand,Surat Thani,100,100,100.0,115205.69372205199,0.0,0.0
10723.0,Asia,South-Eastern Asia,thailand,Lopburi,163,163,100.0,249079.251968586,0.0,0.0
10734.0,Asia,South-Eastern Asia,thailand,Phra Nakhon Si Ayutthaya,122,122,100.0,149484.476957655,1650.9373707159998,1.1044206089597295
10765.0,Asia,South-Eastern Asia,thailand,N/A,77,77,100.0,117033.57102204699,0.0,0.0
10768.0,Asia,South-Eastern Asia,thailand,Saraburi,59,59,100.0,91688.27080243701,0.0,0.0
10788.0,Asia,South-Eastern Asia,thailand,N/A,87,87,100.0,124671.24123825601,0.0,0.0
10797.0,Asia,South-Eastern Asia,thailand,Thung Song,34,34,100.0,35451.919302786,0.0,0.0
10799.0,Asia,South-Eastern Asia,thailand,Trang,61,61,100.0,67895.617393698,0.0,0.0
10822.0,Asia,South-Eastern Asia,thailand,Chonburi,222,222,100.0,255045.41965363797,0.0,0.0
10830.0,Asia,South-Eastern Asia,thailand,Laem Chabang,58,58,100.0,83016.808843923,0.0,0.0
10831.0,Asia,South-Eastern Asia,thailand,Nakhon Si Thammarat,118,118,100.0,144519.266592587,0.0,0.0
10835.0,Asia,South-Eastern Asia,thailand,Chachoengsao,41,41,100.0,59496.395988624005,0.0,0.0
10836.0,Asia,South-Eastern Asia,thailand,Pattaya,199,199,100.0,235051.510406045,0.0,0.0
10857.0,Asia,South-Eastern Asia,thailand,Phanat Nikhom,41,41,100.0,35776.77472416,0.0,0.0
10869.0,Asia,South-Eastern Asia,thailand,Prachin Buri,34,34,100.0,65972.220412965,0.0,0.0
10877.0,Asia,South-Eastern Asia,thailand,Ban Map Ta Phut,27,27,100.0,67454.447526008,0.0,0.0
10888.0,Asia,South-Eastern Asia,thailand,Nong Khai,52,52,100.0,55833.484036568,0.0,0.0
10894.0,Asia,South-Eastern Asia,thailand,Rayong,76,76,100.0,80848.20907374697,0.0,0.0
10916.0,Asia,South-Eastern Asia,thailand,Udon Thani,103,103,100.0,117898.37559036899,0.0,0.0
10921.0,Asia,South-Eastern Asia,thailand,Nakhon Ratchasima,168,168,100.0,194729.057528799,0.0,0.0
10934.0,Asia,South-Eastern Asia,thailand,Hat Yai,379,379,100.0,438976.178230254,0.0,0.0
10952.0,Asia,South-Eastern Asia,thailand,Songkhla,178,178,100.0,232866.21096665098,824.100683131,0.35389448718647304
10968.0,Asia,South-Eastern Asia,thailand,Khon Kaen,188,188,100.0,234251.695964336,0.0,0.0
11036.0,Asia,South-Eastern Asia,thailand,Chanthaburi,84,84,100.0,99832.778404727,0.0,0.0
11070.0,Asia,South-Eastern Asia,thailand,Pattani,59,59,100.0,82601.122109648,0.0,0.0
11082.0,Asia,South-Eastern Asia,thailand,Yala,101,101,100.0,112768.99103918899,0.0,0.0
11182.0,Asia,South-Eastern Asia,thailand,Su-ngai Kolok,50,50,100.0,53594.588483215,0.0,0.0
11245.0,Asia,South-Eastern Asia,thailand,Savannakhet,91,91,100.0,103623.892031434,0.0,0.0
11324.0,Asia,South-Eastern Asia,thailand,Ubon Ratchathani,173,173,100.0,186086.64640451898,0.0,0.0
13015.0,Asia,South-Eastern Asia,timor_leste,Dili,213,213,100.0,377929.54492788203,22397.992125993,5.926499377090795
1994.0,Africa,Western Africa,togo,Kpalimé,117,117,100.0,120667.069893622,15010.931303444999,12.43995674766809
1999.0,Africa,Western Africa,togo,Bassar,36,36,100.0,37070.584815270005,14315.333065473998,38.61642090841057
2019.0,Africa,Western Africa,togo,Atakpamé,33,33,100.0,150759.201040907,19672.980642766,13.049273614436267
2020.0,Africa,Western Africa,togo,Lomé,2360,2360,100.0,2432538.875825407,824891.084382743,33.91070509008172
2021.0,Africa,Western Africa,togo,Sokodé,128,128,100.0,152181.012610126,53222.10474688999,34.972894340794156
2025.0,Africa,Western Africa,togo,Notsé,52,52,100.0,87222.00035607001,29543.002323362998,33.87104423512229
2026.0,Africa,Western Africa,togo,Kara,129,129,100.0,123708.236283237,26870.311849735,21.720713718861777
2028.0,Africa,Western Africa,togo,Anié,28,28,100.0,81350.858975151,25073.466602515,30.821391339179105
2030.0,Africa,Western Africa,togo,Tsévié,80,80,100.0,73999.38864967,22964.997231823,31.03403643041504
2042.0,Africa,Western Africa,togo,Tchamba,33,33,100.0,50161.482098288994,14654.299892351999,29.214248222645434
2049.0,Africa,Western Africa,togo,Aného,45,45,100.0,57396.419732308,10728.323090137997,18.691624216586995
2628.0,Africa,Northern Africa,tunisia,El Kef,45,45,100.0,52303.50370812201,2787.06719626,5.328643396077512
2634.0,Africa,Northern Africa,tunisia,Jendouba,55,55,100.0,55847.77374283999,10708.62241569,19.174663013425683
2648.0,Africa,Northern Africa,tunisia,Kasserine,90,90,100.0,85950.675456499,6837.901319373001,7.955610916442153
2654.0,Africa,Northern Africa,tunisia,Qafsa,114,114,100.0,121407.865930177,22845.049541225,18.81677876980676
2686.0,Africa,Northern Africa,tunisia,Béja,53,53,100.0,70779.148840315,26541.020494713,37.49836064656875
2694.0,Africa,Northern Africa,tunisia,Sbeitla,22,22,100.0,24798.518711571,3206.521724486,12.930295401030689
2732.0,Africa,Northern Africa,tunisia,Sidi Bouzid,64,64,100.0,59483.129786861,10611.958939066999,17.84028341664536
2745.0,Africa,Northern Africa,tunisia,Manzil Bourguiba,67,67,100.0,75349.952932942,12724.982996591001,16.887844651894675
2747.0,Africa,Northern Africa,tunisia,Bizerte,164,164,100.0,206044.057025059,8201.033102171,3.9802327815616607
2761.0,Africa,Northern Africa,tunisia,El Hamma,58,58,100.0,54850.647225436,9162.693605971,16.70480490104767
2767.0,Africa,Northern Africa,tunisia,Tunis,2146,2146,100.0,2582701.2141989176,516449.16862571705,19.996473683693424
2783.0,Africa,Northern Africa,tunisia,Kairouan,62,62,100.0,74358.83563326001,10612.999565921,14.272681216075828
2790.0,Africa,Northern Africa,tunisia,Gabes,155,155,100.0,175886.55797643698,7522.977828102,4.277176104105598
2792.0,Africa,Northern Africa,tunisia,Hammam-Lif,170,170,100.0,204135.702663215,22310.141339406,10.929073674198717
2815.0,Africa,Northern Africa,tunisia,Hammamet,187,187,100.0,217854.171878235,3620.531394242,1.6619059268075984
2816.0,Africa,Northern Africa,tunisia,Sousse,462,462,100.0,511004.660057188,13573.325722628999,2.6562039025456183
2820.0,Africa,Northern Africa,tunisia,M'Saken,70,70,100.0,67410.48543649299,6405.4942736269995,9.5022224393586
2828.0,Africa,Northern Africa,tunisia,Tataouine,57,57,100.0,62283.599671397,0.0,0.0
2831.0,Africa,Northern Africa,tunisia,Medenine,71,71,100.0,71913.61074074601,0.0,0.0
2837.0,Africa,Northern Africa,tunisia,Sfax,589,589,100.0,618976.592949252,90928.529780739,14.69014027614352
2842.0,Africa,Northern Africa,tunisia,Al Munastir,82,82,100.0,93674.617635376,0.0,0.0
2848.0,Africa,Northern Africa,tunisia,Ksar Hellal,144,144,100.0,146571.096503968,3045.668609961,2.0779462544844556
2857.0,Africa,Northern Africa,tunisia,Mahdia,65,65,100.0,62792.916537928,704.298407888,1.1216207921519168
2878.0,Africa,Northern Africa,tunisia,Ben Gardane,39,39,100.0,39137.439488735996,5723.459844614,14.624001772679197
5751.0,Asia,South-Central Asia,turkmenistan,Turkmenbashy,28,28,100.0,46683.206487225005,0.0,0.0
5807.0,Asia,South-Central Asia,turkmenistan,Balkanabat,65,65,100.0,82815.505640135,0.0,0.0
5857.0,Asia,South-Central Asia,turkmenistan,Serdar,38,38,100.0,48593.77729573599,0.0,0.0
5877.0,Asia,South-Central Asia,turkmenistan,Konye-Urgench,51,51,100.0,51622.475028239,0.0,0.0
5885.0,Asia,South-Central Asia,turkmenistan,Gurbansoltan Eje,57,57,100.0,55441.80586814,0.0,0.0
5887.0,Asia,South-Central Asia,turkmenistan,Dashoguz,137,137,100.0,166219.523912096,0.0,0.0
5889.0,Asia,South-Central Asia,turkmenistan,Garadaşaýak,84,84,100.0,75894.637286998,0.0,0.0
5893.0,Asia,South-Central Asia,turkmenistan,Ashgabat,647,647,100.0,1060235.785890516,0.0,0.0
5942.0,Asia,South-Central Asia,turkmenistan,Mary,186,186,100.0,211403.187364532,0.0,0.0
5951.0,Asia,South-Central Asia,turkmenistan,Turkmenabat,152,152,100.0,176994.18266119302,0.0,0.0
4185.0,Africa,Eastern Africa,uganda,Kasese,81,81,100.0,86847.395972597,39535.732942325,45.523222083480455
4203.0,Africa,Eastern Africa,uganda,Fort Portal,34,34,100.0,45228.836279421,474.210384614,1.0484691263873276
4248.0,Africa,Eastern Africa,uganda,Mbarara,185,185,100.0,225143.330050883,85122.987069655,37.80835392743679
4268.0,Africa,Eastern Africa,uganda,Arua,141,141,100.0,169724.87585058602,77043.41323855601,45.393118040268696
4272.0,Africa,Eastern Africa,uganda,Koboko,50,50,100.0,84516.99383834402,60261.238060677,71.30073530057032
4313.0,Africa,Eastern Africa,uganda,Mubende,36,36,100.0,66907.53794605199,25665.438456615997,38.359561933530145
4355.0,Africa,Eastern Africa,uganda,Masaka,111,111,100.0,123354.34876218297,54812.659406463004,44.43512527648077
4383.0,Africa,Eastern Africa,uganda,Mityana,44,44,100.0,55597.46661202201,22411.973394533998,40.311141424720574
4402.0,Africa,Eastern Africa,uganda,Gulu,92,92,100.0,101348.656962605,63072.705048521995,62.233390099874896
4427.0,Africa,Eastern Africa,uganda,Kampala,3008,3008,100.0,4384191.137060855,2454825.9876910485,55.99267711983823
4428.0,Africa,Eastern Africa,uganda,Entebbe,201,201,100.0,250828.330930627,98352.301382055,39.21100181034049
4438.0,Africa,Eastern Africa,uganda,Matugga,47,47,100.0,65538.325062172,23036.347213903002,35.14942927218524
4461.0,Africa,Eastern Africa,uganda,Kayanja,18,18,100.0,28480.219970576,2535.77481731,8.903634943584725
4469.0,Africa,Eastern Africa,uganda,Lira,109,109,100.0,124267.133727001,58193.17974521199,46.82909953733621
4471.0,Africa,Eastern Africa,uganda,Lugazi,59,59,100.0,64285.750200277,32685.080156030002,50.8434296157427
4500.0,Africa,Eastern Africa,uganda,Jinja,160,160,100.0,199513.96431322198,64520.59784790399,32.338888192613666
4514.0,Africa,Eastern Africa,uganda,Iganga,108,108,100.0,153811.56142865398,57627.91338949501,37.466568087748016
4527.0,Africa,Eastern Africa,uganda,Opuyo,56,56,100.0,52673.078231873,12941.259093528002,24.569019939482327
4559.0,Africa,Eastern Africa,uganda,Mbale,105,105,100.0,117284.657318614,54614.890350837995,46.56609960710537
5879.0,Asia,South-Central Asia,uzbekistan,Khujayli,65,65,100.0,65264.044237321,0.0,0.0
5881.0,Asia,South-Central Asia,uzbekistan,Nukus,241,241,100.0,246625.528067587,0.0,0.0
5895.0,Asia,South-Central Asia,uzbekistan,Khiva,114,114,100.0,137039.959216911,0.0,0.0
5897.0,Asia,South-Central Asia,uzbekistan,Urgench,212,212,100.0,246344.58398373198,0.0,0.0
5898.0,Asia,South-Central Asia,uzbekistan,Beruniy,68,68,100.0,75092.502832875,0.0,0.0
5899.0,Asia,South-Central Asia,uzbekistan,Xonqa,65,65,100.0,79855.65321915,0.0,0.0
5901.0,Asia,South-Central Asia,uzbekistan,Turtkul,139,139,100.0,159705.86732082698,0.0,0.0
5904.0,Asia,South-Central Asia,uzbekistan,Hazorasp,70,70,100.0,101299.83955005,0.0,0.0
5954.0,Asia,South-Central Asia,uzbekistan,Gijduvan,118,118,100.0,129124.045521394,0.0,0.0
5956.0,Asia,South-Central Asia,uzbekistan,Bukhara,130,130,100.0,216391.326324541,0.0,0.0
5961.0,Asia,South-Central Asia,uzbekistan,Navoiy,92,92,100.0,152263.23434920298,0.0,0.0
5976.0,Asia,South-Central Asia,uzbekistan,Koson,92,92,100.0,96215.27190335101,0.0,0.0
5977.0,Asia,South-Central Asia,uzbekistan,Payshanba,86,86,100.0,82912.37906646902,0.0,0.0
5979.0,Asia,South-Central Asia,uzbekistan,Katta-Kurgan,132,132,100.0,147170.19327597198,0.0,0.0
5980.0,Asia,South-Central Asia,uzbekistan,Qarshi,440,440,100.0,533741.612887322,0.0,0.0
5988.0,Asia,South-Central Asia,uzbekistan,Зангибай,68,68,100.0,83266.60794210702,0.0,0.0
5991.0,Asia,South-Central Asia,uzbekistan,Samarkand,602,602,100.0,852576.767020483,0.0,0.0
5993.0,Asia,South-Central Asia,uzbekistan,Guzar,66,66,100.0,87966.42944315099,0.0,0.0
5995.0,Asia,South-Central Asia,uzbekistan,Shahrisabz,149,149,100.0,272556.356097128,0.0,0.0
5996.0,Asia,South-Central Asia,uzbekistan,Gallaorol,34,34,100.0,58072.702693358005,0.0,0.0
5998.0,Asia,South-Central Asia,uzbekistan,Urgut,89,89,100.0,103865.571044954,0.0,0.0
6000.0,Asia,South-Central Asia,uzbekistan,Jizzax,215,215,100.0,346009.78578135604,0.0,0.0
6005.0,Asia,South-Central Asia,uzbekistan,Sirdaryo,51,51,100.0,56018.782619201,0.0,0.0
6008.0,Asia,South-Central Asia,uzbekistan,Tashkent,1424,1424,100.0,3715104.0394715224,5363.816772117,0.14437864229718878
6009.0,Asia,South-Central Asia,uzbekistan,Yangiiul,64,64,100.0,86730.92732523501,0.0,0.0
6011.0,Asia,South-Central Asia,uzbekistan,Sherobod,51,51,100.0,67992.89823821501,0.0,0.0
6012.0,Asia,South-Central Asia,uzbekistan,Gulistan,93,93,100.0,105084.28164207401,0.0,0.0
6014.0,Asia,South-Central Asia,uzbekistan,Chirchiq,58,58,100.0,73641.649810089,0.0,0.0
6022.0,Asia,South-Central Asia,uzbekistan,Jarqurgon,68,68,100.0,75538.61964977998,0.0,0.0
6023.0,Asia,South-Central Asia,uzbekistan,Termez,131,131,100.0,244364.801577775,0.0,0.0
6024.0,Asia,South-Central Asia,uzbekistan,Denov,117,117,100.0,150370.82938163306,0.0,0.0
6027.0,Asia,South-Central Asia,uzbekistan,Uzun,66,66,100.0,73337.27645081602,0.0,0.0
6065.0,Asia,South-Central Asia,uzbekistan,Kokand,213,213,100.0,294257.73468137597,0.0,0.0
6066.0,Asia,South-Central Asia,uzbekistan,Yaypan,44,44,100.0,56320.163980501,0.0,0.0
6068.0,Asia,South-Central Asia,uzbekistan,Chust,76,76,100.0,91396.581462754,0.0,0.0
6070.0,Asia,South-Central Asia,uzbekistan,Kosonsoy,89,89,100.0,136703.83103940298,0.0,0.0
6072.0,Asia,South-Central Asia,uzbekistan,Yangikurgan,74,74,100.0,117801.28538333799,0.0,0.0
6074.0,Asia,South-Central Asia,uzbekistan,Buramatut,79,79,100.0,82468.80439538602,0.0,0.0
6078.0,Asia,South-Central Asia,uzbekistan,Turakurgan,54,54,100.0,66831.16339220901,0.0,0.0
6081.0,Asia,South-Central Asia,uzbekistan,Rishtan,100,100,100.0,110609.42630843802,0.0,0.0
6084.0,Asia,South-Central Asia,uzbekistan,Chortoq,96,96,100.0,91321.66170020199,0.0,0.0
6087.0,Asia,South-Central Asia,uzbekistan,Altiarik,165,165,100.0,155439.562226829,0.0,0.0
6090.0,Asia,South-Central Asia,uzbekistan,Yozyovon,60,60,100.0,55081.554046376,0.0,0.0
6093.0,Asia,South-Central Asia,uzbekistan,Uchkurgan,55,55,100.0,61771.60184912202,0.0,0.0
6094.0,Asia,South-Central Asia,uzbekistan,Fergana,486,486,100.0,610240.505217986,0.0,0.0
6095.0,Asia,South-Central Asia,uzbekistan,Chimyon,57,57,100.0,65074.81715481701,0.0,0.0
6101.0,Asia,South-Central Asia,uzbekistan,Shahrixon,116,116,100.0,136411.88926052302,0.0,0.0
6104.0,Asia,South-Central Asia,uzbekistan,Poytugh,40,40,100.0,62773.529847544996,0.0,0.0
6105.0,Asia,South-Central Asia,uzbekistan,Quva,102,102,100.0,111912.56540452002,0.0,0.0
6107.0,Asia,South-Central Asia,uzbekistan,Andijan,462,462,100.0,669827.5901506611,0.0,0.0
6108.0,Asia,South-Central Asia,uzbekistan,Asaka,108,108,100.0,160744.71570109803,0.0,0.0
6111.0,Asia,South-Central Asia,uzbekistan,Pakhtaobod,56,56,100.0,83768.065574439,0.0,0.0
6112.0,Asia,South-Central Asia,uzbekistan,Buloqboshi,68,68,100.0,62840.62621349501,0.0,0.0
6128.0,Asia,South-Central Asia,uzbekistan,Qorasuv,63,63,100.0,76886.78179179199,0.0,0.0
695.0,Latin America and the Caribbean,South America,venezuela,Rubio,67,67,100.0,73233.637177577,10566.861714185,14.42897297120784
696.0,Latin America and the Caribbean,South America,venezuela,Machiques,106,106,100.0,95605.92567386101,25029.420448750003,26.179779414648912
697.0,Latin America and the Caribbean,South America,venezuela,San Cristóbal,297,297,100.0,356754.541601685,26743.013125334997,7.496194163435055
699.0,Latin America and the Caribbean,South America,venezuela,San Juan de Colón,48,48,100.0,49594.737054137004,0.0,0.0
703.0,Latin America and the Caribbean,South America,venezuela,Villa del Rosario,87,87,100.0,78534.463486584,4143.453507277,5.275968438983255
713.0,Latin America and the Caribbean,South America,venezuela,Santa Bárbara del Zulia,80,80,100.0,81939.75943832801,13284.762423008999,16.212840401377772
715.0,Latin America and the Caribbean,South America,venezuela,El Vigía,81,81,100.0,103088.211869836,3982.2554428089998,3.8629590819144113
716.0,Latin America and the Caribbean,South America,venezuela,La Concepción,48,48,100.0,50132.358954059004,2958.315088424,5.901009148871256
719.0,Latin America and the Caribbean,South America,venezuela,Maracaibo,1896,1896,100.0,2131306.5515835034,435925.28526367,20.45342960822737
721.0,Latin America and the Caribbean,South America,venezuela,San Rafael del Mojan,62,62,100.0,66814.97611973798,11573.358113727001,17.32150303097704
722.0,Latin America and the Caribbean,South America,venezuela,Santa Rita,50,50,100.0,53606.501800693,1101.61452222,2.055001697957763
724.0,Latin America and the Caribbean,South America,venezuela,Mérida,180,180,100.0,270531.942068988,6704.750303896,2.478358101678888
726.0,Latin America and the Caribbean,South America,venezuela,Cabimas,309,309,100.0,298668.00201111496,17088.527770452998,5.721579698992009
727.0,Latin America and the Caribbean,South America,venezuela,Ciudad Ojeda,175,175,100.0,170873.270547457,4806.447554266,2.812872685626448
734.0,Latin America and the Caribbean,South America,venezuela,Socopó,68,68,100.0,73187.82486817299,8320.759861898001,11.369049260427508
738.0,Latin America and the Caribbean,South America,venezuela,Ciudad Bolivia,41,41,100.0,43529.607508817,9860.574656863,22.652569644386812
744.0,Latin America and the Caribbean,South America,venezuela,Valera,83,83,100.0,151343.51439472297,14991.119270778,9.90535955949805
756.0,Latin America and the Caribbean,South America,venezuela,Barinas,279,279,100.0,304215.20277846104,16856.123251391997,5.540854992597839
758.0,Latin America and the Caribbean,South America,venezuela,Boconó,50,50,100.0,58677.175866701,3422.8189270049998,5.833305499877393
765.0,Latin America and the Caribbean,South America,venezuela,Carora,140,140,100.0,139186.947769218,36598.10801418599,26.294209766614244
767.0,Latin America and the Caribbean,South America,venezuela,Punto Fijo,159,159,100.0,251536.196765644,5796.690268097999,2.3045153511241043
771.0,Latin America and the Caribbean,South America,venezuela,Guanare,153,153,100.0,158145.94390273,22839.009922664005,14.441729809214376
774.0,Latin America and the Caribbean,South America,venezuela,El Tocuyo,83,83,100.0,77086.72201773999,18930.306764775003,24.557156238163255
778.0,Latin America and the Caribbean,South America,venezuela,Quíbor,44,44,100.0,48690.651485316994,5973.39319158,12.268049429121561
782.0,Latin America and the Caribbean,South America,venezuela,Coro,190,190,100.0,199201.323708755,36740.488040072996,18.443897538447047
783.0,Latin America and the Caribbean,South America,venezuela,Barquisimeto,706,706,100.0,831732.297613539,124056.72855155102,14.9154636542915
785.0,Latin America and the Caribbean,South America,venezuela,Cabudare,79,79,100.0,89455.14138334402,5533.340006831,6.185603109293473
786.0,Latin America and the Caribbean,South America,venezuela,Acarigua,214,214,100.0,264637.927826614,39082.31930373801,14.768222992338439
792.0,Latin America and the Caribbean,South America,venezuela,Yaritagua,28,28,100.0,36651.792020990004,2633.05185712,7.1839648539206085
795.0,Latin America and the Caribbean,South America,venezuela,Sabana de Parra,50,50,100.0,42763.676486863005,17173.235102997,40.158462774529255
808.0,Latin America and the Caribbean,South America,venezuela,San Carlos,89,89,100.0,117942.224598697,19322.449140386994,16.382978366002828
809.0,Latin America and the Caribbean,South America,venezuela,Marín,51,51,100.0,59394.513835015,10970.616852173001,18.470757892971363
818.0,Latin America and the Caribbean,South America,venezuela,Tinaquillo,70,70,100.0,94038.47435616699,21964.127646864,23.356533373431535
821.0,Latin America and the Caribbean,South America,venezuela,Valencia,1128,1128,100.0,1558566.660421025,147299.77969254,9.45097719803329
823.0,Latin America and the Caribbean,South America,venezuela,Puerto Ayacucho,84,84,100.0,119367.10078133199,8088.238908139,6.775936464232138
824.0,Latin America and the Caribbean,South America,venezuela,Puerto Cabello,104,104,100.0,162755.344882806,11339.378707187001,6.967131380755612
827.0,Latin America and the Caribbean,South America,venezuela,Güigüe,34,34,100.0,38190.88468535,5880.996860788,15.398954251101566
829.0,Latin America and the Caribbean,South America,venezuela,Biruaca,64,64,100.0,102257.58060723399,42531.878314848,41.59288540006703
831.0,Latin America and the Caribbean,South America,venezuela,San Fernando de Apure,42,42,100.0,74797.161812217,24125.794955664,32.25496044386461
832.0,Latin America and the Caribbean,South America,venezuela,Mariara,35,35,100.0,39173.892849844,6323.642868863,16.14249289214611
833.0,Latin America and the Caribbean,South America,venezuela,Maracay,619,619,100.0,875367.871652884,46259.715794992,5.2846028844585815
835.0,Latin America and the Caribbean,South America,venezuela,Calabozo,121,121,100.0,123699.106288393,18496.59423021,14.952892373439553
836.0,Latin America and the Caribbean,South America,venezuela,Santa Cruz,46,46,100.0,68918.025024188,4515.985869765,6.5526919382556805
838.0,Latin America and the Caribbean,South America,venezuela,Los Tanques,60,60,100.0,67999.01113101302,10716.530801461999,15.75983330230283
840.0,Latin America and the Caribbean,South America,venezuela,Paya,30,30,100.0,43583.67119112301,16825.963357522003,38.60611760706625
841.0,Latin America and the Caribbean,South America,venezuela,San Mateo,38,38,100.0,68464.197605313,10713.079745308,15.647710949695897
842.0,Latin America and the Caribbean,South America,venezuela,San Juan de Los Morros,77,77,100.0,113403.966234084,14415.284404195,12.71144641840792
843.0,Latin America and the Caribbean,South America,venezuela,Zuata,44,44,100.0,49568.601579411996,21923.612540993003,44.22883003037721
845.0,Latin America and the Caribbean,South America,venezuela,La Victoria,83,83,100.0,136390.127515019,8081.706132069,5.9254333721324945
853.0,Latin America and the Caribbean,South America,venezuela,Los Teques,115,115,100.0,282835.384973042,16235.45850478,5.740250112738707
854.0,Latin America and the Caribbean,South America,venezuela,Catia La Mar,147,147,100.0,340942.47645024897,46907.432117541,13.758166071274438
857.0,Latin America and the Caribbean,South America,venezuela,Caracas,1172,1172,100.0,2686635.1699398854,671244.3566652609,24.984574168299904
860.0,Latin America and the Caribbean,South America,venezuela,Cúa,61,61,100.0,103125.04623503398,15709.109476758,15.233069026660226
861.0,Latin America and the Caribbean,South America,venezuela,Charallave,76,76,100.0,145322.33347994502,31346.172896450003,21.570100166865185
863.0,Latin America and the Caribbean,South America,venezuela,Ocumare del Tuy,70,70,100.0,91639.57111869799,34396.376709794,37.53441476198247
864.0,Latin America and the Caribbean,South America,venezuela,Santa Teresa del Tuy,166,166,100.0,206988.785601428,41314.812045898,19.959927744806755
869.0,Latin America and the Caribbean,South America,venezuela,Guarenas,173,173,100.0,429258.772172055,98095.376186612,22.852270598978823
872.0,Latin America and the Caribbean,South America,venezuela,Altagracia de Orituco,51,51,100.0,53556.674872916,4011.87520888,7.490896733973368
879.0,Latin America and the Caribbean,South America,venezuela,Valle de la Pascua,116,116,100.0,108648.547520512,2654.2533944690003,2.4429718160455827
892.0,Latin America and the Caribbean,South America,venezuela,Zaraza,61,61,100.0,57579.198074913,11078.339070914999,19.240176038057367
904.0,Latin America and the Caribbean,South America,venezuela,Barcelona,463,463,100.0,693992.397412374,78171.875246683,11.26408236432493
907.0,Latin America and the Caribbean,South America,venezuela,Anaco,109,109,100.0,111871.395325771,3712.897380623,3.3188978914681395
924.0,Latin America and the Caribbean,South America,venezuela,Cumana,228,228,100.0,366295.723046588,34220.919991052,9.342429582968279
934.0,Latin America and the Caribbean,South America,venezuela,Porlamar,201,201,100.0,292133.576646104,7178.147667666,2.4571457174064384
935.0,Latin America and the Caribbean,South America,venezuela,Ciudad Bolívar,299,299,100.0,324394.488646138,82958.19620694699,25.57324464825942
938.0,Latin America and the Caribbean,South America,venezuela,Punta de Mata,44,44,100.0,44316.706421200004,3426.066055276,7.730867954657063
951.0,Latin America and the Caribbean,South America,venezuela,Maturin,379,379,100.0,502677.940713524,43539.269183188,8.661464062136162
954.0,Latin America and the Caribbean,South America,venezuela,Carúpano,79,79,100.0,129663.696415969,4049.350530726,3.1229639773151603
957.0,Latin America and the Caribbean,South America,venezuela,Ciudad Guayana,418,418,100.0,536705.959360538,31856.310504682002,5.935523902629555
960.0,Latin America and the Caribbean,South America,venezuela,San Félix,93,93,100.0,100480.438469893,13668.413549613999,13.603059220038608
963.0,Latin America and the Caribbean,South America,venezuela,Upata,72,72,100.0,77430.311836949,0.0,0.0
971.0,Latin America and the Caribbean,South America,venezuela,Tucupita,90,90,100.0,104374.644111299,36877.61500053,35.3319671789308
10726.0,Asia,South-Eastern Asia,vietnam,Dien Bien Phu,63,63,100.0,69891.64878975798,0.0,0.0
10787.0,Asia,South-Eastern Asia,vietnam,Lào Cai,81,81,100.0,91387.385681123,0.0,0.0
10863.0,Asia,South-Eastern Asia,vietnam,Sơn La,28,28,100.0,61983.20961271299,4147.85894698,6.691907329253984
10967.0,Asia,South-Eastern Asia,vietnam,Phù Yên,20,20,100.0,55974.932920443,4333.93916158,7.742642885771412
10972.0,Asia,South-Eastern Asia,vietnam,Yên Bái,42,42,100.0,87077.290078805,0.0,0.0
11013.0,Asia,South-Eastern Asia,vietnam,Tuyên Quang,73,73,100.0,95203.54816511899,0.0,0.0
11080.0,Asia,South-Eastern Asia,vietnam,Việt Trì,96,96,100.0,133620.23873709398,0.0,0.0
11081.0,Asia,South-Eastern Asia,vietnam,Thái Bình,14,14,100.0,61713.918999315996,0.0,0.0
11087.0,Asia,South-Eastern Asia,vietnam,Tây Đằng,11,11,100.0,50916.42594987001,0.0,0.0
11091.0,Asia,South-Eastern Asia,vietnam,Thổ Tang,25,25,100.0,62591.88124275,6064.4438862219995,9.688866616266534
11095.0,Asia,South-Eastern Asia,vietnam,Phúc Thọ,66,66,100.0,141551.95941135104,2068.403247301,1.4612325084742945
11098.0,Asia,South-Eastern Asia,vietnam,Hòa Bình,55,55,100.0,64145.11413555399,0.0,0.0
11099.0,Asia,South-Eastern Asia,vietnam,Vĩnh Yên,114,114,100.0,146156.483279148,761.354020405,0.5209170358531894
11115.0,Asia,South-Eastern Asia,vietnam,Thái Nguyên,97,97,100.0,278188.295715054,0.0,0.0
11123.0,Asia,South-Eastern Asia,vietnam,Quốc Oai,58,58,100.0,100156.808265488,9328.95310819,9.314347441525419
11125.0,Asia,South-Eastern Asia,vietnam,Xuân Hòa,61,61,100.0,78361.86765886398,423.959241188,0.5410274842269452
11126.0,Asia,South-Eastern Asia,vietnam,Phùng,47,47,100.0,60376.300121358,3104.2198160949997,5.1414541961919396
11134.0,Asia,South-Eastern Asia,vietnam,Quang Minh,62,62,100.0,83194.15158384001,0.0,0.0
11136.0,Asia,South-Eastern Asia,vietnam,Hanoi,3062,3062,100.0,5263709.585029978,1304504.6007726311,24.782989633065057
11160.0,Asia,South-Eastern Asia,vietnam,Đại Nghĩa,71,71,100.0,120503.65301972599,5627.31144928,4.669826439501241
11168.0,Asia,South-Eastern Asia,vietnam,Lưu Giáo,25,25,100.0,26381.642338994996,0.0,0.0
11171.0,Asia,South-Eastern Asia,vietnam,Bắc Ninh,139,139,100.0,229763.232756128,3523.396477548,1.533490121671361
11173.0,Asia,South-Eastern Asia,vietnam,Thọ Xuân,38,38,100.0,40665.16212503201,0.0,0.0
11177.0,Asia,South-Eastern Asia,vietnam,Phú Minh,53,53,100.0,141717.438816887,5634.099283631,3.9755864420544706
11180.0,Asia,South-Eastern Asia,vietnam,Khoái Châu,33,33,100.0,64424.975345479,3331.650369453,5.171364601363091
11186.0,Asia,South-Eastern Asia,vietnam,Bắc Giang,108,108,100.0,186548.162436626,4603.3392328400005,2.467641156424601
11195.0,Asia,South-Eastern Asia,vietnam,Phủ Lý,109,109,100.0,124940.868301021,529.65144461,0.42392169336770313
11201.0,Asia,South-Eastern Asia,vietnam,Do Luong,39,39,100.0,46778.054902132004,0.0,0.0
11207.0,Asia,South-Eastern Asia,vietnam,Hưng Yên,95,95,100.0,106355.74612042801,576.57327344,0.5421176518165163
11212.0,Asia,South-Eastern Asia,vietnam,Hải Dương,209,209,100.0,312076.046689933,13786.062787238,4.417533140867845
11215.0,Asia,South-Eastern Asia,vietnam,Thanh Hóa,277,277,100.0,304045.45083903405,7461.480069129999,2.4540673272826607
11221.0,Asia,South-Eastern Asia,vietnam,Ninh Bình,120,120,100.0,132499.391007222,5494.648777611,4.146923797794293
11224.0,Asia,South-Eastern Asia,vietnam,Bút Sơn,71,71,100.0,69672.475267864,498.19839847,0.715057698975984
11232.0,Asia,South-Eastern Asia,vietnam,Lạng Sơn,74,74,100.0,93728.05166900902,0.0,0.0
11234.0,Asia,South-Eastern Asia,vietnam,Nga Sơn,90,90,100.0,103087.41790475202,8466.615822205,8.213044806329089
11236.0,Asia,South-Eastern Asia,vietnam,Nam Định,247,247,100.0,310151.982240531,42797.070357939,13.798741523034586
11239.0,Asia,South-Eastern Asia,vietnam,Diễn Châu,81,81,100.0,90268.937882168,0.0,0.0
11250.0,Asia,South-Eastern Asia,vietnam,Phat Diem,50,50,100.0,84415.279791611,0.0,0.0
11256.0,Asia,South-Eastern Asia,vietnam,Xuân Trường,169,169,100.0,189379.911471627,0.0,0.0
11263.0,Asia,South-Eastern Asia,vietnam,Minh Tân,66,66,100.0,79882.45462042201,0.0,0.0
11264.0,Asia,South-Eastern Asia,vietnam,Đông Hưng,69,69,100.0,72806.12289803696,453.647612646,0.6230899196229985
11265.0,Asia,South-Eastern Asia,vietnam,Thái Bình,262,262,100.0,283366.45737327496,1617.073334665,0.5706650496515366
11275.0,Asia,South-Eastern Asia,vietnam,Haiphong,626,626,100.0,980844.250034214,156592.511335441,15.965074101212165
11276.0,Asia,South-Eastern Asia,vietnam,Vinh,307,307,100.0,340175.531504768,0.0,0.0
11293.0,Asia,South-Eastern Asia,vietnam,Uông Bí,68,68,100.0,77249.373879775,0.0,0.0
11323.0,Asia,South-Eastern Asia,vietnam,Hà Tĩnh,66,66,100.0,64058.551795583,0.0,0.0
11327.0,Asia,South-Eastern Asia,vietnam,Ha Long,119,119,100.0,190163.57659711302,0.0,0.0
11357.0,Asia,South-Eastern Asia,vietnam,Cẩm Phả,99,99,100.0,136898.94028809603,23960.326541725,17.502200156773938
11441.0,Asia,South-Eastern Asia,vietnam,Mong Cai,131,131,100.0,141005.05177151604,0.0,0.0
11465.0,Asia,South-Eastern Asia,vietnam,Hoàn Lão,37,37,100.0,36854.998803592,0.0,0.0
11559.0,Asia,South-Eastern Asia,vietnam,Chaudok City,78,78,100.0,138419.543278131,0.0,0.0
11579.0,Asia,South-Eastern Asia,vietnam,Tân Châu,93,93,100.0,176811.143369765,22631.666743515,12.799909729776147
11588.0,Asia,South-Eastern Asia,vietnam,Hong Ngu,219,219,100.0,392304.096971223,3982.249281132,1.015092452991668
11598.0,Asia,South-Eastern Asia,vietnam,Núi Sập,27,27,100.0,42877.764884815006,2164.86576906,5.048924016621674
11601.0,Asia,South-Eastern Asia,vietnam,An Chau,63,63,100.0,105783.412297618,0.0,0.0
11603.0,Asia,South-Eastern Asia,vietnam,Dong Ha,75,75,100.0,72235.480988142,0.0,0.0
11612.0,Asia,South-Eastern Asia,vietnam,Ca Mau,109,109,100.0,150830.51604629005,0.0,0.0
11624.0,Asia,South-Eastern Asia,vietnam,Long Xuyen,265,265,100.0,425938.21890397,1266.09798871,0.29724920951398554
11651.0,Asia,South-Eastern Asia,vietnam,Cao Lanh,123,123,100.0,146125.917644944,0.0,0.0
11655.0,Asia,South-Eastern Asia,vietnam,Thới Lai,71,71,100.0,135257.31406596,10678.528265641999,7.894972881418061
11657.0,Asia,South-Eastern Asia,vietnam,Gia Rai,38,38,100.0,59910.56991914,0.0,0.0
11673.0,Asia,South-Eastern Asia,vietnam,Can Tho,473,473,100.0,1134302.807783539,311977.9560335679,27.50393932667609
11674.0,Asia,South-Eastern Asia,vietnam,Sa Dec City,275,275,100.0,370528.416897051,2969.772514763,0.8014965598679393
11690.0,Asia,South-Eastern Asia,vietnam,Tây Ninh,378,378,100.0,406299.47494040104,928.273639018,0.22847030239312172
11694.0,Asia,South-Eastern Asia,vietnam,Bạc Liêu,112,112,100.0,152430.79671350698,0.0,0.0
11696.0,Asia,South-Eastern Asia,vietnam,Hue,326,326,100.0,374030.19228808396,2767.8681958810002,0.740011970410438
11714.0,Asia,South-Eastern Asia,vietnam,Cai Be,52,52,100.0,74956.17025805499,821.55999967,1.0960538629996415
11734.0,Asia,South-Eastern Asia,vietnam,Cai Lậy,70,70,100.0,86210.755562773,3688.144969988,4.278056659998224
11743.0,Asia,South-Eastern Asia,vietnam,Sóc Trăng,83,83,100.0,126645.269223419,0.0,0.0
11760.0,Asia,South-Eastern Asia,vietnam,Trang Bang,80,80,100.0,91006.694379361,0.0,0.0
11769.0,Asia,South-Eastern Asia,vietnam,My Tho,291,291,100.0,422066.643537472,13016.331761282,3.083951778844229
11778.0,Asia,South-Eastern Asia,vietnam,Tan An,113,113,100.0,122551.088806041,3569.349724037,2.9125401975710994
11781.0,Asia,South-Eastern Asia,vietnam,Tan Hiep,48,48,100.0,50335.629166942,0.0,0.0
11784.0,Asia,South-Eastern Asia,vietnam,Củ Chi,205,205,100.0,184805.86922079202,0.0,0.0
11787.0,Asia,South-Eastern Asia,vietnam,Đức Hòa,80,80,100.0,89281.297915148,0.0,0.0
11796.0,Asia,South-Eastern Asia,vietnam,Trà Vinh City,100,100,100.0,116919.377177468,1573.5646959580001,1.345854497299912
11800.0,Asia,South-Eastern Asia,vietnam,Ho Chi Minh City,8479,8479,100.0,14515132.193779515,4685305.422939941,32.27876508729171
11802.0,Asia,South-Eastern Asia,vietnam,Ben Cat,78,78,100.0,81803.147547062,0.0,0.0
11821.0,Asia,South-Eastern Asia,vietnam,Đà Nẵng,874,874,100.0,1120601.124050633,250851.69646584007,22.385458222555346
11830.0,Asia,South-Eastern Asia,vietnam,Tân Uyên,25,25,100.0,78457.37685869899,0.0,0.0
11831.0,Asia,South-Eastern Asia,vietnam,Đồng Xoài,97,97,100.0,98027.304404378,0.0,0.0
11837.0,Asia,South-Eastern Asia,vietnam,Go Cong,69,69,100.0,84640.095505563,0.0,0.0
11864.0,Asia,South-Eastern Asia,vietnam,Hoi An,61,61,100.0,71214.501232677,24702.814525264006,34.68789937115931
11867.0,Asia,South-Eastern Asia,vietnam,Hiệp Phước,165,165,100.0,203138.02088271198,0.0,0.0
11888.0,Asia,South-Eastern Asia,vietnam,Kon Tum,152,152,100.0,147214.42701116,0.0,0.0
11889.0,Asia,South-Eastern Asia,vietnam,Phú Mỹ,90,90,100.0,99134.36174118,0.0,0.0
11894.0,Asia,South-Eastern Asia,vietnam,Gia Kiệm,96,96,100.0,122209.841968428,0.0,0.0
11899.0,Asia,South-Eastern Asia,vietnam,Cây Xăng,71,71,100.0,66276.356222,885.128768194,1.335512117215924
11902.0,Asia,South-Eastern Asia,vietnam,Tam Kỳ,92,92,100.0,89480.812300921,4666.7392759350005,5.215351935162269
11906.0,Asia,South-Eastern Asia,vietnam,Pleiku,209,209,100.0,224787.911088273,424.035829709,0.18863818238983654
11907.0,Asia,South-Eastern Asia,vietnam,Vung Tau,258,258,100.0,471853.247027157,12011.530677674,2.545607294927164
11912.0,Asia,South-Eastern Asia,vietnam,Ba Ria,138,138,100.0,139447.56844193,0.0,0.0
11915.0,Asia,South-Eastern Asia,vietnam,Long Khanh,99,99,100.0,118313.58442709598,0.0,0.0
11918.0,Asia,South-Eastern Asia,vietnam,Đăk Mil,65,65,100.0,67259.66824713499,0.0,0.0
11926.0,Asia,South-Eastern Asia,vietnam,Định Quán,70,70,100.0,69884.65861205099,0.0,0.0
11930.0,Asia,South-Eastern Asia,vietnam,Ngai Giao,68,68,100.0,59758.14413214,0.0,0.0
11934.0,Asia,South-Eastern Asia,vietnam,Tan Phu,95,95,100.0,107128.879652477,777.944500651,0.7261762684111227
11935.0,Asia,South-Eastern Asia,vietnam,Chư Sê,58,58,100.0,59554.932047199996,0.0,0.0
11959.0,Asia,South-Eastern Asia,vietnam,Buôn Ma Thuột,255,255,100.0,310182.122116465,0.0,0.0
11965.0,Asia,South-Eastern Asia,vietnam,Quảng Ngãi,250,250,100.0,306748.085243218,55797.050619056,18.189861095568038
11968.0,Asia,South-Eastern Asia,vietnam,Quảng Phú,73,73,100.0,60708.296941387,0.0,0.0
11972.0,Asia,South-Eastern Asia,vietnam,Bảo Lộc,84,84,100.0,111327.83749724999,0.0,0.0
11990.0,Asia,South-Eastern Asia,vietnam,La Gi,66,66,100.0,70845.765477341,0.0,0.0
11995.0,Asia,South-Eastern Asia,vietnam,An Khê,70,70,100.0,74683.60593655599,0.0,0.0
12014.0,Asia,South-Eastern Asia,vietnam,Ea Kar,40,40,100.0,37218.128759312,0.0,0.0
12022.0,Asia,South-Eastern Asia,vietnam,Đinh Văn,31,31,100.0,44279.10392995101,0.0,0.0
12026.0,Asia,South-Eastern Asia,vietnam,Phan Thiet,169,169,100.0,214013.542795669,0.0,0.0
12027.0,Asia,South-Eastern Asia,vietnam,Tam Quan,52,52,100.0,63074.822779356,0.0,0.0
12045.0,Asia,South-Eastern Asia,vietnam,Dalat,143,143,100.0,221603.257741392,0.0,0.0
12046.0,Asia,South-Eastern Asia,vietnam,Liên Khương,73,73,100.0,87145.89201859501,0.0,0.0
12074.0,Asia,South-Eastern Asia,vietnam,Quy Nhơn,204,204,100.0,273390.883283815,2792.197372159,1.0213205863416956
12086.0,Asia,South-Eastern Asia,vietnam,Phan Rí Cửa,39,39,100.0,57295.303603759,0.0,0.0
12132.0,Asia,South-Eastern Asia,vietnam,Tuy Hòa,128,128,100.0,143524.565727472,5354.775085085,3.7309118881103456
12133.0,Asia,South-Eastern Asia,vietnam,Ninh Hòa,58,58,100.0,74061.699684181,0.0,0.0
12134.0,Asia,South-Eastern Asia,vietnam,Nha Trang,318,318,100.0,443282.632401445,5536.645548264,1.249010257467049
12137.0,Asia,South-Eastern Asia,vietnam,Vạn Giã,50,50,100.0,61196.364293149,0.0,0.0
12146.0,Asia,South-Eastern Asia,vietnam,Phan Rang - Tháp Chàm,151,151,100.0,178394.35509735998,7039.078139402,3.945796455028172
12160.0,Asia,South-Eastern Asia,vietnam,Cam Ranh,52,52,100.0,60310.346334703,2609.12895047,4.32617139352869
1486.0,Africa,Northern Africa,western_sahara,Dakhla,172,172,100.0,176939.950898266,0.0,0.0
1503.0,Africa,Northern Africa,western_sahara,Boujdour,54,54,100.0,52771.097485085,0.0,0.0
5538.0,Asia,Western Asia,yemen,Hodeidah,644,644,100.0,761830.64279106,95232.74480479001,12.500513822323184
5635.0,Asia,Western Asia,yemen,Sana'a,2947,2947,100.0,3707832.0391211584,263544.30919840396,7.107773664442202
5639.0,Asia,Western Asia,yemen,Ta'izz,564,564,100.0,1072817.936121346,91183.62023591502,8.499449642460236
5641.0,Asia,Western Asia,yemen,Al Misrakh,3,3,100.0,191306.53694149,0.0,0.0
5651.0,Asia,Western Asia,yemen,Ibb,403,403,100.0,613648.268655855,18911.905684409998,3.081880394747131
5671.0,Asia,Western Asia,yemen,Dhamar,321,321,100.0,328421.084487012,4501.282577326,1.3705827031041338
5719.0,Asia,Western Asia,yemen,Al Mansurah,480,480,100.0,538568.644086382,31568.620221942,5.861577826442984
5723.0,Asia,Western Asia,yemen,Aden,131,131,100.0,267173.588962123,27265.283478907,10.205081866371298
5844.0,Asia,Western Asia,yemen,Seiyun,96,96,100.0,133413.883529311,0.0,0.0
5846.0,Asia,Western Asia,yemen,Tarim,107,107,100.0,135284.340054945,1150.82216074,0.8506691611701693
5856.0,Asia,Western Asia,yemen,Al Mutadarririn,93,93,100.0,123335.09473201803,0.0,0.0
5859.0,Asia,Western Asia,yemen,Mukalla,38,38,100.0,97825.071379731,0.0,0.0
5862.0,Asia,Western Asia,yemen,Al Juwaibiyat,46,46,100.0,56585.45517655899,0.0,0.0
5870.0,Asia,Western Asia,yemen,Shihr,77,77,100.0,109824.852142443,3367.42473285,3.066177342522115
3499.0,Africa,Eastern Africa,zambia,Mongu,80,80,100.0,84519.758562445,7415.758160117,8.773993544524952
3622.0,Africa,Eastern Africa,zambia,Livingstone,192,192,100.0,185666.85322779202,28377.401008918998,15.284042636357482
3676.0,Africa,Eastern Africa,zambia,Solwezi,79,79,100.0,87081.45488094298,14531.012034554,16.68668955338502
3696.0,Africa,Eastern Africa,zambia,Choma,73,73,100.0,82457.726944238,26741.051154512,32.43001249912651
3717.0,Africa,Eastern Africa,zambia,Mumbwa,44,44,100.0,44388.77985692598,3275.784611567,7.379758177912338
3736.0,Africa,Eastern Africa,zambia,Monze,29,29,100.0,43154.204764695,9922.553309366,22.99324796614898
3759.0,Africa,Eastern Africa,zambia,Mazabuka,57,57,100.0,61790.455334713006,7095.417367839001,11.48303136690578
3785.0,Africa,Eastern Africa,zambia,Chililabombwe,106,106,100.0,94312.52117937802,32945.196771775,34.93194366961601
3786.0,Africa,Eastern Africa,zambia,Chingola,231,231,100.0,254745.433596386,64616.275306822004,25.36503771415932
3792.0,Africa,Eastern Africa,zambia,Kafue,66,66,100.0,81780.420108285,14858.728727668999,18.169054044959218
3798.0,Africa,Eastern Africa,zambia,Lusaka,2857,2857,100.0,3508843.3393040523,2006972.6070696868,57.19755523390656
3811.0,Africa,Eastern Africa,zambia,Kitwe,571,571,100.0,664880.264549617,259283.311612655,38.996993208738246
3818.0,Africa,Eastern Africa,zambia,Mufulira,154,154,100.0,170892.79102968698,31658.697357651,18.525472705370788
3822.0,Africa,Eastern Africa,zambia,Kabwe,187,187,100.0,193504.038746549,23008.803856569004,11.890606524603792
3836.0,Africa,Eastern Africa,zambia,Luanshya,92,92,100.0,80530.55810192,3767.861627598,4.6787973614058025
3859.0,Africa,Eastern Africa,zambia,Ndola,485,485,100.0,512403.135604097,159670.560600265,31.161120903762935
3860.0,Africa,Eastern Africa,zambia,Kapiri Mposhi,105,105,100.0,105749.08303395301,11999.090662239,11.346756225192452
3938.0,Africa,Eastern Africa,zambia,Nchelenge,50,50,100.0,72449.21297254901,4494.247778329,6.203307936598109
3953.0,Africa,Eastern Africa,zambia,Mansa,285,285,100.0,371702.854828513,108846.613800381,29.283233202660753
4269.0,Africa,Eastern Africa,zambia,Kasama,198,198,100.0,208119.89735183798,21563.277273715,10.360987847913988
4270.0,Africa,Eastern Africa,zambia,Mpulungu,55,55,100.0,73024.64677564701,29843.796181525002,40.86811439597077
4282.0,Africa,Eastern Africa,zambia,N/A,53,53,100.0,50454.26089314301,8212.377514071,16.276876062983025
4290.0,Africa,Eastern Africa,zambia,Mbala,58,58,100.0,57336.80738632,13251.249995190998,23.111244938888273
4386.0,Africa,Eastern Africa,zambia,Chipata,108,108,100.0,134316.598893883,20221.789217277998,15.055316605547947
4432.0,Africa,Eastern Africa,zambia,Tunduma,142,142,100.0,248080.667858771,158142.030735397,63.74621291548004
3777.0,Africa,Eastern Africa,zimbabwe,Bulawayo,322,322,100.0,346311.021003838,9883.764233779999,2.8540137721087606
3982.0,Africa,Eastern Africa,zimbabwe,Gweru,96,96,100.0,104657.727076753,13355.175249447999,12.76081147802273
4001.0,Africa,Eastern Africa,zimbabwe,Kwekwe,34,34,100.0,43548.61605685,0.0,0.0
4010.0,Africa,Eastern Africa,zimbabwe,Mbizo,55,55,100.0,64963.809805731005,18004.107153365,27.714056806712566
4023.0,Africa,Eastern Africa,zimbabwe,Kadoma,61,61,100.0,65785.802343655,10152.218348718,15.432233076195315
4061.0,Africa,Eastern Africa,zimbabwe,Chegutu,58,58,100.0,54962.683381599,13225.558288712,24.062795837111175
4084.0,Africa,Eastern Africa,zimbabwe,Chinhoyi,52,52,100.0,60448.30455276799,8174.000247086,13.522298611287855
4135.0,Africa,Eastern Africa,zimbabwe,Masvingo,69,69,100.0,77713.272713835,9224.677646327,11.870144344963052
4145.0,Africa,Eastern Africa,zimbabwe,Norton,70,70,100.0,73089.10759368999,23408.479945855,32.02731667758922
4171.0,Africa,Eastern Africa,zimbabwe,Harare,1404,1404,100.0,1536172.4348693541,116556.01883168399,7.587430693716142
4189.0,Africa,Eastern Africa,zimbabwe,Chitungwiza,296,296,100.0,361136.855267628,233140.585392048,64.55740586744444
4205.0,Africa,Eastern Africa,zimbabwe,Chizhanje,26,26,100.0,29558.832031594,0.0,0.0
4208.0,Africa,Eastern Africa,zimbabwe,Ruwa,63,63,100.0,73555.361643553,5197.4190300380005,7.06599616112899
4222.0,Africa,Eastern Africa,zimbabwe,Bindura,45,45,100.0,57107.58469781599,8598.872211298001,15.057320768859018
4236.0,Africa,Eastern Africa,zimbabwe,Marondera,38,38,100.0,42837.417572414,4553.854185482,10.63055254856106
4329.0,Africa,Eastern Africa,zimbabwe,Mutare,79,79,100.0,109799.36508851401,1322.681704934,1.2046351122957124
