relative_path,size_bytes,size_mb,sha256
GHS_STAT_UCDB2015MT_GLOBE_R2019A_V1_2_with_GHSPOP2023.gpkg,27410432,26.141,9d6007710353591cccbbe56548ac47f84380ece296f1f7a0ed9a1d11bc75ad15
mn_blocks_by_country/angola_mn_blocks.gpkg,51306496,48.93,f78f3656f16926db46a4e997c7bc881a1072d1aeea1133a06369c8b0e6ac851f
mn_blocks_by_country/benin_mn_blocks.gpkg,18829312,17.957,57f748991ba67f4176dde75e352ac025184567192b62299f385105bf2b33e350
mn_blocks_by_country/botswana_mn_blocks.gpkg,6234112,5.945,0c2ac93a931ec70c536b93a60f4cc5e4767dc250267f60a0e86fb194668f6ae1
mn_blocks_by_country/burkina_faso_mn_blocks.gpkg,27860992,26.57,1b95db9639d4538eba1898672a3cb756b2f2e5980a1cb23dae8fb3602420da51
mn_blocks_by_country/burundi_mn_blocks.gpkg,4239360,4.043,f9ec094b9d0b4addd08e30042e9a52f23652184d10b6c9024a7591a48d850041
mn_blocks_by_country/cameroon_mn_blocks.gpkg,41328640,39.414,afe81540835df9b4476bf7d0a9b5bcb9c80f5b099d34044a4de1dcc442c70008
mn_blocks_by_country/central_african_republic_mn_blocks.gpkg,3768320,3.594,823b5b5269601578b9a3949ac43176af2338732aa26e8a908d7c466b86a965df
mn_blocks_by_country/chad_mn_blocks.gpkg,9396224,8.961,15f26394181877643bd0ab8db90b4b83d25590657507b64ce5cb9007312acbe2
mn_blocks_by_country/comoros_mn_blocks.gpkg,737280,0.703,bd27991c57023bc05c791c9a9591565951d47ffca03b79edcd2209c2b940e086
mn_blocks_by_country/cote_d_ivoire_mn_blocks.gpkg,28872704,27.535,85261883d54021b85521e08a6df593dffa2a7819daa7324a768705be2c42bf80
mn_blocks_by_country/democratic_republic_of_the_congo_mn_blocks.gpkg,87830528,83.762,20bf7064b091d7a26d277dbb6ea1d53bbdbeb88bad59faa89b24dd057fe76340
mn_blocks_by_country/djibouti_mn_blocks.gpkg,1585152,1.512,a93f67eb43b615d66a6d4e2b429b8632824340bebed32d3798eca6b432324df4
mn_blocks_by_country/equatorial_guinea_mn_blocks.gpkg,1740800,1.66,fa4cd65a407648b5fe6bebe8063cf2082a1766643792c3c76390b1ccfdb6f645
mn_blocks_by_country/eritrea_mn_blocks.gpkg,2158592,2.059,05cedc8c1243ae3aa6aa90e2bdc0d1b0350d6d4f8e79833a6565db40658b81e1
mn_blocks_by_country/ethiopia_mn_blocks.gpkg,38043648,36.281,60e5057ad525115d0c3fc78130de9f5926f29520af9cdbb288a48f338b3d04a3
mn_blocks_by_country/gabon_mn_blocks.gpkg,2342912,2.234,8addd55ed21cd0ba28a886fc68d49f7ed114ecc8d71744ba4834aa0238300c81
mn_blocks_by_country/gambia_mn_blocks.gpkg,5378048,5.129,7382e82e85d0f016b0d66f9130033356ef8d6d933af94957c0d3f9f09bc2ca59
mn_blocks_by_country/ghana_mn_blocks.gpkg,53280768,50.812,d3b617eb9c59ec9072e95146636bdd43e99172fdf5e52fe241b3b34e306c4bde
mn_blocks_by_country/guinea_bissau_mn_blocks.gpkg,2277376,2.172,7527ea9c7f0341bd8b2b98f5ea39847a6f25878e2c0c15c609167c2752aa9410
mn_blocks_by_country/guinea_mn_blocks.gpkg,15269888,14.562,c37f1ce4c3db8f13f39a0af97bf2ff02cca2f0f922d745f19e34fe57d63f6e37
mn_blocks_by_country/kenya_mn_blocks.gpkg,23269376,22.191,8b3ba41026a94d5b50fe0492795a466089919ef616feec07c38d6c5b812d767b
mn_blocks_by_country/lesotho_mn_blocks.gpkg,4730880,4.512,91766459e4593b6ede14a6bce0eb54e06829303ad159acf7a1417a154c0c880b
mn_blocks_by_country/liberia_mn_blocks.gpkg,5050368,4.816,a8cee6d12015187cd4de3462aa4256d000fc925e49a678ec125c4bbb9efac7ac
mn_blocks_by_country/madagascar_mn_blocks.gpkg,5222400,4.98,8982cd14f0bf0751e747da33a37f8cae4ec2c26912b4289dbb266d17c11f4d96
mn_blocks_by_country/malawi_mn_blocks.gpkg,9175040,8.75,eaa8a3161bdc2c1f325db27243665cfc6f0cd32b1299678a801bc34501e06309
mn_blocks_by_country/mali_mn_blocks.gpkg,22921216,21.859,5de224fd4f2e682022c5fb5e34f97d0eafc0aec8a1b9c32ec548f4d2515e08b2
mn_blocks_by_country/mauritania_mn_blocks.gpkg,9850880,9.395,850e85ca8e9d490e66c8b12b41a798b8e90d479447d25e27e1297b89d915da4b
mn_blocks_by_country/mauritius_mn_blocks.gpkg,4194304,4.0,f41ca127b96ee47db80ab852f1fa84ea61fbad99ba29183baf13a75223e4f0e4
mn_blocks_by_country/mozambique_mn_blocks.gpkg,31096832,29.656,0cbb65f7d56258f906cb90bcac5e5f77cab5d2ac60b4b877b464f6cd0bdc2128
mn_blocks_by_country/namibia_mn_blocks.gpkg,3493888,3.332,a034fd8ed55b390675a06cf09e52714b5d2e1155f7a9ee959ead938b12f09d10
mn_blocks_by_country/niger_mn_blocks.gpkg,17391616,16.586,81ab308250284850cb64b70b7525a9bf5bf48e9e1158db1890782c74078edcfe
mn_blocks_by_country/nigeria_mn_blocks.gpkg,243216384,231.949,4294c9bd7c83549588dc71dd1e984d890cc625063e1faf4fcae785c50b5f62b8
mn_blocks_by_country/republic_of_congo_mn_blocks.gpkg,10637312,10.145,7c21128d7dc29da1cf5f94ade34452039399595733cbf1e94c9f42a4ce9158e1
mn_blocks_by_country/rwanda_mn_blocks.gpkg,5529600,5.273,cd99d0d53c9c1a1f19b587051fcbe5a00b4e9582204ae8ea17a5b2342c022f6e
mn_blocks_by_country/senegal_mn_blocks.gpkg,40042496,38.188,6b9c79ebbaf6fee49f5d27d226fd2e511af32b439918aed5759e22adefeef808
mn_blocks_by_country/sierra_leone_mn_blocks.gpkg,5722112,5.457,a348ff4e08f79080db339dff1f23fc146169d9253a74f1c42392fe0a16a23872
mn_blocks_by_country/somalia_mn_blocks.gpkg,17707008,16.887,9e575e1e1d135a7f6978ecd630a46298431ed13f2e68028a70224e330bdcbaf3
mn_blocks_by_country/south_africa_mn_blocks.gpkg,221982720,211.699,752b4a0e48e0d641d38dd618eaa10f1edb0b1a34e4fd333f0278b8e68d15fbca
mn_blocks_by_country/south_sudan_mn_blocks.gpkg,9166848,8.742,ef73f46c1510aec805a7e62d283c12c5e1fa931fb5d846229c132ef816cc12fa
mn_blocks_by_country/sudan_mn_blocks.gpkg,81162240,77.402,e0d347b6b5e82e83961f88ae63917dc850a41d1fc59ddaf9542b135c91001b2b
mn_blocks_by_country/tanzania_mn_blocks.gpkg,66437120,63.359,a9cc5730d1f7f2ba0e505cc6b269aee0f1d2e8bc7e5847217af27beee98c0e2c
mn_blocks_by_country/togo_mn_blocks.gpkg,14823424,14.137,5363b85424fa3c87cd30f3e196120832c51ba0624c82b2c16e4b6a3cd79bfddc
mn_blocks_by_country/uganda_mn_blocks.gpkg,32948224,31.422,def56803f56b7d3ea39f86f96d6a8c5902308ceea4b149acada67331665802d7
mn_blocks_by_country/zambia_mn_blocks.gpkg,25812992,24.617,f6744b911f87b69a101b55532038936217b1ec1897604cdc056755b788de3fe1
mn_blocks_by_country/zimbabwe_mn_blocks.gpkg,15663104,14.938,636f31520b59e200dbf9c6c60c3dffd2d01cacf1c088bb8b42356b8a2b0a3091
mn_comparison_files/angola/angola_segments_mnlabels_k3_maj10.csv,9167354,8.743,bf4330d5f36b689bf906ab3c99255536c78c8aade7aaa3fbb383f0c6f25b9821
mn_comparison_files/angola/angola_segments_mnlabels_k3_maj10.gpkg,27078656,25.824,10fbc622a65f41765baa93f658b430cfb78f03678f5406881248a483ab0640e9
mn_comparison_files/angola/angola_segments_mnlabels_k3_maj20.csv,9167354,8.743,97d1cebf3a401e8b8e48a17b5621d5d2b882cf2eea0456d792b475fe07cbc716
mn_comparison_files/angola/angola_segments_mnlabels_k3_maj20.gpkg,27078656,25.824,ed7491eb5a0479fdc7ced63f8762a4927a6e4c8782cba32ea64b9a7de47f698c
mn_comparison_files/angola/angola_segments_mnlabels_k3_maj30.csv,9167354,8.743,b9e68c61d1cf95bdd9a39c46e12b4832fe873dfc390437dd9be1634b4f23986f
mn_comparison_files/angola/angola_segments_mnlabels_k3_maj30.gpkg,27078656,25.824,a8bd99f397e27a7ec5ab706c79fea7ee87aa864498d0eb5f16fdaf516f4a4261
mn_comparison_files/angola/angola_segments_mnlabels_k5_maj10.csv,9058643,8.639,62600980d2d33ccd15d1aadc2ef00ac05a0a26db0d628b25053c5665ccde672b
mn_comparison_files/angola/angola_segments_mnlabels_k5_maj10.gpkg,26988544,25.738,f4c534ca1c70a0338574cc3661eb7603a625d869506f90a365c023b676bfbf06
mn_comparison_files/angola/angola_segments_mnlabels_k5_maj20.csv,9058643,8.639,a1f3f38aede51576f0ef4b0833daf2c572cfc0f975fafea127129b8981ed6096
mn_comparison_files/angola/angola_segments_mnlabels_k5_maj20.gpkg,26988544,25.738,55659418db31accf8e880f45e3c5a2a4135b29bb036984e164aaf5b94d3eb75a
mn_comparison_files/angola/angola_segments_mnlabels_k5_maj30.csv,9058643,8.639,396240d7461cff00d0ef9dd545677374157f23b7c6652004276ca6bc1b3254b6
mn_comparison_files/angola/angola_segments_mnlabels_k5_maj30.gpkg,26988544,25.738,95a9ec5b0533514bd72241824d401c3d75177987020dda299c2153d4e381025f
mn_comparison_files/benin/benin_segments_mnlabels_k3_maj10.csv,2655684,2.533,8a439df12b3de15878d10ff3df5a06409a3b40ec9870e8c440982b24e936da3f
mn_comparison_files/benin/benin_segments_mnlabels_k3_maj10.gpkg,8114176,7.738,77ea38954b1348f7313d6ab13328be4d778a5fc7c36f28be1a01c5e8dcc4766a
mn_comparison_files/benin/benin_segments_mnlabels_k3_maj20.csv,2655684,2.533,677d31bfb7acb0ef29363022c8040172752d50cfacae6aa56df2c510f437c712
mn_comparison_files/benin/benin_segments_mnlabels_k3_maj20.gpkg,8114176,7.738,791b3cf4e7183d8598eeaec98ba7ea654d82fc7fc62511da90d73e3666248c96
mn_comparison_files/benin/benin_segments_mnlabels_k3_maj30.csv,2655684,2.533,a656f205843378495d451dd99714aea90487657c741988d1246c3456c448cf29
mn_comparison_files/benin/benin_segments_mnlabels_k3_maj30.gpkg,8114176,7.738,39717647086adb0f621bc0ed05ff929017245354663d963a9aa18d57822af960
mn_comparison_files/benin/benin_segments_mnlabels_k5_maj10.csv,2626143,2.504,56a5b32f16ec95965c7ea0f51937f552c4db2cf82eb4f3e7ae84ee6fffe324de
mn_comparison_files/benin/benin_segments_mnlabels_k5_maj10.gpkg,8073216,7.699,e05746c570681f24134e6ee37664a3fad682396c4a04cd013eb4c62296ef795f
mn_comparison_files/benin/benin_segments_mnlabels_k5_maj20.csv,2626143,2.504,c33b17161f845fbb38315854f760d5a4a24df564aaf08c7f40506ef7d65f5a56
mn_comparison_files/benin/benin_segments_mnlabels_k5_maj20.gpkg,8073216,7.699,83c95a8223f221a45725d83f4b9e6674e8c122f2956692bbc535ffa922dd65e2
mn_comparison_files/benin/benin_segments_mnlabels_k5_maj30.csv,2626143,2.504,6957a419b0a99553e0e1b87a8dd59c07084b9ec022628eb384c1721a9a32cd13
mn_comparison_files/benin/benin_segments_mnlabels_k5_maj30.gpkg,8073216,7.699,1bf756acf3eadb33895da5c830662442f97a146b31e76065fc4ef0929d9c372e
mn_comparison_files/botswana/botswana_segments_mnlabels_k3_maj10.csv,295025,0.281,0d81c0506a5698bc20fc572eab07b5e2e0c82ffe707324f56b2a91a6a183b1e7
mn_comparison_files/botswana/botswana_segments_mnlabels_k3_maj10.gpkg,1646592,1.57,1d56599cb94b27ef3a0af1b132c4028b37e300085e0fba4aeb64c7f3e3ba4ff0
mn_comparison_files/botswana/botswana_segments_mnlabels_k3_maj20.csv,295025,0.281,815009c708b9324e5d03af70eeb37c27319a276cbd072ccb38be600e0182a835
mn_comparison_files/botswana/botswana_segments_mnlabels_k3_maj20.gpkg,1646592,1.57,d7830a5c45876680a6321a45ba8db644dee0dfbbda95dc88b23ebcbe32065e2a
mn_comparison_files/botswana/botswana_segments_mnlabels_k3_maj30.csv,295025,0.281,35c6a1e15b89ce18d4601733755b14381914c34c2e84ca8e97495f0e7df0f0a5
mn_comparison_files/botswana/botswana_segments_mnlabels_k3_maj30.gpkg,1646592,1.57,77ade121317bb453c7a2d9aa27028360b506859fdcc41a0edad8ade1a74cffc7
mn_comparison_files/botswana/botswana_segments_mnlabels_k5_maj10.csv,290387,0.277,c73c58086b2ec907c75af726fa4f3ef9efb1c2a328b00ae8ac9bb19694f43e98
mn_comparison_files/botswana/botswana_segments_mnlabels_k5_maj10.gpkg,1638400,1.562,397efa8b0c29e7e1a52d8a438870aeda539674a8ff05528fe439d99700d2d94b
mn_comparison_files/botswana/botswana_segments_mnlabels_k5_maj20.csv,290387,0.277,02be00307cc2b1d83305407b13cb70e00ed8709a7309fb55a14ee00281f0ae6e
mn_comparison_files/botswana/botswana_segments_mnlabels_k5_maj20.gpkg,1638400,1.562,f4d2af64d4082c0a327c65f63147300a8d353ab4779a52a7fd2fd079e61c56c7
mn_comparison_files/botswana/botswana_segments_mnlabels_k5_maj30.csv,290387,0.277,6590037be201d0c0381920a1fc3310ccea967bd45d142738ff2b3526703861e0
mn_comparison_files/botswana/botswana_segments_mnlabels_k5_maj30.gpkg,1638400,1.562,f08aeb24d46ff1839da3ee1b3430596f04706b8bcac4450ee809a206675e1b71
mn_comparison_files/burkina_faso/burkina_faso_segments_mnlabels_k3_maj10.csv,3116226,2.972,399f704c0bb58f9c52aea788bdb01bdb8d5b980354f5a37eb29ac7b46222b8f4
mn_comparison_files/burkina_faso/burkina_faso_segments_mnlabels_k3_maj10.gpkg,9539584,9.098,20e783ebd586ae828984c7e8b75ca98ea0777b69424ca019e479b4cf0894ce25
mn_comparison_files/burkina_faso/burkina_faso_segments_mnlabels_k3_maj20.csv,3116226,2.972,1596e734f0856e61f534b3b959ce91d2243378792ddcde1e683c9e6dec780a79
mn_comparison_files/burkina_faso/burkina_faso_segments_mnlabels_k3_maj20.gpkg,9539584,9.098,d25791207e3fec8fa44bbd843c48c6d09e319fac9105789044cdae9cbd10721e
mn_comparison_files/burkina_faso/burkina_faso_segments_mnlabels_k3_maj30.csv,3116226,2.972,91ea0f1c300a62e6007d330b9387669a6a904b6f871abf064df6f1a12e095142
mn_comparison_files/burkina_faso/burkina_faso_segments_mnlabels_k3_maj30.gpkg,9539584,9.098,33055a24c62109135d841fd7623b0e607a2d0f5c61977330e51570b0aa75c0c8
mn_comparison_files/burkina_faso/burkina_faso_segments_mnlabels_k5_maj10.csv,3080527,2.938,79ea352353f09e522563db227118b092ece160656e8eb983eb8fecbe0bc26dec
mn_comparison_files/burkina_faso/burkina_faso_segments_mnlabels_k5_maj10.gpkg,9502720,9.062,fe70b75144e6d7db016345199a9a814842fe3f542a6d3c7c91ca30ff86a98ff6
mn_comparison_files/burkina_faso/burkina_faso_segments_mnlabels_k5_maj20.csv,3080527,2.938,c8ac3280720e4f49a492a972adbd28671c362d0251d1bf8dcc26ddb150e89c31
mn_comparison_files/burkina_faso/burkina_faso_segments_mnlabels_k5_maj20.gpkg,9502720,9.062,166e713c7dfcf0392d6a1468f4531bc68411ac1372e93ae31b08d17f618fb000
mn_comparison_files/burkina_faso/burkina_faso_segments_mnlabels_k5_maj30.csv,3080527,2.938,0bc79f91d46d88cbaa78538677068ebb820b15158a631f50c4c2623bddf6b9e1
mn_comparison_files/burkina_faso/burkina_faso_segments_mnlabels_k5_maj30.gpkg,9502720,9.062,2b0146eddcaa7277bce52516410991e5e7071aed0662fe830afe3720bb1e823b
mn_comparison_files/burundi/burundi_segments_mnlabels_k3_maj10.csv,761010,0.726,65649a2ec7a8ffe2bef08e59bfc611d8db850777888ec7b0f125022cb29c8c2b
mn_comparison_files/burundi/burundi_segments_mnlabels_k3_maj10.gpkg,2293760,2.188,030fca68686dff61d346ad228130104840ca01a7e15f8d02c6d7e0cea3f0eb91
mn_comparison_files/burundi/burundi_segments_mnlabels_k3_maj20.csv,761010,0.726,85e3ee3ddb519e36ffdf6614283b61c1e941a34a3e015e7d2c4622fcc90c6f86
mn_comparison_files/burundi/burundi_segments_mnlabels_k3_maj20.gpkg,2293760,2.188,a6ed54e493c8f1a80946768df0703c9f773821d0a675e51029bb0da418c15563
mn_comparison_files/burundi/burundi_segments_mnlabels_k3_maj30.csv,761010,0.726,98ab569fd147c4a7132f9afef410b64a3c2511b18eaa076496881d519e8d4df3
mn_comparison_files/burundi/burundi_segments_mnlabels_k3_maj30.gpkg,2293760,2.188,72079d17aefa6c8cd4e8ddb6753beb8f4cd0bc6f13716bfb1de71bad9e21bc57
mn_comparison_files/burundi/burundi_segments_mnlabels_k5_maj10.csv,753975,0.719,80c6a078f35635ca761c8560cc1fa227ca86ac766ad68348e2e5ff371a1b8b01
mn_comparison_files/burundi/burundi_segments_mnlabels_k5_maj10.gpkg,2281472,2.176,a71c596730268bd0c42439b05bde29bb0ff7f1a26c1112e80d0e6bf08db88792
mn_comparison_files/burundi/burundi_segments_mnlabels_k5_maj20.csv,753975,0.719,c2284815515445ca5f3570ecb952a47fd02cbbec96b4b524910cc6d45741575a
mn_comparison_files/burundi/burundi_segments_mnlabels_k5_maj20.gpkg,2281472,2.176,4f7f2ae14139ae41f4e254f83e59815ed6477961072bbf52690e31ab381bac2f
mn_comparison_files/burundi/burundi_segments_mnlabels_k5_maj30.csv,753975,0.719,d86b842ebf25a3c65e7fe050e8cc862e505d05ad82716b1b00a7a8a3b6f31ab0
mn_comparison_files/burundi/burundi_segments_mnlabels_k5_maj30.gpkg,2281472,2.176,c99b7fa1d2f5bb8062d5261f169b1dbf16a9a64a33f76a4911653e6466f1c419
mn_comparison_files/cameroon/cameroon_segments_mnlabels_k3_maj10.csv,5772182,5.505,067baf03f1294149faf575601cd6cdc521878151a867327e03fed93faec9bc7d
mn_comparison_files/cameroon/cameroon_segments_mnlabels_k3_maj10.gpkg,21385216,20.395,146075556338f01d3ea28a1a428fa7fd264845c0923253a0e19e801c531cddea
mn_comparison_files/cameroon/cameroon_segments_mnlabels_k3_maj20.csv,5772182,5.505,320e8e88ce7a60dc02ade9e4ceeee4395076b534375e4d8f2faf034b21af0b3d
mn_comparison_files/cameroon/cameroon_segments_mnlabels_k3_maj20.gpkg,21385216,20.395,e7db8fc606bae7dcbfcfd0de77ea4b7d0ae45e4fb2648add841f666437ac6406
mn_comparison_files/cameroon/cameroon_segments_mnlabels_k3_maj30.csv,5772182,5.505,28223e3fc1d8fcd09500eb684c0986432fdb732b153e5121a7c1fe6a19bde4c0
mn_comparison_files/cameroon/cameroon_segments_mnlabels_k3_maj30.gpkg,21385216,20.395,81fdaf3135f4a64eccc0c0fa358f627098a9f737dd452a8e17b6103ec6096279
mn_comparison_files/cameroon/cameroon_segments_mnlabels_k5_maj10.csv,5692962,5.429,bbf9748187614308eb548b17127f5215bb0aba0d98c4750bea13c651bb1eaf0b
mn_comparison_files/cameroon/cameroon_segments_mnlabels_k5_maj10.gpkg,21299200,20.312,f12cc327fc9aa0035fa5745b2414b8a27147191d63981d982b703169ce6495cb
mn_comparison_files/cameroon/cameroon_segments_mnlabels_k5_maj20.csv,5692962,5.429,b9ee93dc003e3b958440b1f8a3da6b695ec31efe49f7fd2730745a64589d6ef3
mn_comparison_files/cameroon/cameroon_segments_mnlabels_k5_maj20.gpkg,21299200,20.312,c3878320fb06a350c4992e6bd95c90f7cab2a4cf321d8e970779dd814a48d13a
mn_comparison_files/cameroon/cameroon_segments_mnlabels_k5_maj30.csv,5692962,5.429,e9f4327f3cf527b1679bc572ebd9f761bd9f5337a9af5782e74f32a7f8be8e84
mn_comparison_files/cameroon/cameroon_segments_mnlabels_k5_maj30.gpkg,21299200,20.312,48759aff17840dc2effe844df7073f5fb34aaf4008a32291dbe81d04664aa4c0
mn_comparison_files/central_african_republic/central_african_republic_segments_mnlabels_k3_maj10.csv,515557,0.492,3263d4c53e79e9a75b107d6b48723bd1c12cc65b96624cb7affae7d67d2ff698
mn_comparison_files/central_african_republic/central_african_republic_segments_mnlabels_k3_maj10.gpkg,1982464,1.891,ca02a5c91d3064b680d760bd488a84ade2d16363973a91f5cbeacd0fd00ca823
mn_comparison_files/central_african_republic/central_african_republic_segments_mnlabels_k3_maj20.csv,515557,0.492,80dfed8a18cbc29a8a914a24db57ea3820b9a73861af6482ed08e92c4820700d
mn_comparison_files/central_african_republic/central_african_republic_segments_mnlabels_k3_maj20.gpkg,1982464,1.891,0ce5fca8968eaf3937f3fde25c9ca081ed7fb209646dc10b421cb0f1d9f5cffe
mn_comparison_files/central_african_republic/central_african_republic_segments_mnlabels_k3_maj30.csv,515557,0.492,a1959e8acb2e306e629ab7b18714e7947f9d79996af722197d815d25339ffa1a
mn_comparison_files/central_african_republic/central_african_republic_segments_mnlabels_k3_maj30.gpkg,1982464,1.891,9ffbec9117f998b09babecc107e862c6189251c8685cf8651f110619ead2e081
mn_comparison_files/central_african_republic/central_african_republic_segments_mnlabels_k5_maj10.csv,511512,0.488,f3020e679f91efa09d53a651cbb9d245619071c975f9bd689d95df46ace8531b
mn_comparison_files/central_african_republic/central_african_republic_segments_mnlabels_k5_maj10.gpkg,1982464,1.891,5de4fedb32c099d8c91ce0870da5c5e833b005fab17fe019e9b69a6f79633242
mn_comparison_files/central_african_republic/central_african_republic_segments_mnlabels_k5_maj20.csv,511512,0.488,9e3f4addc3015783ac48e4df42e742185a619a28e1f4c02ce7e043b0fbba55c1
mn_comparison_files/central_african_republic/central_african_republic_segments_mnlabels_k5_maj20.gpkg,1982464,1.891,14f1ed9d32c68c772be7778e75928e1781fd80c399679813e62b6445add9cbd6
mn_comparison_files/central_african_republic/central_african_republic_segments_mnlabels_k5_maj30.csv,511512,0.488,fd521d6e75040fd91d703980f6b88af9b622ca91534944c4f4b79f2adbbfed63
mn_comparison_files/central_african_republic/central_african_republic_segments_mnlabels_k5_maj30.gpkg,1982464,1.891,7aa10e3f7c42dc4a62012021efc72124378f110fd4a8cc69d49bffe63eb02945
mn_comparison_files/chad/chad_segments_mnlabels_k3_maj10.csv,2124783,2.026,ccffe177cdca7ad5e1beab0200b4c1d9651d07684480851a8b490ee0b335d439
mn_comparison_files/chad/chad_segments_mnlabels_k3_maj10.gpkg,5500928,5.246,896afb58a0011c1a9de1273cdd2c7a4eb72a524ff98c5448a81a13f0c33399f1
mn_comparison_files/chad/chad_segments_mnlabels_k3_maj20.csv,2124783,2.026,f135414c4f77e8cb14a92f9757f38310a85b9ad2dd56309a3bbe6495f6d59cd8
mn_comparison_files/chad/chad_segments_mnlabels_k3_maj20.gpkg,5500928,5.246,89c15015f2e4bb533bf6ad17e1a291ce0b75a1b1ce5217c32e41d929fa2e347f
mn_comparison_files/chad/chad_segments_mnlabels_k3_maj30.csv,2124783,2.026,f25338b14e3d1f34788769236d56b62b78611ff33157684ac083dfe42ff9d740
mn_comparison_files/chad/chad_segments_mnlabels_k3_maj30.gpkg,5500928,5.246,7b7da927c43364025579e62235558f647fca6fb1ebb9072ce04f90b9b33915d6
mn_comparison_files/chad/chad_segments_mnlabels_k5_maj10.csv,2097537,2.0,d2618f55cce2474611f13a6c839cd5b92716768e23bb357abc20444873647065
mn_comparison_files/chad/chad_segments_mnlabels_k5_maj10.gpkg,5464064,5.211,347fd26e086c9dc2c5239f52a91841ca9ff896a911e221c822acf33beba9ccc7
mn_comparison_files/chad/chad_segments_mnlabels_k5_maj20.csv,2097537,2.0,5932ea4fd7b67ebd71fc4bc57461f300e0421e63309e7639c12a17d7209ba7cc
mn_comparison_files/chad/chad_segments_mnlabels_k5_maj20.gpkg,5464064,5.211,5adeae8bcac938d1ae10120e78377df1a956d3f2282fab256252b29ac982e898
mn_comparison_files/chad/chad_segments_mnlabels_k5_maj30.csv,2097537,2.0,4bba7ea73a99cade6bd3286faecaed5ccc4dac58e1845a41fe3795166590b636
mn_comparison_files/chad/chad_segments_mnlabels_k5_maj30.gpkg,5464064,5.211,9b516168b97e70a6362cfb6fc5d19fa85b3beb6b744cdab1a73eda04907b7234
mn_comparison_files/comoros/comoros_segments_mnlabels_k3_maj10.csv,124238,0.118,df0c48573acd38dfad06a3c8f6727e379cb0ecb7e197ec3de50004908e3a3c74
mn_comparison_files/comoros/comoros_segments_mnlabels_k3_maj10.gpkg,438272,0.418,78c74da2dd41e96f5d6c5a5b6e0c45595db035ea9894d5204b3258ee176490cb
mn_comparison_files/comoros/comoros_segments_mnlabels_k3_maj20.csv,124238,0.118,ea172e401928d5ebb74ff9104f48135d9da7a2110c11949b139d0e454877e114
mn_comparison_files/comoros/comoros_segments_mnlabels_k3_maj20.gpkg,438272,0.418,038f9c8d71dc5443f87f574fdebbc2be0d7dbe4b2d2656c70d4920bc8ff4a5e1
mn_comparison_files/comoros/comoros_segments_mnlabels_k3_maj30.csv,124238,0.118,59426eb6dce41337d97465a05fe1113a2ea66b42bbaf766ca937c615cf5f41c1
mn_comparison_files/comoros/comoros_segments_mnlabels_k3_maj30.gpkg,438272,0.418,a97e6790674df017bcd332b58ee909b77d23651ee94d6b9254b7a6e59aed2989
mn_comparison_files/comoros/comoros_segments_mnlabels_k5_maj10.csv,123673,0.118,13ff149dc6d3d32f140f983c4105e716f30bdb9a379e61d56d4cc135daf72b8b
mn_comparison_files/comoros/comoros_segments_mnlabels_k5_maj10.gpkg,438272,0.418,1ec4d96c6cfb6bafdb2f36ef4cfb2769639a97aa2b289aca78aa7c67f9e6cb86
mn_comparison_files/comoros/comoros_segments_mnlabels_k5_maj20.csv,123673,0.118,2cc7d9831cee0f15c769e5e23d97d326547ac97aed9506035768216b605e334b
mn_comparison_files/comoros/comoros_segments_mnlabels_k5_maj20.gpkg,438272,0.418,7b0b4a28a88aa994fc08b6a162d11efbc0ef8c32ab98738aa6c598b4b87da842
mn_comparison_files/comoros/comoros_segments_mnlabels_k5_maj30.csv,123673,0.118,869286c572a19c8fda3215a7a3577db3e5972a05913dfce027381f98adcb347c
mn_comparison_files/comoros/comoros_segments_mnlabels_k5_maj30.gpkg,438272,0.418,faed3ea3ee6b05dd15f09ce6f30fe4428795ff1b5a13e0299b8e59a51355451f
mn_comparison_files/cote_d_ivoire/cote_d_ivoire_segments_mnlabels_k3_maj10.csv,5248180,5.005,3d77fe08dfa1b72d820644572e53575a8802952cfc119120a6ea497573b27820
mn_comparison_files/cote_d_ivoire/cote_d_ivoire_segments_mnlabels_k3_maj10.gpkg,14974976,14.281,9d7f5d0c2b713e082f9c8ee2297b24e423f21edd3cbf77ba6a03c56fa569704d
mn_comparison_files/cote_d_ivoire/cote_d_ivoire_segments_mnlabels_k3_maj20.csv,5248180,5.005,95aff2b1f44d1b05f3dfe7a92c1ce83d376972391b83e6f379a985ceb2ec2bf8
mn_comparison_files/cote_d_ivoire/cote_d_ivoire_segments_mnlabels_k3_maj20.gpkg,14974976,14.281,d788b3334117e20c57be3d06fc4390e9096f015314594567d436997a2d96c2be
mn_comparison_files/cote_d_ivoire/cote_d_ivoire_segments_mnlabels_k3_maj30.csv,5248180,5.005,0cb51294663ae6060165ba0aef27ed88dcd6a0c28b2caffc70c4fb226d588e2b
mn_comparison_files/cote_d_ivoire/cote_d_ivoire_segments_mnlabels_k3_maj30.gpkg,14974976,14.281,585a9703ca3ee5efd537ce9948219045eabf75dbd82d2e732d0fd5f7ab5d60a2
mn_comparison_files/cote_d_ivoire/cote_d_ivoire_segments_mnlabels_k5_maj10.csv,5200268,4.959,40a4961ebb76f4e2d37a2584c4da182632438a93cf6446d4d9ed2dccf7fc02a2
mn_comparison_files/cote_d_ivoire/cote_d_ivoire_segments_mnlabels_k5_maj10.gpkg,14938112,14.246,5ae9c8476ca389ece1bcf1f6e069e7c23d7f75360da2d9b0f368bc41bac0c76b
mn_comparison_files/cote_d_ivoire/cote_d_ivoire_segments_mnlabels_k5_maj20.csv,5200268,4.959,f9524821a5955f80e2e42cb041f68dd5de0993cb5e352d4d104ad602e9a73be4
mn_comparison_files/cote_d_ivoire/cote_d_ivoire_segments_mnlabels_k5_maj20.gpkg,14938112,14.246,621259b6bc2b4e6f4582024d58e653fdfb7ef28ca0a241f772b2bb8705431f6b
mn_comparison_files/cote_d_ivoire/cote_d_ivoire_segments_mnlabels_k5_maj30.csv,5200268,4.959,33fc7d66c4f2b62ac24fde4996a8a5524361a4741639d5327ef08c219ec632f0
mn_comparison_files/cote_d_ivoire/cote_d_ivoire_segments_mnlabels_k5_maj30.gpkg,14938112,14.246,90dade8c4ea5388921825e6c051d12968c8fc41bfb045d836089134e6d022e93
mn_comparison_files/democratic_republic_of_the_congo/democratic_republic_of_the_congo_segments_mnlabels_k3_maj10.csv,18133167,17.293,13a36d474f21a170295fafb35ac484fe4a288f82761d460c5abf82f24fe82c64
mn_comparison_files/democratic_republic_of_the_congo/democratic_republic_of_the_congo_segments_mnlabels_k3_maj10.gpkg,50638848,48.293,4bc9b27dc47ff957b16a0a3b002ac281281576a066679fe31710dfd397c4b581
mn_comparison_files/democratic_republic_of_the_congo/democratic_republic_of_the_congo_segments_mnlabels_k3_maj20.csv,18133167,17.293,04557c55bbea32d6153d3d14e1f703609b4cd38bd7e1221e05c8b72d2be1a78e
mn_comparison_files/democratic_republic_of_the_congo/democratic_republic_of_the_congo_segments_mnlabels_k3_maj20.gpkg,50638848,48.293,9c09120f41e8ce344ab2a15fed21bae650e23a993e0431d7199eba74c36b1fd2
mn_comparison_files/democratic_republic_of_the_congo/democratic_republic_of_the_congo_segments_mnlabels_k3_maj30.csv,18133167,17.293,a8447eca1db1773a35bd80d2eeb4171a2a546cf1c2a5a3a9076a959c822e4956
mn_comparison_files/democratic_republic_of_the_congo/democratic_republic_of_the_congo_segments_mnlabels_k3_maj30.gpkg,50638848,48.293,5d99b337297e4fff37f246b88650a782c963c0508500f7b5ec693e388ab06d36
mn_comparison_files/democratic_republic_of_the_congo/democratic_republic_of_the_congo_segments_mnlabels_k5_maj10.csv,18001848,17.168,56a7250afac0a7b96db56ac51e9744d8c366146a7424d1186c2dbaf73209e856
mn_comparison_files/democratic_republic_of_the_congo/democratic_republic_of_the_congo_segments_mnlabels_k5_maj10.gpkg,50544640,48.203,fcd7583cd80a12ee2abb0661e2fd4e9d814fbec370e75b60a1440418ee94785e
mn_comparison_files/democratic_republic_of_the_congo/democratic_republic_of_the_congo_segments_mnlabels_k5_maj20.csv,18001848,17.168,1bae238011651bc7579217789e652a85e0a998207e86faaa35b467ea716b2bc4
mn_comparison_files/democratic_republic_of_the_congo/democratic_republic_of_the_congo_segments_mnlabels_k5_maj20.gpkg,50544640,48.203,730b9419ce4228df29f07430da221b06a6cb698a8ba807a6e521247eca53a2e3
mn_comparison_files/democratic_republic_of_the_congo/democratic_republic_of_the_congo_segments_mnlabels_k5_maj30.csv,18001848,17.168,6bb9f8fc31ffb3f5d158b173693633b12fbc2c13b02b2ec50c631094b44a516e
mn_comparison_files/democratic_republic_of_the_congo/democratic_republic_of_the_congo_segments_mnlabels_k5_maj30.gpkg,50544640,48.203,2a7089202dd9a7d967e789f196cfe6c3db003435d037e35825dd95d1f34afd6e
mn_comparison_files/djibouti/djibouti_segments_mnlabels_k3_maj10.csv,171692,0.164,ea4eb08e5faead8e81ce70355809ca53bb59069586b26a057f9cee11e783aa3d
mn_comparison_files/djibouti/djibouti_segments_mnlabels_k3_maj10.gpkg,585728,0.559,8d16ee851aec8f3d465a58c6f19be0ec389b3c2cb0e74cac2dd604b397c2fa17
mn_comparison_files/djibouti/djibouti_segments_mnlabels_k3_maj20.csv,171692,0.164,268a290710944e373e738293615e60f5e8b770c02b573c8f89b91ffe0609b9f2
mn_comparison_files/djibouti/djibouti_segments_mnlabels_k3_maj20.gpkg,585728,0.559,a1b11ab24874c80eca45522e4aa30755c9941f0e4097f2801aa5e2f1dfdf9a0f
mn_comparison_files/djibouti/djibouti_segments_mnlabels_k3_maj30.csv,171692,0.164,74f645fcaa36c9a3d566c91c86e0911348418a4701e78cbf3c376fdd23dd7503
mn_comparison_files/djibouti/djibouti_segments_mnlabels_k3_maj30.gpkg,585728,0.559,ad20ffb404e79a304e51bf814daf2c8cd9fe84a1ff5fb10a1d5ac7e2e47016d7
mn_comparison_files/djibouti/djibouti_segments_mnlabels_k5_maj10.csv,170150,0.162,29f2804621d90b18777952636361676009d029c73b5b2edbd20b3dc76ce66621
mn_comparison_files/djibouti/djibouti_segments_mnlabels_k5_maj10.gpkg,585728,0.559,3f981392525339aeff652b6a216c9d1c74093089c45b529c6b350bb0d1358db6
mn_comparison_files/djibouti/djibouti_segments_mnlabels_k5_maj20.csv,170150,0.162,37e24d2b812b15d518b4b568ff76c78cecebc04fd3ae52bd5a6c8767321c815f
mn_comparison_files/djibouti/djibouti_segments_mnlabels_k5_maj20.gpkg,585728,0.559,3844e6dc3b0eedacbf1420a155405800c147dd63545765c410165a2fcc06a169
mn_comparison_files/djibouti/djibouti_segments_mnlabels_k5_maj30.csv,170150,0.162,c679d140b2503c488d3f0f93fd7e130f2b9a9c427bca8605d7c93188dc8acc7a
mn_comparison_files/djibouti/djibouti_segments_mnlabels_k5_maj30.gpkg,585728,0.559,5c34b18797ff033ea07774677f2c0e755481fd3b3e43535b6a7b079ee6c831ce
mn_comparison_files/equatorial_guinea/equatorial_guinea_segments_mnlabels_k3_maj10.csv,278408,0.266,2bf38e98a1cd3c2342cb35e1222b904cb972163ce8bf9746a3a4df0bd70aa0b8
mn_comparison_files/equatorial_guinea/equatorial_guinea_segments_mnlabels_k3_maj10.gpkg,1056768,1.008,682a1f3ba2ef878a837766e7d34085ae836e7dde9720b2f4f0aa4c2ae7dbab35
mn_comparison_files/equatorial_guinea/equatorial_guinea_segments_mnlabels_k3_maj20.csv,278408,0.266,b9f37ebe9dcac000ed1eb1e270f2787d75a0853486708def1a7da81aabf35302
mn_comparison_files/equatorial_guinea/equatorial_guinea_segments_mnlabels_k3_maj20.gpkg,1056768,1.008,2727eafbed1a460c817b94a1630fab39420aa729676ac56957c7177520d6ca4e
mn_comparison_files/equatorial_guinea/equatorial_guinea_segments_mnlabels_k3_maj30.csv,278408,0.266,d39b6b918d934a4ee0c7f7fcefa1338c468287e8631ccafcc2f40003e4e34d42
mn_comparison_files/equatorial_guinea/equatorial_guinea_segments_mnlabels_k3_maj30.gpkg,1056768,1.008,7144ed8512ad8aba60ab454d5f4e14b530cf60b8496bc6ad8a8419e362feff11
mn_comparison_files/equatorial_guinea/equatorial_guinea_segments_mnlabels_k5_maj10.csv,276065,0.263,e11a9e88b94da1bbc7f9dd31501c2e5d25d6fe62d0a86cca585bf0f93f895555
mn_comparison_files/equatorial_guinea/equatorial_guinea_segments_mnlabels_k5_maj10.gpkg,1056768,1.008,cbd332e3f5541f18869a217d8662c6317e2d333ba83e866c90842bd6f624c08f
mn_comparison_files/equatorial_guinea/equatorial_guinea_segments_mnlabels_k5_maj20.csv,276065,0.263,f36b599d5b3dd96a1a1e8363fc5d8be469a99d021e6692e8fe3d226f131cfb81
mn_comparison_files/equatorial_guinea/equatorial_guinea_segments_mnlabels_k5_maj20.gpkg,1056768,1.008,c8c000f9b8aa24d580b6de7abadb0e09178ab189754a54a04747633c7e5bf8d1
mn_comparison_files/equatorial_guinea/equatorial_guinea_segments_mnlabels_k5_maj30.csv,276065,0.263,d284e50f0ded8da642ae8c0e6275449ef94fde86282917aa44aaa662f4a261a8
mn_comparison_files/equatorial_guinea/equatorial_guinea_segments_mnlabels_k5_maj30.gpkg,1056768,1.008,3c536e300b34767bec85860f7f8b18d74754e945e0b62a4fda6776d8d29d90bc
mn_comparison_files/eritrea/eritrea_segments_mnlabels_k3_maj10.csv,138809,0.132,4aab567304f68da282eee3d0b4cda3ce176f76842caf179a5bf155114dcafbf4
mn_comparison_files/eritrea/eritrea_segments_mnlabels_k3_maj10.gpkg,622592,0.594,d5d1226d3fb6dd1086a62ce6596a432242422a36fb21501d7deb00770881f015
mn_comparison_files/eritrea/eritrea_segments_mnlabels_k3_maj20.csv,138809,0.132,e710f7b8aa15e8fdf72b25e76ac470fc1e001ce7b0506e8a4d99fcb6099b92ad
mn_comparison_files/eritrea/eritrea_segments_mnlabels_k3_maj20.gpkg,622592,0.594,f7bb3e609726987892846fb598aac9c8c2e10990d4f276a4d2cb916aad8036a7
mn_comparison_files/eritrea/eritrea_segments_mnlabels_k3_maj30.csv,138809,0.132,451a9757804dd207f2902665d87c963c79db5c0dc88714c5e010e0595ef74d64
mn_comparison_files/eritrea/eritrea_segments_mnlabels_k3_maj30.gpkg,622592,0.594,ee4efe870551501e056a7abdbffc795399ced11966e0f3ba508a74471af76b33
mn_comparison_files/eritrea/eritrea_segments_mnlabels_k5_maj10.csv,137065,0.131,69747c4ab28d3a094470ebc9ea172f0e4b9eb343f93834a92ed05117400dafda
mn_comparison_files/eritrea/eritrea_segments_mnlabels_k5_maj10.gpkg,622592,0.594,53d01d32244fcfc7996a25929363d8f1637eb2fa6827085f8c6b1d6d8c3f5027
mn_comparison_files/eritrea/eritrea_segments_mnlabels_k5_maj20.csv,137065,0.131,62e3278863976b3321a6c7ba3061e652810018b89243ae6a2a3a4786ddedf32d
mn_comparison_files/eritrea/eritrea_segments_mnlabels_k5_maj20.gpkg,622592,0.594,0a77f02cc50c01bd05022c339b5ef2dffbd553111949880088ea022ec3a9dc85
mn_comparison_files/eritrea/eritrea_segments_mnlabels_k5_maj30.csv,137065,0.131,a4f20c429ab571dac22cc90b8a37218c6139ba4f01b0c650c1085dd99fa93899
mn_comparison_files/eritrea/eritrea_segments_mnlabels_k5_maj30.gpkg,622592,0.594,0c6d6b6104e0e067f000dff81cf1cbde78ba5f5503578fdd68d35e9d540740e1
mn_comparison_files/ethiopia/ethiopia_segments_mnlabels_k3_maj10.csv,6912567,6.592,d9ab204cda7db554218748714726fee3773f9b13b925595af9df272d1eb26aa7
mn_comparison_files/ethiopia/ethiopia_segments_mnlabels_k3_maj10.gpkg,21098496,20.121,270bdb9e1ad28933983a2bb8ea849f10487cae07a7c7e7c1f651af55875e799c
mn_comparison_files/ethiopia/ethiopia_segments_mnlabels_k3_maj20.csv,6912567,6.592,87ae4b4a7e2e2105d6d41fd32bd727b87586e202168214f77dce96b08abf4245
mn_comparison_files/ethiopia/ethiopia_segments_mnlabels_k3_maj20.gpkg,21098496,20.121,3610214a95137ae7e9fbd5a9787130a29f9939addf14ea62bd23f9c67127e603
mn_comparison_files/ethiopia/ethiopia_segments_mnlabels_k3_maj30.csv,6912567,6.592,084d86ec7165451c7189cec4046d7aac4c83d27572361e087bb74c85d21eccf4
mn_comparison_files/ethiopia/ethiopia_segments_mnlabels_k3_maj30.gpkg,21098496,20.121,ef9a76c2359cb7e4030f02140eac730a76b4f6238f8153889f6767fcae51fa79
mn_comparison_files/ethiopia/ethiopia_segments_mnlabels_k5_maj10.csv,6829159,6.513,e65fcd699995b95a07973b39c0af37370a033d07561b5e7e6486f9b20e661fc1
mn_comparison_files/ethiopia/ethiopia_segments_mnlabels_k5_maj10.gpkg,21016576,20.043,f19ec14eb7ab29f58abfb636735091043a1369d3f084bb9963dd3e8f24bb5356
mn_comparison_files/ethiopia/ethiopia_segments_mnlabels_k5_maj20.csv,6829159,6.513,c159c47abacb5a8bf41e5505e87ded92d489d4203d764676b297bbc4605fe676
mn_comparison_files/ethiopia/ethiopia_segments_mnlabels_k5_maj20.gpkg,21016576,20.043,83a75b7a65b1a9bc35d8ae92e90bd6f5b96813ea1ff49089610455e6fcb8b728
mn_comparison_files/ethiopia/ethiopia_segments_mnlabels_k5_maj30.csv,6829159,6.513,4f1b3e134c01d8d9925f0e45c9943e44251a10675a53aeea03450d9aebde785d
mn_comparison_files/ethiopia/ethiopia_segments_mnlabels_k5_maj30.gpkg,21016576,20.043,c7249601c02419f3670c7e56ee47641634cc18593bf5ea76f17286354827bdec
mn_comparison_files/gabon/gabon_segments_mnlabels_k3_maj10.csv,208012,0.198,f881964bd3bb12a17a2c1dfafb2f0fd3212c5af7c565e3e225160d218934b8f6
mn_comparison_files/gabon/gabon_segments_mnlabels_k3_maj10.gpkg,1179648,1.125,565ef0e322426924aa2bf7f2cef2e8de44c8166525a7e725f61eafa015d6a116
mn_comparison_files/gabon/gabon_segments_mnlabels_k3_maj20.csv,208012,0.198,0988e68c92fcdde85f2d4172259870ab4dfea98da6f93f1866ca1a2c5581b92b
mn_comparison_files/gabon/gabon_segments_mnlabels_k3_maj20.gpkg,1179648,1.125,58334a79018449c1397a289cc77c463f70f1975ca109f938c5564e803f5634da
mn_comparison_files/gabon/gabon_segments_mnlabels_k3_maj30.csv,208012,0.198,8e8cc97eeb958627bd6bd9f9ee222f421081ced1b9201b35c0464e4f47700e91
mn_comparison_files/gabon/gabon_segments_mnlabels_k3_maj30.gpkg,1179648,1.125,c19cd484f5086671adbbe9b84d4ba2372a12443b10ad55e715d03719c2149a6f
mn_comparison_files/gabon/gabon_segments_mnlabels_k5_maj10.csv,205035,0.196,eddcb46af1c3a74d76a893fb94cbab65b825f3d3c99b0a4eeabad586444b0145
mn_comparison_files/gabon/gabon_segments_mnlabels_k5_maj10.gpkg,1179648,1.125,ae232cbb83bfaafe4c0f9fd41fcbfb72e0e6aaf093ba282de83ca0ff191a814e
mn_comparison_files/gabon/gabon_segments_mnlabels_k5_maj20.csv,205035,0.196,17d9224c8919725873f4757bc21e6ffaa46fea4dc7f4300170a0a689068950b9
mn_comparison_files/gabon/gabon_segments_mnlabels_k5_maj20.gpkg,1179648,1.125,d0f98f706bc91a60ca741632f08f3da7cf30156ad38c8497c15e86689004d456
mn_comparison_files/gabon/gabon_segments_mnlabels_k5_maj30.csv,205035,0.196,7222281f8b859461af804fb805e7e4fba47462a8aa0d824de21e96af3edab3b9
mn_comparison_files/gabon/gabon_segments_mnlabels_k5_maj30.gpkg,1179648,1.125,703fe0930d3511086b96e09f02d74be72b3df4add9093f556bcf110e7c5be532
mn_comparison_files/gambia/gambia_segments_mnlabels_k3_maj10.csv,856075,0.816,f1d813a0c5d6c5f60170710683a4b3bdefd8bab5b275e9f64eb75c33c06d72c0
mn_comparison_files/gambia/gambia_segments_mnlabels_k3_maj10.gpkg,2375680,2.266,a604646ef865d634ce4a548101f34d2c3947f4d9bf0f8d27715509185e6cca89
mn_comparison_files/gambia/gambia_segments_mnlabels_k3_maj20.csv,856075,0.816,98f184c595b9866e733dabf2a51b9e7c81bf8d2145c8482973459f1151eaf735
mn_comparison_files/gambia/gambia_segments_mnlabels_k3_maj20.gpkg,2375680,2.266,08441fc87c53de1bd1d6df99a168cf13823b6cec3d0b32977d84d2d5c5eee790
mn_comparison_files/gambia/gambia_segments_mnlabels_k3_maj30.csv,856075,0.816,b71e3085b766f6dc8cb257d4c041de86b72b5280611f698a1e4e49f6ee148511
mn_comparison_files/gambia/gambia_segments_mnlabels_k3_maj30.gpkg,2375680,2.266,7c6cc1ef9da88fa07f346d04dd7eececaa7a69cceb6e5c5952fcd709cb5c39c9
mn_comparison_files/gambia/gambia_segments_mnlabels_k5_maj10.csv,852106,0.813,93096ec77e157f9481d34ad74aac506a8d345316a33392771258448ef78628c0
mn_comparison_files/gambia/gambia_segments_mnlabels_k5_maj10.gpkg,2371584,2.262,23cbe094ddf3624f6a4fc0e774d5aeb585ac95ecbd342e2ff50c2308259e45ff
mn_comparison_files/gambia/gambia_segments_mnlabels_k5_maj20.csv,852106,0.813,1fd3dc4015a36f8d0fe4ca5fb80f648b015b6a1ab3bf8854214efda750857e11
mn_comparison_files/gambia/gambia_segments_mnlabels_k5_maj20.gpkg,2371584,2.262,3adc56cb20b65a008fdaac4e8c8578fe23cf977a85b98998487b5b60a7663d11
mn_comparison_files/gambia/gambia_segments_mnlabels_k5_maj30.csv,852106,0.813,1459b0afb0446c3a037a702aead0dba191b8859d6df8081c5118eb0e25fc38be
mn_comparison_files/gambia/gambia_segments_mnlabels_k5_maj30.gpkg,2371584,2.262,9385355dfe5bac712e27e20e4ce6058a4c6449d3ed6238fed10ebec15d27814f
mn_comparison_files/ghana/ghana_segments_mnlabels_k3_maj10.csv,6974293,6.651,ea5cc21a7afdcefa65f8d53206e4613748c3db5a60d4d999cf12713af5411ded
mn_comparison_files/ghana/ghana_segments_mnlabels_k3_maj10.gpkg,26619904,25.387,a2f00d3650483bc5229f04f4e0416698fa8e6d40e66e23d35fbec5db867e7e5e
mn_comparison_files/ghana/ghana_segments_mnlabels_k3_maj20.csv,6974293,6.651,6f0caf8469eac36f545a307a56170069eef49d2eabcb23a784cf4a6a9d9d5344
mn_comparison_files/ghana/ghana_segments_mnlabels_k3_maj20.gpkg,26619904,25.387,490a1461067e6c1d39d1d2d21b3556a86c5629152f11dee40aade8b2e745a662
mn_comparison_files/ghana/ghana_segments_mnlabels_k3_maj30.csv,6974293,6.651,b08dd80cd8dbf23b03a53f89ce671237115e1defcb7be98391de97cc7c96bc8e
mn_comparison_files/ghana/ghana_segments_mnlabels_k3_maj30.gpkg,26619904,25.387,2cb43b882974f256a3c15192d3516ff0e8f4d7ff6e71afd45f8e54aa0440fd51
mn_comparison_files/ghana/ghana_segments_mnlabels_k5_maj10.csv,6882924,6.564,3122127fb066fdd6282faf01e46ebb853ac8f4f68e40f98b4345217a096ac931
mn_comparison_files/ghana/ghana_segments_mnlabels_k5_maj10.gpkg,26558464,25.328,092e04acbc645453ed9c5067c31e1778341d47802c94a52febe1313917759ba9
mn_comparison_files/ghana/ghana_segments_mnlabels_k5_maj20.csv,6882924,6.564,8dcbc6e9a23c2ba466161854d82855a19dd039c5624f007b94e7bbe028600ee0
mn_comparison_files/ghana/ghana_segments_mnlabels_k5_maj20.gpkg,26558464,25.328,5d58321e0ebc2fb63f7e391d02b5b031d2990a4c80b7f680fe059d439889c81e
mn_comparison_files/ghana/ghana_segments_mnlabels_k5_maj30.csv,6882924,6.564,b08107dd9394c291c5875b9ae29324a9a2ccc89542682deddb8b061a7dbe0ef5
mn_comparison_files/ghana/ghana_segments_mnlabels_k5_maj30.gpkg,26558464,25.328,9fcf6b510b46ea49085e1248ae7e442d7b0b0da8579ab68ecffc866476495d96
mn_comparison_files/guinea/guinea_segments_mnlabels_k3_maj10.csv,2072681,1.977,65e0a73fbdf8be7700dccf2c1670845c1aeccd3c4c73cd67bf204a3ac037abf2
mn_comparison_files/guinea/guinea_segments_mnlabels_k3_maj10.gpkg,7000064,6.676,705a4e87570a11586bd0a9e12a713cc6bf76d4fbfb61779588c6a8371e5a6b8d
mn_comparison_files/guinea/guinea_segments_mnlabels_k3_maj20.csv,2072681,1.977,8632d23c4333a8bd710e969e439ebee05e05cf7b10dae0916edeed5765c96bdc
mn_comparison_files/guinea/guinea_segments_mnlabels_k3_maj20.gpkg,7000064,6.676,2ec222d93a4f1ff446e38376c2b5007359f1425baeb63672c17c6ba50b8a6f8b
mn_comparison_files/guinea/guinea_segments_mnlabels_k3_maj30.csv,2072681,1.977,09153e57cac9674fbbe95dda372ea98b0afa328527d7230f9bb3a607b69604b0
mn_comparison_files/guinea/guinea_segments_mnlabels_k3_maj30.gpkg,7000064,6.676,aa0351f5ed7e35a04be7de974f27bff202605131aab261364ed1f5f54d15f80f
mn_comparison_files/guinea/guinea_segments_mnlabels_k5_maj10.csv,2040132,1.946,9d49bdbeababc1bac516dac94398938893dae5e43144da6de4d3193fd7bedde3
mn_comparison_files/guinea/guinea_segments_mnlabels_k5_maj10.gpkg,6971392,6.648,466b5e3644ff7c27d56607b1bf12ed7fd231c6a915a73ecf8d10fd13b07e2874
mn_comparison_files/guinea/guinea_segments_mnlabels_k5_maj20.csv,2040132,1.946,1a6d3b2c38876d82ce13e0ba2da3d9d56e3e76642ef4c9bfa4bf1825c8d23155
mn_comparison_files/guinea/guinea_segments_mnlabels_k5_maj20.gpkg,6971392,6.648,38eacc7bf03dfb85051b29cfcbcebfb54a69efb7eb6b47bb0a6ed8a608a22e95
mn_comparison_files/guinea/guinea_segments_mnlabels_k5_maj30.csv,2040132,1.946,509c8992578dd26bc87b15c2a0a0ab43db804c2544da5f7b456c5233455316e9
mn_comparison_files/guinea/guinea_segments_mnlabels_k5_maj30.gpkg,6971392,6.648,1ae706a158c8432475889b768ef33b32d9c31070ce41b12c3b06679a1de904d9
mn_comparison_files/guinea_bissau/guinea_bissau_segments_mnlabels_k3_maj10.csv,314097,0.3,d3f32524a5a29888328fa36af0969bf6a4bf1a729b58a65e6ef5e1dbfe310a39
mn_comparison_files/guinea_bissau/guinea_bissau_segments_mnlabels_k3_maj10.gpkg,1175552,1.121,790379791a85679ab63a806c35a86b8b41f671f00f69d4e0ebdfa34e99b335a7
mn_comparison_files/guinea_bissau/guinea_bissau_segments_mnlabels_k3_maj20.csv,314097,0.3,f47c4af5103cce40ada8fea4a4bd6df64e21473135435aae2f31731b3c769897
mn_comparison_files/guinea_bissau/guinea_bissau_segments_mnlabels_k3_maj20.gpkg,1175552,1.121,2bcb718cecc55b2d3c20358f1a66350bd411ac2e647725eaf0c71e4265faa170
mn_comparison_files/guinea_bissau/guinea_bissau_segments_mnlabels_k3_maj30.csv,314097,0.3,5ac4956cff24645fc74a427086a44f4b7c166bddc022bd9481fd969b5e52d260
mn_comparison_files/guinea_bissau/guinea_bissau_segments_mnlabels_k3_maj30.gpkg,1175552,1.121,5b1e8d1eaaf18c7e8dc870e964823bf2a071c5d6848936d42b2056567356de8c
mn_comparison_files/guinea_bissau/guinea_bissau_segments_mnlabels_k5_maj10.csv,310819,0.296,1cf0336cc5ed3c9daf9bd0594669dc89c9b8f5e25ac7ce3e3b2e049040b8cd0c
mn_comparison_files/guinea_bissau/guinea_bissau_segments_mnlabels_k5_maj10.gpkg,1175552,1.121,ab789b01712c5593d7a178c6f2066e5ecb36b19274ee85da1c88114a8ee24c54
mn_comparison_files/guinea_bissau/guinea_bissau_segments_mnlabels_k5_maj20.csv,310819,0.296,db6af83207338431ac32c2d33909dc0ca3901c5c43343c51d47214b406c0c2e0
mn_comparison_files/guinea_bissau/guinea_bissau_segments_mnlabels_k5_maj20.gpkg,1175552,1.121,7b9be8e07d1cb7e987a552cc4f2d7c89f89cd1125e712c7ecd25589930efdefe
mn_comparison_files/guinea_bissau/guinea_bissau_segments_mnlabels_k5_maj30.csv,310819,0.296,8bbf2a92b7107b2482f1ed725b6016c9ff877e2b4112e7357543c71759da5ceb
mn_comparison_files/guinea_bissau/guinea_bissau_segments_mnlabels_k5_maj30.gpkg,1175552,1.121,d6851ffe048dd9e36223d6b41955d37a3ddf6e94d4c39615c7b797730adc05d7
mn_comparison_files/kenya/kenya_segments_mnlabels_k3_maj10.csv,3498019,3.336,07a9c6c3d278acfb6d8e4d61a3f025675b6baf59301e47e52944c5394c8b1cbe
mn_comparison_files/kenya/kenya_segments_mnlabels_k3_maj10.gpkg,13426688,12.805,81e148ad12b3dc51a6f55be657b47e9db4398f468dd62d7f2d92cb290fa5c61d
mn_comparison_files/kenya/kenya_segments_mnlabels_k3_maj20.csv,3498019,3.336,069b294b2d70de999619b6fcc392a0f41912f5bb626b87e676109870039a671c
mn_comparison_files/kenya/kenya_segments_mnlabels_k3_maj20.gpkg,13426688,12.805,93ea93e12595df5f7e066ccf828d440d9c964b973164d2058d0de3fba27ad116
mn_comparison_files/kenya/kenya_segments_mnlabels_k3_maj30.csv,3498019,3.336,fc7659c2256dd4ddc040f9f696928d312461bc3d459ff9737db6b10a8b0e453e
mn_comparison_files/kenya/kenya_segments_mnlabels_k3_maj30.gpkg,13426688,12.805,58101e8ba1e0ae15e9d1836b95d0a94220cfe02cd4bfc3ea7a29668666ba4ca8
mn_comparison_files/kenya/kenya_segments_mnlabels_k5_maj10.csv,3449376,3.29,f3908dd33e9e968244b979c1d5293c7ce3ad8fff63c64c306155c54ac43c61b6
mn_comparison_files/kenya/kenya_segments_mnlabels_k5_maj10.gpkg,13381632,12.762,80fbdacab872962ffa0cafd276ee86e19cce9c2915fc441638ace220ebce9429
mn_comparison_files/kenya/kenya_segments_mnlabels_k5_maj20.csv,3449376,3.29,a95d9ee60459b5327faa7f8ced53349c00d5c215fb5ad643dbc13f9490e68651
mn_comparison_files/kenya/kenya_segments_mnlabels_k5_maj20.gpkg,13381632,12.762,59e563cd862b71c7c7b909d2197cdba0f91b3dcdcc9c3fb83bde9667dc4bada3
mn_comparison_files/kenya/kenya_segments_mnlabels_k5_maj30.csv,3449376,3.29,5216dc984d1875ee0c10ded1b08166c339576ea180aea3e82ee35577daf9f8b4
mn_comparison_files/kenya/kenya_segments_mnlabels_k5_maj30.gpkg,13381632,12.762,a257552d0a61e016b91c058815ec8d9603529f8eae96cb2fec005b35aa0cefe2
mn_comparison_files/lesotho/lesotho_segments_mnlabels_k3_maj10.csv,137220,0.131,1eee031007339e919d1bd6374d8c8430d1eb8c1f0488faa75b2b3c6cbe88cd86
mn_comparison_files/lesotho/lesotho_segments_mnlabels_k3_maj10.gpkg,913408,0.871,aad923f1fbca2679cf9e3872908db4fda0ed42e8cf6f050e491d9c4a80090762
mn_comparison_files/lesotho/lesotho_segments_mnlabels_k3_maj20.csv,137220,0.131,633e6ae9199442885934dc544397c60b95a233e57455cbc3184beca445770d3f
mn_comparison_files/lesotho/lesotho_segments_mnlabels_k3_maj20.gpkg,913408,0.871,7adc1b0285ffc15cd802287c72dcb38bf2598f0cdac9849a211949dd129b4c9b
mn_comparison_files/lesotho/lesotho_segments_mnlabels_k3_maj30.csv,137220,0.131,1aa686c8bc6f04d884de975fa7666b5c07f7b8faef98bbdb8410f65d79ef795b
mn_comparison_files/lesotho/lesotho_segments_mnlabels_k3_maj30.gpkg,913408,0.871,97d98e476a8bcb65dd9f90a229c1635f27e55039e4fc12e57a2ae0b8114683a8
mn_comparison_files/lesotho/lesotho_segments_mnlabels_k5_maj10.csv,135023,0.129,937abb92034c3e5038fc221831e7dba5f0955a7ad689e9e16b12ff5ca61af59d
mn_comparison_files/lesotho/lesotho_segments_mnlabels_k5_maj10.gpkg,909312,0.867,3b5dd0c57d9208ad53c26f28b5220ae8129557283d012aaca5daf4e322b1cb99
mn_comparison_files/lesotho/lesotho_segments_mnlabels_k5_maj20.csv,135023,0.129,5d7767bd3e50a75093229a5b3a1ac87d00f891165dea687a61fcde0ce9ace569
mn_comparison_files/lesotho/lesotho_segments_mnlabels_k5_maj20.gpkg,909312,0.867,f7cbbbf1727ca8ed40139d257dc50eddec0948b2294b1a323c1ac528ad5b2472
mn_comparison_files/lesotho/lesotho_segments_mnlabels_k5_maj30.csv,135023,0.129,64df46294d4a16657e54c6c3cac30f0aab2b423979471622d1c592b7bca0be19
mn_comparison_files/lesotho/lesotho_segments_mnlabels_k5_maj30.gpkg,909312,0.867,b0844ad3a7e7274d5320089d53b35c6f401e58d17700fb7e64b29320cd2ea648
mn_comparison_files/liberia/liberia_segments_mnlabels_k3_maj10.csv,526069,0.502,fbed49527e7e8afdb631fdcc10ce3317c3a10acfa2387eae4bd2ab4ba831db8c
mn_comparison_files/liberia/liberia_segments_mnlabels_k3_maj10.gpkg,3846144,3.668,1b0d32e6b79e35e6049fe1bdf8d3851ad19ebf52c1d0caf39a6fbb5cf32e7a84
mn_comparison_files/liberia/liberia_segments_mnlabels_k3_maj20.csv,526069,0.502,8bc0d3808cbff6b8b7db31c32a8e3bb8acffc452463450dbe8131c1b29a2be39
mn_comparison_files/liberia/liberia_segments_mnlabels_k3_maj20.gpkg,3846144,3.668,e73e053b938ffb63ce1f0857a2c6243e2abdef159e9ce3968ee45c30867c1336
mn_comparison_files/liberia/liberia_segments_mnlabels_k3_maj30.csv,526069,0.502,ef87116ee7ec32888f9533bd8dc5793e20a60c14b001d7370a8987b5853c2f42
mn_comparison_files/liberia/liberia_segments_mnlabels_k3_maj30.gpkg,3846144,3.668,7b7dae2e9d57263794a738dbb5b918d6af3fbeea79de321dffda146d427e421e
mn_comparison_files/liberia/liberia_segments_mnlabels_k5_maj10.csv,519832,0.496,ed08440375ea768ae5403eac286d06b21c9a82e1a598f5e16d283e5643aab7a2
mn_comparison_files/liberia/liberia_segments_mnlabels_k5_maj10.gpkg,3837952,3.66,2017a2c9447c73dbbeb1bb73806e09703c18de9ca852ecd113c4ae2f3ecd5df3
mn_comparison_files/liberia/liberia_segments_mnlabels_k5_maj20.csv,519832,0.496,2e979268172a50a0673289143f32512bbc8efb046139d636d0d60c16aac4c4e3
mn_comparison_files/liberia/liberia_segments_mnlabels_k5_maj20.gpkg,3837952,3.66,2061a0b07ecc21c11f55bc821f85ab010f73b860fb15723ee78441096da028fe
mn_comparison_files/liberia/liberia_segments_mnlabels_k5_maj30.csv,519832,0.496,7b2b7d62ce70fa6cc523a10d1d096d4bcc32d135bb53f1f5ce72dc1cd5c711f5
mn_comparison_files/liberia/liberia_segments_mnlabels_k5_maj30.gpkg,3837952,3.66,0028dc80839b615480803e8920a93c55b1d1e114c2abaef51c0ae852e5cbcd25
mn_comparison_files/madagascar/madagascar_segments_mnlabels_k3_maj10.csv,514030,0.49,2406d1855deee327cf0587a374b4cd443862b3ae71138027f4cf96b12c15e2c2
mn_comparison_files/madagascar/madagascar_segments_mnlabels_k3_maj10.gpkg,2682880,2.559,5dc122aa7b481ade440918af8e72b14c55cd5e2f729bf54f588c242f2a2f4ca2
mn_comparison_files/madagascar/madagascar_segments_mnlabels_k3_maj20.csv,514030,0.49,52fe1c3a02cbdff0b32d78e569b38ab53ade34328d69492764514c9c837f2f8b
mn_comparison_files/madagascar/madagascar_segments_mnlabels_k3_maj20.gpkg,2682880,2.559,12be49475b54d67a53a9a927d2341ee966a0eab9cbe1c76c218119fb7cbede8a
mn_comparison_files/madagascar/madagascar_segments_mnlabels_k3_maj30.csv,514030,0.49,791d35d52ea644dfdeeaf2f6d014f0dd01beb406fda4ba293faa99a99c757166
mn_comparison_files/madagascar/madagascar_segments_mnlabels_k3_maj30.gpkg,2682880,2.559,adcbe674b5a7eea56a0ddef7384272231210d51482301453b377e844f97555c1
mn_comparison_files/madagascar/madagascar_segments_mnlabels_k5_maj10.csv,510054,0.486,e55199f9328f05a26a88b96fdf4ce74fb5c0454e752c1e8f49091e0406bfba31
mn_comparison_files/madagascar/madagascar_segments_mnlabels_k5_maj10.gpkg,2670592,2.547,3f04912265c554738a0826e7f373e3a07e107fac2ef32ecff2868b70b7a11807
mn_comparison_files/madagascar/madagascar_segments_mnlabels_k5_maj20.csv,510054,0.486,c0361dfe87416006694d9ef15726c5ee69414ddb3bbd6ead430000b5e7cd5554
mn_comparison_files/madagascar/madagascar_segments_mnlabels_k5_maj20.gpkg,2670592,2.547,a605b76482d15f7350562e17a0c215ae4507bc8e87d8b3dd72fbf14e4e4d0230
mn_comparison_files/madagascar/madagascar_segments_mnlabels_k5_maj30.csv,510054,0.486,4d803ba52b5d377c9a09101ea872287cc57bdfb71607896d8a83e00c562212a1
mn_comparison_files/madagascar/madagascar_segments_mnlabels_k5_maj30.gpkg,2670592,2.547,1fbbc2c5371f4d579f653f9b1537e9075a88fc5ee8a963154edc5c601f561324
mn_comparison_files/malawi/malawi_segments_mnlabels_k3_maj10.csv,1003829,0.957,34ea2710741ed67dc1902782fda97bbc73f9d61260f53021a57bb02eb2f82d26
mn_comparison_files/malawi/malawi_segments_mnlabels_k3_maj10.gpkg,5488640,5.234,c1926d2a26580b9710fd025c66621fac1d387c2760b9de51d9850c857324b0b8
mn_comparison_files/malawi/malawi_segments_mnlabels_k3_maj20.csv,1003829,0.957,1f1163cabe346bdd94756c71c9f3cf72c761cd78d09bd85790ebb7e7b1686c42
mn_comparison_files/malawi/malawi_segments_mnlabels_k3_maj20.gpkg,5488640,5.234,bc01f4caca02862c64d52a3cb89d54c3dc7985beccd5a9301f96b7d4011987bc
mn_comparison_files/malawi/malawi_segments_mnlabels_k3_maj30.csv,1003829,0.957,ee6fe9930f12c5f9e2a6cd1124b88779ba98fee4ab1892cc17e1544bc7f121f7
mn_comparison_files/malawi/malawi_segments_mnlabels_k3_maj30.gpkg,5488640,5.234,824b42c28bc3a02ca71ebf10aa0a57525cf1c79d812ecc2ba7079f740cbb7b23
mn_comparison_files/malawi/malawi_segments_mnlabels_k5_maj10.csv,987140,0.941,5da7293fb8a3cc2e55f3377c51447b42c78220de2ea9169d0c5fdc19d4b2415a
mn_comparison_files/malawi/malawi_segments_mnlabels_k5_maj10.gpkg,5476352,5.223,bf8b8b406f8b2f64fa75b068397c46787c3ca8fb376e9bd1d904761246fb0171
mn_comparison_files/malawi/malawi_segments_mnlabels_k5_maj20.csv,987140,0.941,5cf4c10fdd70fe5defafe766c1c7c68de77f5f0837d7b4f8bc4c4baf12eccfd4
mn_comparison_files/malawi/malawi_segments_mnlabels_k5_maj20.gpkg,5476352,5.223,671f06d3c34f542044eda39994a472cd228d307582c7861b938f759d81b62794
mn_comparison_files/malawi/malawi_segments_mnlabels_k5_maj30.csv,987140,0.941,1f61fb33a3b5d5e9a6c341515bf3876b34ea178070c4f87c339c0f378561ccb4
mn_comparison_files/malawi/malawi_segments_mnlabels_k5_maj30.gpkg,5476352,5.223,fd16d7f798ffb5367f058840a03e3d6f4518c6f381bf7d51b1f3ba001e3b39d8
mn_comparison_files/mali/mali_segments_mnlabels_k3_maj10.csv,3220698,3.071,dbbc97004b7dc2d0557330c1490c19eab0c432f843e0e7bd90b1ba1b7a21f457
mn_comparison_files/mali/mali_segments_mnlabels_k3_maj10.gpkg,9129984,8.707,28e9c7e49e59f88d581a794fb3cee3820a1cf92ddc5a5261fb5c3aadf491aa4d
mn_comparison_files/mali/mali_segments_mnlabels_k3_maj20.csv,3220698,3.071,093855d48ba84590729944d0b2ba946e5cfd563229c2a5c82a36c42564d0c92d
mn_comparison_files/mali/mali_segments_mnlabels_k3_maj20.gpkg,9129984,8.707,31121c035b9959fea4a52465991ddaf939b7ddb04f1ad4e94957d85f2d1931ef
mn_comparison_files/mali/mali_segments_mnlabels_k3_maj30.csv,3220698,3.071,34c6cd1b32d44376b8baf6a4aec948ffdc99a034660c8594878b98501b8b6bca
mn_comparison_files/mali/mali_segments_mnlabels_k3_maj30.gpkg,9129984,8.707,fdcccf220c4730f5ec11b5762a97a3d4441594d3195053aa0b62c431da4889f4
mn_comparison_files/mali/mali_segments_mnlabels_k5_maj10.csv,3188239,3.041,94ded07d4f765501e0d6cca0bc900446e5fa6ea8e0d72f0783d4a5edd80d144e
mn_comparison_files/mali/mali_segments_mnlabels_k5_maj10.gpkg,9093120,8.672,0f489ad972079f18ad80cf0d3942ce509f0e94476eeade586313495b582a0632
mn_comparison_files/mali/mali_segments_mnlabels_k5_maj20.csv,3188239,3.041,5075e0d20ec200275e619a50535a94e2620b6e5405590bd25ace2229adbf792b
mn_comparison_files/mali/mali_segments_mnlabels_k5_maj20.gpkg,9093120,8.672,2bd6b88ef8482a35ee505fdcbf17a0b6086b300ea76161b9dde2e863afdca7df
mn_comparison_files/mali/mali_segments_mnlabels_k5_maj30.csv,3188239,3.041,c2b391da1cf6af33721b759a7fa65765f2f9df8a761b80b2a0befe65843ee8c1
mn_comparison_files/mali/mali_segments_mnlabels_k5_maj30.gpkg,9093120,8.672,0b2177c3f6f1941278a41096d953872b110137e54be61dc442063e3b987bc379
mn_comparison_files/mauritania/mauritania_segments_mnlabels_k3_maj10.csv,1045567,0.997,1eaa3e49f1530258176fd156bc0222287e255eb7f9ff9227acfcda965fefae5f
mn_comparison_files/mauritania/mauritania_segments_mnlabels_k3_maj10.gpkg,2785280,2.656,f4615ccf319e763be16ebc72f261c4712e1c052e5ffb9eaf9d8d1ab011cfb222
mn_comparison_files/mauritania/mauritania_segments_mnlabels_k3_maj20.csv,1045567,0.997,8b82819d0e641b9718643039b20aa242a5aeae8e86883869061dcfb84649eed9
mn_comparison_files/mauritania/mauritania_segments_mnlabels_k3_maj20.gpkg,2785280,2.656,f17fd786c04bcbf032bbb02f14437042e93448534ac32e828f1a04daa6ffd8ce
mn_comparison_files/mauritania/mauritania_segments_mnlabels_k3_maj30.csv,1045567,0.997,9c7a48c8284284e8346937a7a7dedd3cc9a268536be5f4333d55b4f910c35f26
mn_comparison_files/mauritania/mauritania_segments_mnlabels_k3_maj30.gpkg,2785280,2.656,2d971096e3f098fb2a7717f2a664eccbb76ee3da28c05060b1ead3aa45520b0b
mn_comparison_files/mauritania/mauritania_segments_mnlabels_k5_maj10.csv,1040172,0.992,55ed8b3b94d5aac6f79f9921980302258c4478825c4d92c7a446dce67a110ee8
mn_comparison_files/mauritania/mauritania_segments_mnlabels_k5_maj10.gpkg,2781184,2.652,a784f6b9772e5d80fef10a5f06959e8fb18ff4578c9497b7cc3ca6316f8f9379
mn_comparison_files/mauritania/mauritania_segments_mnlabels_k5_maj20.csv,1040172,0.992,526a64f6ac9b1e0792ea71d53ed2da57c930073ab7453977d41aee4fe2e7a21f
mn_comparison_files/mauritania/mauritania_segments_mnlabels_k5_maj20.gpkg,2781184,2.652,63ff9ffd1bac7d8399f9652a6f605ef6aa4a75f76608de7e4475aef55c27569f
mn_comparison_files/mauritania/mauritania_segments_mnlabels_k5_maj30.csv,1040172,0.992,fbd86c7d2b0db9321ba84203647a9b7a43967ca4765945252585524937bef560
mn_comparison_files/mauritania/mauritania_segments_mnlabels_k5_maj30.gpkg,2781184,2.652,81df21e058cf4985d0f866364946807fa2685a50948e208754dcdb5abd9f01ca
mn_comparison_files/mauritius/mauritius_segments_mnlabels_k3_maj10.csv,269607,0.257,64a9e55fa660aec19cfe04c0cf34579f9761477558c98424b158ef973b284f0c
mn_comparison_files/mauritius/mauritius_segments_mnlabels_k3_maj10.gpkg,1081344,1.031,264faa391d2e102f994fe177ba6d919a4a755df59e8e23062ed7bc2c077ceb0f
mn_comparison_files/mauritius/mauritius_segments_mnlabels_k3_maj20.csv,269607,0.257,1086d85164810e1ced57dfef0354f20b9b5d06b067157f75a549a14d9c3c393e
mn_comparison_files/mauritius/mauritius_segments_mnlabels_k3_maj20.gpkg,1081344,1.031,d2d6da4e56f070be08c28203cf840b14146738bbebc3b7eec82eb26e4ba0b0f8
mn_comparison_files/mauritius/mauritius_segments_mnlabels_k3_maj30.csv,269607,0.257,234752a1825f1be9f67c263fc12b1bcabc4f5d7583cc26ffa5bca12857498494
mn_comparison_files/mauritius/mauritius_segments_mnlabels_k3_maj30.gpkg,1081344,1.031,2f22484fadc2c1984e89f8fb4b9051a4897b642108a58d0918b95ab150fe74a2
mn_comparison_files/mauritius/mauritius_segments_mnlabels_k5_maj10.csv,263861,0.252,baf292bcb2f1932d741ac82a7cc58cf17d31c5666ac4916bd30dfedd1ea1fa72
mn_comparison_files/mauritius/mauritius_segments_mnlabels_k5_maj10.gpkg,1077248,1.027,b7498b5a162d084023c5bb60db4feaa95cd1662d5ad6ebdaf513b0671e81a6ca
mn_comparison_files/mauritius/mauritius_segments_mnlabels_k5_maj20.csv,263861,0.252,a31d2007de383a8c01db6a5c6628f03cf026fbbb4ae5ba0628e0bf23a40f84ce
mn_comparison_files/mauritius/mauritius_segments_mnlabels_k5_maj20.gpkg,1077248,1.027,2d9baf315492fa683b436d207fa403947e53a17e106ab028f1ca6b07f1de6430
mn_comparison_files/mauritius/mauritius_segments_mnlabels_k5_maj30.csv,263861,0.252,f2e310830fa2fb902bdfa4e038f802e981e5ef44caf6166d99a57e7f011485e9
mn_comparison_files/mauritius/mauritius_segments_mnlabels_k5_maj30.gpkg,1077248,1.027,3edd026bbad43e9e0e7d9287828ac1eeeba02c4a6ae07faf62541240b7e6d0e8
mn_comparison_files/mozambique/mozambique_segments_mnlabels_k3_maj10.csv,3487135,3.326,51eaf44bedc2f6dd6385a18d7520825cf1cee9e4133f65605237ec0c3ccd0c96
mn_comparison_files/mozambique/mozambique_segments_mnlabels_k3_maj10.gpkg,12255232,11.688,8016314e25e42cfbeef27ad1d630cf248e86a5917d24fbd3290bd3756ecd3e40
mn_comparison_files/mozambique/mozambique_segments_mnlabels_k3_maj20.csv,3487135,3.326,e2acd8024cf2955ffb35190d45d01805e354d27cd8ea1dd1979be1abc785df1e
mn_comparison_files/mozambique/mozambique_segments_mnlabels_k3_maj20.gpkg,12255232,11.688,ed24e0f8ae2cf9c1b87f290b117bcd6b0579edf3ce5c3f62d8232cc3e546eb46
mn_comparison_files/mozambique/mozambique_segments_mnlabels_k3_maj30.csv,3487135,3.326,91280c034ade2dfd0a4a19b0a90210df78019dc46fa9e3cf300a5984a9295d1a
mn_comparison_files/mozambique/mozambique_segments_mnlabels_k3_maj30.gpkg,12255232,11.688,341d246afae0bf15594713e1734ba68d410c56435acf38f49b48d08924a1aabb
mn_comparison_files/mozambique/mozambique_segments_mnlabels_k5_maj10.csv,3447597,3.288,49f7831a1676d2267dce3bdb31407babea6870219c2ce09a2a1ec6ae0221c030
mn_comparison_files/mozambique/mozambique_segments_mnlabels_k5_maj10.gpkg,12206080,11.641,60ecac5f252d59e5a32dfb68c89678923434503dde7aee9ad07e9bda31cf5a86
mn_comparison_files/mozambique/mozambique_segments_mnlabels_k5_maj20.csv,3447597,3.288,759c76f05304393eb28ba8c9ea4d0a0813dcd43201e5dd61e33b12cbf9a09347
mn_comparison_files/mozambique/mozambique_segments_mnlabels_k5_maj20.gpkg,12206080,11.641,c1e0159892f84d8dde48a0f3389d0d0599e79db57c73d0f7c7b4224d2fdca550
mn_comparison_files/mozambique/mozambique_segments_mnlabels_k5_maj30.csv,3447597,3.288,37e3e39cfd9bbf91d809e835161b3c6990d9fae650b851360f19a2d7f08e3b11
mn_comparison_files/mozambique/mozambique_segments_mnlabels_k5_maj30.gpkg,12206080,11.641,c6162977ad9bdb9b3b5f901d308495d6cf24f02ad8b5dc8aacb7274c29c63559
mn_comparison_files/namibia/namibia_segments_mnlabels_k3_maj10.csv,202523,0.193,7c839159ca092e27e1b9de8315da34bc4ab7e545a95973dd91926ac50d69d5bd
mn_comparison_files/namibia/namibia_segments_mnlabels_k3_maj10.gpkg,1032192,0.984,6cde3026a156836c6c2937ea9490b7664c74c51b6201d1e525de7815a7745b44
mn_comparison_files/namibia/namibia_segments_mnlabels_k3_maj20.csv,202523,0.193,b3273fd1d8fd4513978734dee937a3d042aafe0151938d07078c5313eab57d1f
mn_comparison_files/namibia/namibia_segments_mnlabels_k3_maj20.gpkg,1032192,0.984,1256cb0b8619ffc4faf600ec1ab96b6d45dfaa0903c09f16fd6439aa7673945e
mn_comparison_files/namibia/namibia_segments_mnlabels_k3_maj30.csv,202523,0.193,282e7e70b76ed790c4911ae00fb6b1382daa7f323355c8ffc0668ae5eac4145e
mn_comparison_files/namibia/namibia_segments_mnlabels_k3_maj30.gpkg,1032192,0.984,d3085c339bc4e2a69ed42d4b8a9620e666e8c45e17fcbb8c5308517893c41607
mn_comparison_files/namibia/namibia_segments_mnlabels_k5_maj10.csv,198879,0.19,78265af272288d3ee2ae039bb1152da20040bc330df32c79d7e05ce55f4de222
mn_comparison_files/namibia/namibia_segments_mnlabels_k5_maj10.gpkg,1028096,0.98,a586230b03de7354b707a624f36368f7911d6cb8c39e790d77e8ec72f94a241b
mn_comparison_files/namibia/namibia_segments_mnlabels_k5_maj20.csv,198879,0.19,9bf49514d76edf39ad369160943feccd49380fd5fd83f394a8e7146754aaef81
mn_comparison_files/namibia/namibia_segments_mnlabels_k5_maj20.gpkg,1028096,0.98,f2de22155cef756d3b2477064c7acc0c99b19ac275ce6ef431a995f6da5cc1f0
mn_comparison_files/namibia/namibia_segments_mnlabels_k5_maj30.csv,198879,0.19,53be67eb572af40f57b0bf1ec4df1861123e3876356ca181305994f45b540421
mn_comparison_files/namibia/namibia_segments_mnlabels_k5_maj30.gpkg,1028096,0.98,3a934051361e7fc132704ae0a7ab197554513a7fbfbe861c2a0874a5d9233c04
mn_comparison_files/niger/niger_segments_mnlabels_k3_maj10.csv,2667246,2.544,0c4a3add453c542abb51fc6e8fdad8bd36af8dc836b1050cdb203740b6479858
mn_comparison_files/niger/niger_segments_mnlabels_k3_maj10.gpkg,6135808,5.852,22f83e4c43d40333ac620a79e8967effba37739dd9f0c11e2a19d92dfd7ced05
mn_comparison_files/niger/niger_segments_mnlabels_k3_maj20.csv,2667246,2.544,16fb78f2fad7fb9716e2a03f59181292525049731ce4aab184c684f84cc701c6
mn_comparison_files/niger/niger_segments_mnlabels_k3_maj20.gpkg,6135808,5.852,bbee9b6fe4ee6d6b3891c88a109d6f82c67e034f37f40e2bd5b4228e9e5e9b91
mn_comparison_files/niger/niger_segments_mnlabels_k3_maj30.csv,2667246,2.544,7c65ec84c13cb0637354f36fadeaeae1dcfc845ab6aa02af1c842149de627505
mn_comparison_files/niger/niger_segments_mnlabels_k3_maj30.gpkg,6135808,5.852,ac5710a7249f5f4d7c645a43b1cc7412b7f2b46878b3f4db567d817f3f58d8b2
mn_comparison_files/niger/niger_segments_mnlabels_k5_maj10.csv,2643022,2.521,f0735d7c6940d02beef6ca469255ea289ee0a37a3d43e96c2ec7a5c04a3f484c
mn_comparison_files/niger/niger_segments_mnlabels_k5_maj10.gpkg,6131712,5.848,e05c1d9bb915d3613fd6c007ad52b944b581dc1c8530d9f9d3239501039d1a14
mn_comparison_files/niger/niger_segments_mnlabels_k5_maj20.csv,2643022,2.521,f6ca1428b1ef385690affb1c6bb71588121f2011a308482835ca5bad4dfc0120
mn_comparison_files/niger/niger_segments_mnlabels_k5_maj20.gpkg,6131712,5.848,534448e7b28201d1e3259f81972fc52b43b88918675487a2b68c70dba972ba84
mn_comparison_files/niger/niger_segments_mnlabels_k5_maj30.csv,2643022,2.521,4feb69bbc4c15f0bb1f0bf2953ac690ef685b16e7331c6d3602c9c35b99a31cb
mn_comparison_files/niger/niger_segments_mnlabels_k5_maj30.gpkg,6131712,5.848,e38047e94611ed831effd484b5e5cf7467684c94e2b9b8b28ad4e0e13ecbb9db
mn_comparison_files/nigeria/nigeria_segments_mnlabels_k3_maj10.csv,37235717,35.511,e003f7d460a889c9250299d9039464bf1f87396912f2e3e969fa160202ec4311
mn_comparison_files/nigeria/nigeria_segments_mnlabels_k3_maj10.gpkg,138956800,132.52,6850202e200205f0754a474a493f0e66a4059bbd613c00e209cfeade490f707c
mn_comparison_files/nigeria/nigeria_segments_mnlabels_k3_maj20.csv,37235717,35.511,a840e572e6df1b0cb08a00b1b72196bba631d6757dd16128bf7d87d6c989d58f
mn_comparison_files/nigeria/nigeria_segments_mnlabels_k3_maj20.gpkg,138956800,132.52,ab50e67f42d90694cb8cbad97d8e6c1500221b281699b15e47548be510f9b800
mn_comparison_files/nigeria/nigeria_segments_mnlabels_k3_maj30.csv,37235717,35.511,cb4633f4d16aed1b04b696ef27b6334ce3055c6fc4b05849882f8376ad09423b
mn_comparison_files/nigeria/nigeria_segments_mnlabels_k3_maj30.gpkg,138956800,132.52,89015a990a1b87f038de937bf51f87901bd8fabd592a4f0d21f3b0d9f4dcf015
mn_comparison_files/nigeria/nigeria_segments_mnlabels_k5_maj10.csv,36716896,35.016,1a7d0765f3f761dc9239818f8e18cba0981e476f9c6abcf60ef385ca320a5acf
mn_comparison_files/nigeria/nigeria_segments_mnlabels_k5_maj10.gpkg,138432512,132.02,b3cb62c450931eab6de5be8aa6bb4919685f198b9e624e04baf5d74847c2752a
mn_comparison_files/nigeria/nigeria_segments_mnlabels_k5_maj20.csv,36716896,35.016,276a1c7bece2aa1e6385e23236f7728377500d585d2dcd0d04cc1ab5a2f90cd4
mn_comparison_files/nigeria/nigeria_segments_mnlabels_k5_maj20.gpkg,138432512,132.02,587e842ca9fa15c9cd451f11cae811418821e75b9f3a13cb02c4a8577c846634
mn_comparison_files/nigeria/nigeria_segments_mnlabels_k5_maj30.csv,36716896,35.016,3a9100f16ee7dcdc6eb0b9bc49ef2b4044b9fe1ab9bb6a2fe3673dd68822ab3f
mn_comparison_files/nigeria/nigeria_segments_mnlabels_k5_maj30.gpkg,138432512,132.02,747aea7dfef1d609d03470397d64218f1ed92ca941a3646c0352971547f61505
mn_comparison_files/republic_of_congo/republic_of_congo_segments_mnlabels_k3_maj10.csv,2257035,2.152,7ca77cfa659f0232f833b95b6d80de3651d9dd05f26b9f50e942c6bc7ef03b62
mn_comparison_files/republic_of_congo/republic_of_congo_segments_mnlabels_k3_maj10.gpkg,5304320,5.059,1b19bb1b5ca7e8301eaeec2884dd55a8b41e4a56de6b7ebcf9614548f7b0b1e9
mn_comparison_files/republic_of_congo/republic_of_congo_segments_mnlabels_k3_maj20.csv,2257035,2.152,d5fb79dda3d746f52c26a6ce7ccae4d0d43087cea835a1ce53d55e02b7a81122
mn_comparison_files/republic_of_congo/republic_of_congo_segments_mnlabels_k3_maj20.gpkg,5304320,5.059,a1904ef3ce4997189b9cafec3ae5d2d8c480319f6ccebb249594a5ee23d80eb3
mn_comparison_files/republic_of_congo/republic_of_congo_segments_mnlabels_k3_maj30.csv,2257035,2.152,4b5e167b59bbb36dd3ecdee265b462f7af64df9921c5e704918336294c912c5e
mn_comparison_files/republic_of_congo/republic_of_congo_segments_mnlabels_k3_maj30.gpkg,5304320,5.059,bcb05032bfbb2df9e103aa16bc54328b666682658a00b646d9cea1002bd09de7
mn_comparison_files/republic_of_congo/republic_of_congo_segments_mnlabels_k5_maj10.csv,2250609,2.146,d2a9373edb146f16e0a4c6f1de10a8f4db8540c9af3c2abb0f0b8b0f5e6a9b40
mn_comparison_files/republic_of_congo/republic_of_congo_segments_mnlabels_k5_maj10.gpkg,5304320,5.059,484f31d1f9b0951f2433db0d20d14d3e1f23bc27a6edbb61f7efc00ee21367d3
mn_comparison_files/republic_of_congo/republic_of_congo_segments_mnlabels_k5_maj20.csv,2250609,2.146,b18f19bd95e1ada64012292caad6fa814cf170ddcd05e60774e523ea393df7c9
mn_comparison_files/republic_of_congo/republic_of_congo_segments_mnlabels_k5_maj20.gpkg,5304320,5.059,2d37382c2fc2f8770d1989f6911dd0b021e1e9c75c9f8d67345fa3b9299e8494
mn_comparison_files/republic_of_congo/republic_of_congo_segments_mnlabels_k5_maj30.csv,2250609,2.146,6b5d65593705ad86fb1357c23c4fa54240d39cf1d6d147751d5dc4ad748c0062
mn_comparison_files/republic_of_congo/republic_of_congo_segments_mnlabels_k5_maj30.gpkg,5304320,5.059,4882e7cfc43fc28b2e1b242c70b7f2ccd3e493b881259cdd41fee0a52ca2b61c
mn_comparison_files/rwanda/rwanda_segments_mnlabels_k3_maj10.csv,729198,0.695,0a227ff7f2f62137cff26d86d41d3b1f26cc84ca016f4a6c24fd294ca221e5d8
mn_comparison_files/rwanda/rwanda_segments_mnlabels_k3_maj10.gpkg,3801088,3.625,24c9aeb9280094c1a75806a0c2be48f008596d6067ce12d9ca11fe148e07efd2
mn_comparison_files/rwanda/rwanda_segments_mnlabels_k3_maj20.csv,729198,0.695,40783c4af8e7f4e46082bb78fdac8f1feb7c7a3342257fb18f8bd090960ae1b3
mn_comparison_files/rwanda/rwanda_segments_mnlabels_k3_maj20.gpkg,3801088,3.625,6f081c6fdff10ecdb203a38481bb9453fe5d87a652ebc4ce2ee5dea8c5739cf3
mn_comparison_files/rwanda/rwanda_segments_mnlabels_k3_maj30.csv,729198,0.695,44288b15507ad03535cb2afa6845006a5f169f341885db911a06458c33da548a
mn_comparison_files/rwanda/rwanda_segments_mnlabels_k3_maj30.gpkg,3801088,3.625,a5e4d6818d3410ad8aa3944995e8541ae05853ace7f8f998676fd86fee512012
mn_comparison_files/rwanda/rwanda_segments_mnlabels_k5_maj10.csv,719379,0.686,3501221a6e3b35a8ee55b58f6de6a67134037c2690edcc6f9a8795cbce707449
mn_comparison_files/rwanda/rwanda_segments_mnlabels_k5_maj10.gpkg,3796992,3.621,838c53e7e2ece178a52488638f48175fd01e36eb1509f040acf2522a4a92ffa7
mn_comparison_files/rwanda/rwanda_segments_mnlabels_k5_maj20.csv,719379,0.686,e5c198b4a4402deb4768b08685dbcdcdf96055a9da8f01564a5f4dd08ad05053
mn_comparison_files/rwanda/rwanda_segments_mnlabels_k5_maj20.gpkg,3796992,3.621,baa1dabbaeb63648226515a14f56a4a97aa03ab5441dd613673ad9478c1e1e12
mn_comparison_files/rwanda/rwanda_segments_mnlabels_k5_maj30.csv,719379,0.686,bfc351f920a12c877279d9d32773a0cec0b26bf5ea69738ea90fd6444583ddcb
mn_comparison_files/rwanda/rwanda_segments_mnlabels_k5_maj30.gpkg,3796992,3.621,4192fb4a3bd3ba5911030cec82388fa7d02be433c54c9dd773e9a7e0ef63c86d
mn_comparison_files/senegal/senegal_segments_mnlabels_k3_maj10.csv,4819624,4.596,a2793b41464338d14a8203668d8b6be2d0415c20320750cb1c037a09c3265d6e
mn_comparison_files/senegal/senegal_segments_mnlabels_k3_maj10.gpkg,13180928,12.57,89399dc36e44399aa73d6d78a32e756b499487f09f35026b8fec2ce8537224d3
mn_comparison_files/senegal/senegal_segments_mnlabels_k3_maj20.csv,4819624,4.596,be2f9a8a71277f587c8880a3fbb3d7a81ecf96ceda8d14777c4caeec5b740156
mn_comparison_files/senegal/senegal_segments_mnlabels_k3_maj20.gpkg,13180928,12.57,fc49b422223b4341096f10ea92aba9d7ba8f69a0feb0ad30fc7a700afb68d681
mn_comparison_files/senegal/senegal_segments_mnlabels_k3_maj30.csv,4819624,4.596,836aa243d2a4b592ca12f204b2edea139d3a157e31a6290ac7a290bce4314f48
mn_comparison_files/senegal/senegal_segments_mnlabels_k3_maj30.gpkg,13180928,12.57,6e9ee0ea2be9a6e70a2308d50f34f10ade373881aaf1df2196a345b4d751be8b
mn_comparison_files/senegal/senegal_segments_mnlabels_k5_maj10.csv,4790274,4.568,2f817c5707198f139b41c8930168b568f7199af6339b6f72f2290af5f5ad6fab
mn_comparison_files/senegal/senegal_segments_mnlabels_k5_maj10.gpkg,13144064,12.535,33d7013e40285bb545f3eac4354b0d13d50d370392a4e40c9fb998211f67276e
mn_comparison_files/senegal/senegal_segments_mnlabels_k5_maj20.csv,4790274,4.568,80a40e3548d440255793292196533a3b96240861330d3293b6107ca9724ff3d7
mn_comparison_files/senegal/senegal_segments_mnlabels_k5_maj20.gpkg,13144064,12.535,26d292710e9f177d66121aea13a1bca5648ad0efd0501f0348a41ae4a2c633b1
mn_comparison_files/senegal/senegal_segments_mnlabels_k5_maj30.csv,4790274,4.568,5d1e05d0073140ea004ca77b1e2fe70b994618e483eb3855862be857e8d833ce
mn_comparison_files/senegal/senegal_segments_mnlabels_k5_maj30.gpkg,13144064,12.535,e47b21b97d29e7da7c56542300862ce1aca5dd36731f19400a1d9dc0bab4a012
mn_comparison_files/sierra_leone/sierra_leone_segments_mnlabels_k3_maj10.csv,767932,0.732,5384e4417c92bc9fff0d1bf63835f034f4f19f5b100a814319656c8874117fcb
mn_comparison_files/sierra_leone/sierra_leone_segments_mnlabels_k3_maj10.gpkg,3215360,3.066,b7c809ef488f80c8f65e80a9c7394fa21548b9864499e99beb28a9e827d6c522
mn_comparison_files/sierra_leone/sierra_leone_segments_mnlabels_k3_maj20.csv,767932,0.732,4bd4175eb9cdb63b5e3ffd44fc52c6fd9a450e454e8c12e5d441c467978b9aa8
mn_comparison_files/sierra_leone/sierra_leone_segments_mnlabels_k3_maj20.gpkg,3215360,3.066,27de759aab4ea146d3c11425bc1e3e3b1a6197ff361f0d4797f9a270b6e62b81
mn_comparison_files/sierra_leone/sierra_leone_segments_mnlabels_k3_maj30.csv,767932,0.732,3b05c2bf818ad725a0d7ac4fceb74458ee52c2769743a5161461fc2c80f1f7fd
mn_comparison_files/sierra_leone/sierra_leone_segments_mnlabels_k3_maj30.gpkg,3215360,3.066,02de6679d86589c78d0a4968b47d5362d329c7be223c4283e1fcab80397733b8
mn_comparison_files/sierra_leone/sierra_leone_segments_mnlabels_k5_maj10.csv,758071,0.723,e51bab550c73266927544b8085b81c0137a1094567d58c1fc0292c17f47f68c5
mn_comparison_files/sierra_leone/sierra_leone_segments_mnlabels_k5_maj10.gpkg,3190784,3.043,13ee5a153545767ddb14f8f6f57eac2315655a127c32f186fef8ad7b16e1818f
mn_comparison_files/sierra_leone/sierra_leone_segments_mnlabels_k5_maj20.csv,758071,0.723,6ace2ffd638e18e5381e34b95318f5c9dbb14ea1d0f1c205bdc2c68bf0adfc55
mn_comparison_files/sierra_leone/sierra_leone_segments_mnlabels_k5_maj20.gpkg,3190784,3.043,73f63b649878248da4989cda85da5a03e07376e6ff5dd7e3b807fda0ebb2e02f
mn_comparison_files/sierra_leone/sierra_leone_segments_mnlabels_k5_maj30.csv,758071,0.723,0c3a133e8168b7327cf037dd27b13f3d85ca7058db190bb5a6c051aa8e3ef30a
mn_comparison_files/sierra_leone/sierra_leone_segments_mnlabels_k5_maj30.gpkg,3190784,3.043,bf1c1d5061e50f2e203742b2857f0e664d946fabbbc53781166cb4cd1b59c40b
mn_comparison_files/somalia/somalia_segments_mnlabels_k3_maj10.csv,4240316,4.044,779bccde2344b584cf38b1c6e1717eb98dc5696a7c3579c38b56d74781a4f047
mn_comparison_files/somalia/somalia_segments_mnlabels_k3_maj10.gpkg,9793536,9.34,c1b39fb20fd14554c0ed1bbb1eefc05a1a26ab27b572d12085a0763b0f7ba9d7
mn_comparison_files/somalia/somalia_segments_mnlabels_k3_maj20.csv,4240316,4.044,6b3c79a30faec5a77c8ee531270a4dd2105071b67f4e217a499cc21af232bcf9
mn_comparison_files/somalia/somalia_segments_mnlabels_k3_maj20.gpkg,9793536,9.34,c4966b13166d7dfe201db58213819a894b7810ee7748e9c44a4445c0c910ee36
mn_comparison_files/somalia/somalia_segments_mnlabels_k3_maj30.csv,4240316,4.044,2061c76aed557f84430aedb5c6a3ac0ba0c107665a107b287d2d06a5a16f98f8
mn_comparison_files/somalia/somalia_segments_mnlabels_k3_maj30.gpkg,9793536,9.34,7b8b6b77dd8c47f81479e207add9f071313cf2ffc30d6e75fb49412b59f436b8
mn_comparison_files/somalia/somalia_segments_mnlabels_k5_maj10.csv,4218483,4.023,810b5d831e0b3eba6e710e859881ad7152a2f77d42b1e4f099e9cba84c9b239f
mn_comparison_files/somalia/somalia_segments_mnlabels_k5_maj10.gpkg,9777152,9.324,e4f38ff7d56c736aaad76d01de0fa1f55367a7c44ea053803bf23a84607af067
mn_comparison_files/somalia/somalia_segments_mnlabels_k5_maj20.csv,4218483,4.023,02dd564683a223a3e1a818b8f2d6fd7db45a4771cd0dee1e3b603f452a764032
mn_comparison_files/somalia/somalia_segments_mnlabels_k5_maj20.gpkg,9777152,9.324,da2d4e53b7971172ed2777f3172bb45d3da6df54652e079977b4907931ed6ad1
mn_comparison_files/somalia/somalia_segments_mnlabels_k5_maj30.csv,4218483,4.023,525a5b1be0ead97d1391016946097de4500b441f29a64f1a188cd2048e327800
mn_comparison_files/somalia/somalia_segments_mnlabels_k5_maj30.gpkg,9777152,9.324,a176a07e99fd402d2368d225549b93ee9a27b5f5b3916aabf2e844e7e039b0d2
mn_comparison_files/south_africa/south_africa_segments_mnlabels_k3_maj10.csv,16521060,15.756,0a8c43d424d0cef3c6dec7341d81b693f91fd525b20fc71e99f7c2fe6d756ca9
mn_comparison_files/south_africa/south_africa_segments_mnlabels_k3_maj10.gpkg,67354624,64.234,a3d1ab84349b6ce63001954ad139526bff417a0c7c75e5b7bbed3b4e0b72ce23
mn_comparison_files/south_africa/south_africa_segments_mnlabels_k3_maj20.csv,16521060,15.756,0240cb1e06c205569a400ccb35a9e69dd08040c51d4dfc2413dd38845b9a2417
mn_comparison_files/south_africa/south_africa_segments_mnlabels_k3_maj20.gpkg,67354624,64.234,7dc99c8dd9c472171fef2e6b940a256868a93ef0c9f2b5f4864fbaa137c277a8
mn_comparison_files/south_africa/south_africa_segments_mnlabels_k3_maj30.csv,16521060,15.756,c5f4d010329ac8f9d768545f706f8bd3af21e58464ecc8c76eb64544318424e2
mn_comparison_files/south_africa/south_africa_segments_mnlabels_k3_maj30.gpkg,67354624,64.234,69e79053a5f958db64f2c23fca6e1ed437ece75f01116ec67ac8b7ddd8749eff
mn_comparison_files/south_africa/south_africa_segments_mnlabels_k5_maj10.csv,16302701,15.547,7061693d2f5c91aa8c616c60ba493e7b58f52ca14565b9f8f59a0c8639baee4f
mn_comparison_files/south_africa/south_africa_segments_mnlabels_k5_maj10.gpkg,67203072,64.09,9f593eb3882f800a8bdcb3bebf72ac4aec01d9457d965ed78d7fb58f19e963b2
mn_comparison_files/south_africa/south_africa_segments_mnlabels_k5_maj20.csv,16302701,15.547,168854a94b949aa9776d68c8a89f92c8dac58c48cc6d9dc1aac156f526f231f3
mn_comparison_files/south_africa/south_africa_segments_mnlabels_k5_maj20.gpkg,67203072,64.09,a468188014a65bdca8bce124113c99f1f48aeb4f135853a390a53677d0198704
mn_comparison_files/south_africa/south_africa_segments_mnlabels_k5_maj30.csv,16302701,15.547,9f6effbdbf3c9b773973950feec240151b70a0ebcb1d9fb111ec83b44cda02d2
mn_comparison_files/south_africa/south_africa_segments_mnlabels_k5_maj30.gpkg,67203072,64.09,cc994a8dd1223d371ea089bd800df288202eaefbdb72f06fc97ef06422fd3de7
mn_comparison_files/south_sudan/south_sudan_segments_mnlabels_k3_maj10.csv,475742,0.454,1b256dd435d2e871bb60418a29c0c63df92dbc5a526a4327f513e187abeb5bc7
mn_comparison_files/south_sudan/south_sudan_segments_mnlabels_k3_maj10.gpkg,2011136,1.918,5220c2684d5eeeab232706b7ab1cdc02a01d2ee6b6b5fef6f38671d5ae1fee77
mn_comparison_files/south_sudan/south_sudan_segments_mnlabels_k3_maj20.csv,475742,0.454,23192299e255cf3f017edccd2219583cdf487fc28ba694e174c0f80e02652b7d
mn_comparison_files/south_sudan/south_sudan_segments_mnlabels_k3_maj20.gpkg,2011136,1.918,8519a6f663bbd7f99974089c56e1ead73d3346843b4a0ffa2ec809d0d4016b0c
mn_comparison_files/south_sudan/south_sudan_segments_mnlabels_k3_maj30.csv,475742,0.454,bab38a63ba9094257f79158cdfbe7d2e33f0318c156d279830884d74ea9c3438
mn_comparison_files/south_sudan/south_sudan_segments_mnlabels_k3_maj30.gpkg,2011136,1.918,8e0107fc1450456471b2a00088f16d434542dc7036bf2e052eb2abe766bf997f
mn_comparison_files/south_sudan/south_sudan_segments_mnlabels_k5_maj10.csv,469366,0.448,d67d5fe64b8224a819884ffa33ea77761ed72931f40c6934f48c2397cc9b187e
mn_comparison_files/south_sudan/south_sudan_segments_mnlabels_k5_maj10.gpkg,2011136,1.918,b832e107b99fdfa61b88f16ec43c71c3f37204cccc4ece4c69a7ae7020d85f13
mn_comparison_files/south_sudan/south_sudan_segments_mnlabels_k5_maj20.csv,469366,0.448,b26f59b433a50dd5d2db45340e84fae4b31d2172ffd4b94fd38f238f43b214b3
mn_comparison_files/south_sudan/south_sudan_segments_mnlabels_k5_maj20.gpkg,2011136,1.918,bd2336dc73a13e1c5bc0d24e777a75324d2f3b9a32e6318b9a4610f15c06a0ba
mn_comparison_files/south_sudan/south_sudan_segments_mnlabels_k5_maj30.csv,469366,0.448,cba434441645883e07a7a982aca1f1ceac746d0eb43b5e55f9bd62968e5882f1
mn_comparison_files/south_sudan/south_sudan_segments_mnlabels_k5_maj30.gpkg,2011136,1.918,6583f6468a3b82f75c4729e614e8d9abfa1a6aa24de44a309a0178778a19928e
mn_comparison_files/sudan/sudan_segments_mnlabels_k3_maj10.csv,9883285,9.425,421b49fb3b0edf3e3d4af35e98c4b80d9b10f214a208f1b583302298f9bebbb8
mn_comparison_files/sudan/sudan_segments_mnlabels_k3_maj10.gpkg,27033600,25.781,6ab7d11f273baa24f8c01fe98e93f87dadc4b0018895b096dbb254d917d9b187
mn_comparison_files/sudan/sudan_segments_mnlabels_k3_maj20.csv,9883285,9.425,dd86b2b60387c6063efc4da6e5ce838e02bdb493bcc0cd896a54e869deb2aa37
mn_comparison_files/sudan/sudan_segments_mnlabels_k3_maj20.gpkg,27033600,25.781,15b56e74aaf6aa9e291a78c65cd60db544c86bb36c0c1215324475e30917bbde
mn_comparison_files/sudan/sudan_segments_mnlabels_k3_maj30.csv,9883285,9.425,6aa5ac27ed80227a793bfcb9093bb06519c8800543b4d0b175f6ac07e4ba88e2
mn_comparison_files/sudan/sudan_segments_mnlabels_k3_maj30.gpkg,27033600,25.781,4ff2be974fd7b8460ca5df576efb422d0da58c250dad958eee60f1e6022a7240
mn_comparison_files/sudan/sudan_segments_mnlabels_k5_maj10.csv,9792482,9.339,1afa7d24b49c051fa13a82182bff8207cfde62e5eb422c8bbe399087d72e1e13
mn_comparison_files/sudan/sudan_segments_mnlabels_k5_maj10.gpkg,26931200,25.684,9a7479c9db6f64f86fd34dda0eeb7125ab5e66898f7881bad510f0e4e104f5a4
mn_comparison_files/sudan/sudan_segments_mnlabels_k5_maj20.csv,9792482,9.339,c3f70e5124b7aae1b324d351f38e366cb931f990d1f4107de937836f6f0b24ec
mn_comparison_files/sudan/sudan_segments_mnlabels_k5_maj20.gpkg,26931200,25.684,d80d2652c0c23b7656a18d5c4cdd71612135a3f75a0a7e4597363873400c6ac9
mn_comparison_files/sudan/sudan_segments_mnlabels_k5_maj30.csv,9792482,9.339,62b623e3a87a87bb94cb8e541fe224e377b31c5f01fdf652878213aafeff764b
mn_comparison_files/sudan/sudan_segments_mnlabels_k5_maj30.gpkg,26931200,25.684,96d9606ec5d1c53193f773354636ad4d9d1bbf2f4968f6b42691e20a113e0ad6
mn_comparison_files/tanzania/tanzania_segments_mnlabels_k3_maj10.csv,5736194,5.47,4ad86704e8cf7d30268837fa078b6b291c4d774456f851ea4f22368379528c27
mn_comparison_files/tanzania/tanzania_segments_mnlabels_k3_maj10.gpkg,25739264,24.547,f8a415d7508fb04a63e4d2ac36963e0d40e05e6ca99147710a212015ba8517a1
mn_comparison_files/tanzania/tanzania_segments_mnlabels_k3_maj20.csv,5736194,5.47,7e1361f50ca3c89bca9c35221045ec8f2053e10f5e537110e4925736584b286d
mn_comparison_files/tanzania/tanzania_segments_mnlabels_k3_maj20.gpkg,25739264,24.547,364ca11e244cc3eec66d9fbc7d11383488e1fd32bcf0f04e74e6e766bcb22562
mn_comparison_files/tanzania/tanzania_segments_mnlabels_k3_maj30.csv,5736194,5.47,bdd6fb8006bfd4dfa6544ee85082790a4f113eb2bc89c26b9706d54e7057b77c
mn_comparison_files/tanzania/tanzania_segments_mnlabels_k3_maj30.gpkg,25739264,24.547,4b01164e973908b9edab9c8cbcc12b98737a941f61709f70a52c1b89e406b1b8
mn_comparison_files/tanzania/tanzania_segments_mnlabels_k5_maj10.csv,5646289,5.385,aa18c5df9a58210e66bbbb8b54996215ed02f9311ccfeeef00d05ca8681f5538
mn_comparison_files/tanzania/tanzania_segments_mnlabels_k5_maj10.gpkg,25677824,24.488,25cc2982e35c38658ea41d70755e5979a7431ed37b20a07ac3f3d562cc07812d
mn_comparison_files/tanzania/tanzania_segments_mnlabels_k5_maj20.csv,5646289,5.385,8ff6d46ecbacd5523acfa26becd69ae0944fa94d7920e241234f89410639a6fe
mn_comparison_files/tanzania/tanzania_segments_mnlabels_k5_maj20.gpkg,25677824,24.488,cde5d33baac3c1cee9e2c55e218fedaebb963a812c336a566b08c60e7b8f32df
mn_comparison_files/tanzania/tanzania_segments_mnlabels_k5_maj30.csv,5646289,5.385,891055b4a784db5cebec6acb3cd36f721bdc3b5554c35c66bb629473f25b6e33
mn_comparison_files/tanzania/tanzania_segments_mnlabels_k5_maj30.gpkg,25677824,24.488,e7f72addc70d0125bdd51e525dc66115562694eeb61396b5ac0693d81136491d
mn_comparison_files/togo/togo_segments_mnlabels_k3_maj10.csv,1729524,1.649,c580aad63e0dfba2b049ae63c7636ec942e1ede661e9a7126d9fe5e8ab95f993
mn_comparison_files/togo/togo_segments_mnlabels_k3_maj10.gpkg,5660672,5.398,ed78dcef1afb4211a5cb3b2ed55a6e7fd8215662da899643b9e16d2f68985c8a
mn_comparison_files/togo/togo_segments_mnlabels_k3_maj20.csv,1729524,1.649,7647b110e9c556130b6a891d2b22f47ef9ad1377fee3847d00d26b56ae2d46d6
mn_comparison_files/togo/togo_segments_mnlabels_k3_maj20.gpkg,5660672,5.398,fd696629ba4545f514ad6e71e245308d3ed72311aa392ee3269fe6738796601d
mn_comparison_files/togo/togo_segments_mnlabels_k3_maj30.csv,1729524,1.649,6360a47b2b7bff4e69bff2969c487cf9b2feb34bd9766c584180b895491fd831
mn_comparison_files/togo/togo_segments_mnlabels_k3_maj30.gpkg,5660672,5.398,0fbe10791f592aa836dec13480f3311d9d0f516026191d25f2d45583b5b70b09
mn_comparison_files/togo/togo_segments_mnlabels_k5_maj10.csv,1705841,1.627,48d866b34803a2023693368893d537a3011b5c445bfda601249951aeeb81334d
mn_comparison_files/togo/togo_segments_mnlabels_k5_maj10.gpkg,5640192,5.379,f3e0d66d2a3089f7ef98f3ef2a0de50a68c4a653d1a6f69b5185b74e48475d6a
mn_comparison_files/togo/togo_segments_mnlabels_k5_maj20.csv,1705841,1.627,8d613826f10272a306af1b648bd508c760b8079642231b0f40d863c14ee40122
mn_comparison_files/togo/togo_segments_mnlabels_k5_maj20.gpkg,5640192,5.379,720ec0a1d0e2fcf6d7b22c2b38d14a24f9f535c65f961358e81b15574517fd09
mn_comparison_files/togo/togo_segments_mnlabels_k5_maj30.csv,1705841,1.627,4200c1137c0d445afff8fe0ff480e9fd66fddd23661317385d8c6a2c0aa443d7
mn_comparison_files/togo/togo_segments_mnlabels_k5_maj30.gpkg,5640192,5.379,59780dccd13fbb380aa2329e16d1505b460766ab65c00e1b23a7a3a9a1b97f58
mn_comparison_files/uganda/uganda_segments_mnlabels_k3_maj10.csv,2780508,2.652,398e59094df58fa2a9b44bb36177a03a66e16d64d9af3760cd726f6c24e7fd79
mn_comparison_files/uganda/uganda_segments_mnlabels_k3_maj10.gpkg,12713984,12.125,0715925981e8d258720445859d073af5d1c6f7060520e8fbc4d2e1c79d0b3c14
mn_comparison_files/uganda/uganda_segments_mnlabels_k3_maj20.csv,2780508,2.652,cc934b20159dd6e5b6a2f6e524b1689d1ee9ebb243903b06fbe7835cd4395b70
mn_comparison_files/uganda/uganda_segments_mnlabels_k3_maj20.gpkg,12713984,12.125,711255729f96d314edccf652ec3af0effa7eb2029ed4423c3a31a52679ad8476
mn_comparison_files/uganda/uganda_segments_mnlabels_k3_maj30.csv,2780508,2.652,839806d19676fddc70c55753dc29b71e9703de1d16bdca6cd21fd47c0fa06997
mn_comparison_files/uganda/uganda_segments_mnlabels_k3_maj30.gpkg,12713984,12.125,bdf63ce02deb45c9ad259c08698e59319f31b221ae19dfa0ab4cd8fe4c68adda
mn_comparison_files/uganda/uganda_segments_mnlabels_k5_maj10.csv,2729693,2.603,4d583f16b7f1fb954236be3c50e1a7391a9adb963ab7583a07f7bff1c1b7f985
mn_comparison_files/uganda/uganda_segments_mnlabels_k5_maj10.gpkg,12673024,12.086,c81318ab9dc9d39cc2875a2500427236cd5c0e44d6ea0921db100eb34e160ffa
mn_comparison_files/uganda/uganda_segments_mnlabels_k5_maj20.csv,2729693,2.603,4acb4dcfc8c6d01f810fc1d8af7623ccf62360062150694fd39c14dd43f9f89b
mn_comparison_files/uganda/uganda_segments_mnlabels_k5_maj20.gpkg,12673024,12.086,f967efeba3c05a20c9265244128ce472fcff84a38764687632e92da7d5fc6a50
mn_comparison_files/uganda/uganda_segments_mnlabels_k5_maj30.csv,2729693,2.603,0cb60df308467d249913b9ac9b7a9779997d4cc578708f269298f1e468d59d51
mn_comparison_files/uganda/uganda_segments_mnlabels_k5_maj30.gpkg,12673024,12.086,af2d7f28cddf6e4db29184dc6bb59e0f5f2e91df78527552fa91cf22c4eb0b36
mn_comparison_files/zambia/zambia_segments_mnlabels_k3_maj10.csv,3637530,3.469,85a86a5dc1061730ad37bb99859c58c961be8f13092d72e02c42a85ad6db69a4
mn_comparison_files/zambia/zambia_segments_mnlabels_k3_maj10.gpkg,12943360,12.344,201d7c242342d4e0b34ed5698b90c4faa1b08ba01879dba6ddcb45fa8e662685
mn_comparison_files/zambia/zambia_segments_mnlabels_k3_maj20.csv,3637530,3.469,85ddb2e3973c8119591aa789ec3f57b147d1cb52bdb88ff4890a9534857825c9
mn_comparison_files/zambia/zambia_segments_mnlabels_k3_maj20.gpkg,12943360,12.344,f604f943982b4da475d57173439ca3d27c3113754a7e540a041a37807d2ebc30
mn_comparison_files/zambia/zambia_segments_mnlabels_k3_maj30.csv,3637530,3.469,36696ced65660ad5942b2e5e3ededd4853fc4341bb8aba6aee3935bbeb0c2262
mn_comparison_files/zambia/zambia_segments_mnlabels_k3_maj30.gpkg,12943360,12.344,0e77c3aebdb173614f6cffb47cd9dce02830e47d53a20d1f6f4d278ea9908f50
mn_comparison_files/zambia/zambia_segments_mnlabels_k5_maj10.csv,3589444,3.423,bf43a82830e5f22ddfa111b819ecc4871e42bc05a826bd7fef4667f6afe144cb
mn_comparison_files/zambia/zambia_segments_mnlabels_k5_maj10.gpkg,12886016,12.289,2b0c05f8d809e175404575cfe1d6abb180e451493f5c46f449f1a63ebfea2338
mn_comparison_files/zambia/zambia_segments_mnlabels_k5_maj20.csv,3589444,3.423,5b655e68e406717f382820e43a7b7b8ab44927fc06c404846f7f11fa90f9564a
mn_comparison_files/zambia/zambia_segments_mnlabels_k5_maj20.gpkg,12886016,12.289,11a563472f40d2f26ec5c13548ae2e0db150a0e84931e197c523520e4a6da75a
mn_comparison_files/zambia/zambia_segments_mnlabels_k5_maj30.csv,3589444,3.423,3e706d850227c2a11367f2e75ed72c51b7d550e081a09cd101cded5ff7e43966
mn_comparison_files/zambia/zambia_segments_mnlabels_k5_maj30.gpkg,12886016,12.289,312405629158f88431b9237357f527bb7d2fca330eb1e43c6b937ba6e5316858
mn_comparison_files/zimbabwe/zimbabwe_segments_mnlabels_k3_maj10.csv,1603119,1.529,8c013418ecfef6996521b2ea06a5ae4cca46ef1de39151a6577f861e1b2caad5
mn_comparison_files/zimbabwe/zimbabwe_segments_mnlabels_k3_maj10.gpkg,6197248,5.91,7f0548b82cc8f05b663d8727505d38dccca5d01bf14c5b8008175b8f16359ca6
mn_comparison_files/zimbabwe/zimbabwe_segments_mnlabels_k3_maj20.csv,1603119,1.529,4780936079750a21ad8c375e802650334948d267991ac8117026b02cf89db013
mn_comparison_files/zimbabwe/zimbabwe_segments_mnlabels_k3_maj20.gpkg,6197248,5.91,15daed6bd46ab95b3dcbaae3d416fa3a4aacd40f1cee88ded279b53ad4c95b83
mn_comparison_files/zimbabwe/zimbabwe_segments_mnlabels_k3_maj30.csv,1603119,1.529,18ae155fb097e20a3b88daf3bcaec4341747ae3379484ea00941d935c05025a3
mn_comparison_files/zimbabwe/zimbabwe_segments_mnlabels_k3_maj30.gpkg,6197248,5.91,a0c12a33c2b5f71dae41219d7e91a7929d99225c20c363bfabde3d459aa76c87
mn_comparison_files/zimbabwe/zimbabwe_segments_mnlabels_k5_maj10.csv,1577809,1.505,badc81cf574b915f43d4ca6caf1015fb45274f07b82eae43a969afffd6afb336
mn_comparison_files/zimbabwe/zimbabwe_segments_mnlabels_k5_maj10.gpkg,6189056,5.902,bc716fcfc74708711432bd1d76f9d75ac92e3008b38459459a50c42d950ae10a
mn_comparison_files/zimbabwe/zimbabwe_segments_mnlabels_k5_maj20.csv,1577809,1.505,55f1734c26bf1993e7c996f224cf7cdef883e0df04a866e8caf32845e5775626
mn_comparison_files/zimbabwe/zimbabwe_segments_mnlabels_k5_maj20.gpkg,6189056,5.902,f1adf1c81903aec790bb1cdff1e34fb808fdd78ccdcc1ef0fa2391d252615ff2
mn_comparison_files/zimbabwe/zimbabwe_segments_mnlabels_k5_maj30.csv,1577809,1.505,6dd053db5815c7a64955fb0830e0b01792ea6be9fa826efbec48b5238cbca420
mn_comparison_files/zimbabwe/zimbabwe_segments_mnlabels_k5_maj30.gpkg,6189056,5.902,7ba271b67940bc2464f6037d58ff924459950d0bab459bdd5d8730146ad228c8
models/rf_final_model_full.joblib,443173433,422.643,8ac9d62bfc0cc8dbdae03545a81368b54a4bcdc4a1c1e4a4d22b04834281f260
predictions/afghanistan_rf_preds.gpkg,12095488,11.535,e919fbbe04b3a28f80c9bea5cd9466f443170f0078f1113e2c320310823b68db
predictions/algeria_rf_preds.gpkg,29655040,28.281,e11fcea2ce8e3da052cbd45d5bfbbf437429134aeb9d35656875549659abca18
predictions/angola_rf_preds.gpkg,26357760,25.137,54d43017b4e25302ba5e99d11814388d2b185c73d655b0a126d8fdec8ba75aa0
predictions/argentina_rf_preds.gpkg,57307136,54.652,d4c71900f070044eb6b1aa4496d2bc429a5cad5c4c3db93fbb813342e88b5aaf
predictions/bangladesh_rf_preds.gpkg,73621504,70.211,522f2f32c88ffebdb949e225dad1c7bb3b1d88572747e19c58e1140a213e303e
predictions/belize_rf_preds.gpkg,241664,0.23,861a269db5229f4818a0c465c3710051753b214b7d4a1a6b4e4ff399c5cc5cb5
predictions/benin_rf_preds.gpkg,7884800,7.52,c6cdcb59181bcb89196017326f127f7544287a1dd7c5573ae4eb73f4342d27fb
predictions/bolivia_rf_preds.gpkg,12443648,11.867,247ecde336a05030e8f598334c8880985cb8519c8918fc59aebc8e16ce1cf163
predictions/botswana_rf_preds.gpkg,1609728,1.535,5052b6d97e00c2c03ea20550b133786d42c4df312c583d9e883d8bd6c093cc90
predictions/brazil_rf_preds.gpkg,243658752,232.371,cf6bf242e3c7715d1a43bb07c4a8e1748a4dadde0ee3a28f852245c4e060f432
predictions/burkina_faso_rf_preds.gpkg,9297920,8.867,3b45cc6c585b3d52031ac7a6feae2b5c110efd9f5dbf109230019c0b7df48800
predictions/burundi_rf_preds.gpkg,2224128,2.121,fd6b7e79ef816c48ce317589c93962cbb4fa7e34465eb921b4a73c2f0a821f17
predictions/cambodia_rf_preds.gpkg,5070848,4.836,91e4a0129adf85119e553b23df39d7264748844ef629b27c000976c273a745ac
predictions/cameroon_rf_preds.gpkg,20860928,19.895,8be61d9a7190469a09569ce1f527d72c6d2eff1b8d60b2bf77f4a1d2b2ccd9c0
predictions/central_african_republic_rf_preds.gpkg,1961984,1.871,a5f962f3c5031df75f8077013174e18bdb23a190e54cc9907ee65b98a516dc67
predictions/chad_rf_preds.gpkg,5373952,5.125,66dad1b7b229a048a248c8d4456e2ca6d2d6acbed3dff17f19e55c0c324442cc
predictions/colombia_rf_preds.gpkg,45760512,43.641,ccff4b6a323610f4e3996b3196f8c1d700951b8d83eee29bc9aaed5126a76c97
predictions/comoros_rf_preds.gpkg,434176,0.414,46bd8bf9bd11020dc5492e69bbde0ba716e481d8f79e2e28baf4cb2f34e9d8cf
predictions/costa_rica_rf_preds.gpkg,8933376,8.52,8cf0dc3d08a42fd11eef83f2482301f75658473e2a0f2439e1bcc381539e61cd
predictions/cote_d_ivoire_rf_preds.gpkg,14618624,13.941,0837544e9357e624cb998a15990e30ecbc722310cbf6fdef398af79ac2030979
predictions/cuba_rf_preds.gpkg,7979008,7.609,d368af7bca487eaefaf32d0d312aea0d16b083d5965dcf3e262671115838974b
predictions/democratic_republic_of_the_congo_rf_preds.gpkg,49319936,47.035,f9c9362961d6a36e2ac5fbfdf7c2298d1c4ba09ba7446247bd849f314b06f947
predictions/djibouti_rf_preds.gpkg,565248,0.539,ad3fd59c55e3a4c43ee12ec3b332c36b718d5427fdafa1112ccd60ba6c35814a
predictions/dominican_republic_rf_preds.gpkg,11931648,11.379,73ab225de09b5922dee6da1865668ccffe8a322f0100748bb2a6475d05652aa3
predictions/ecuador_rf_preds.gpkg,16187392,15.438,dce4454d84362b34212b6aa5177416d27556353040e86285f6d1535178f35e5d
predictions/egypt_rf_preds.gpkg,116781056,111.371,4e02c4e78b8b0e3a1e47cc5e8df0637c7b25fa02b9f14cb3ec758322c3819596
predictions/el_salvador_rf_preds.gpkg,5058560,4.824,4603d99e74f267dc52f445bbe5a68a04d725534ed8ae83e9cd9e4bbfb9d0d64a
predictions/equatorial_guinea_rf_preds.gpkg,1040384,0.992,35347a37c4450ac25f7941fb158181ec5e4b9bb81321eef346d412ede44ef9c9
predictions/eritrea_rf_preds.gpkg,602112,0.574,ed1df150b450e3091c59eae5274ca6fb52ee895a948c11737b4cf869389e0fb4
predictions/ethiopia_rf_preds.gpkg,20557824,19.605,6bf8969b057a56509d2922dfd45f37215eae7aad9d289b59845bfdd99f11c73c
predictions/fiji_rf_preds.gpkg,315392,0.301,3262fb84895575569ca26eba9821e9544fb4c65336b3a0a4a56c47d4d2d501c1
predictions/gabon_rf_preds.gpkg,1163264,1.109,bfdf190b6db84bd022062f5ce3a6b7b258609713782548211ccd8ef5613922b6
predictions/gambia_rf_preds.gpkg,2289664,2.184,3aa2535f80f57c0b3a78598871106baa093c3ad7334f04dd1615152534d2f260
predictions/ghana_rf_preds.gpkg,26066944,24.859,be0673c2afd5ae5dfd054141968359b17c2f1c5ac60306ece80da3e96f6e5e10
predictions/guatemala_rf_preds.gpkg,8368128,7.98,ad455b2ace1cea438bc50f1136744df9e6ab7051846d7425977d8add8d7bd292
predictions/guinea_bissau_rf_preds.gpkg,1167360,1.113,db0a52921665c8bd891297cb34cebd65b091f3ba83dc5bdec3941b0d884fb96e
predictions/guinea_rf_preds.gpkg,6807552,6.492,6f8d1f4bf94f25e263a3628159a0a973d9727b6e36fee0221c50f4a3b2772542
predictions/haiti_rf_preds.gpkg,5890048,5.617,c25adede6adb429d7037851f81fe7673e63a2207ff015e4961a1a9178bc4e54b
predictions/honduras_rf_preds.gpkg,6668288,6.359,602a34d551776b7f7da87e1ffac805816be0fd64cbb016bd659190b2d0d53417
predictions/india_rf_preds.gpkg,472641536,450.746,b82c0d0af87093c6e53eb45fc702c9c191d62d75bb1f5f7bdb81864df487e1f7
predictions/indonesia_rf_preds.gpkg,334499840,319.004,6ac53881e41033b491d3261a70b9ad92dc2540e985f8a17a00e5aa99404e9146
predictions/iran_rf_preds.gpkg,69386240,66.172,f8f2f28f55570e934aea9d3ea12f17c1b400b23f9b337e349d770c11bf399896
predictions/iraq_rf_preds.gpkg,40505344,38.629,081d223d0d9a692652beeaf4f35a4bfaf97ceeda0a1b60fde31038774d862bdb
predictions/jamaica_rf_preds.gpkg,2756608,2.629,8c947b683dcce9297778f54a2e2a4b8dad8aaaebd432f27b858bc4b7504a9dd8
predictions/jordan_rf_preds.gpkg,13156352,12.547,54c768cc9a41f4ee04d0112f7feb3240b8ad2887793f30a6a2a58d11ebccd935
predictions/kazakhstan_rf_preds.gpkg,11489280,10.957,0d5e289d894ebd622e2ae15b94419f9176d55339942649fbec73489063da3a33
predictions/kenya_rf_preds.gpkg,13148160,12.539,d264a743f495f6150d9f55ce7ed5b9752f2f83b680eb16e68bec5f516054a141
predictions/kyrgyzstan_rf_preds.gpkg,3305472,3.152,2c211f4f332e33399998e9fb34093fcb1de18bea9b8e3338fe6fb2db663a0d01
predictions/laos_rf_preds.gpkg,1474560,1.406,cb9aca1467cbe217535083988a24452a474a29129c6974e9c3a339b520448ec7
predictions/lebanon_rf_preds.gpkg,5726208,5.461,a778e55bc990f8c9bfa1c2f24a0d75251afbd7427c627cbcf62330b433d6e96e
predictions/lesotho_rf_preds.gpkg,892928,0.852,0d2f17e3a286943ec9c4831d172782a33ffe36cdba21ff15c863b2ac287799d5
predictions/liberia_rf_preds.gpkg,3801088,3.625,500b841da28e18dedb802c81f8605abeb2fbb9e97e63f3821fe1df71576cf0e8
predictions/libya_rf_preds.gpkg,8224768,7.844,fc1fe88720236931e4c34fa320e236e5fe000ea16cfbe408afb78d55a423e8c2
predictions/madagascar_rf_preds.gpkg,2637824,2.516,00a6f06d26ed2331eefe8b6155da6dfd4f691df0f6c77c45e1b280e5870c5630
predictions/malawi_rf_preds.gpkg,5410816,5.16,30f6c85b659b6fc320492b5d7619a967da24f85d830606e460b88a87c57a8c49
predictions/malaysia_rf_preds.gpkg,39686144,37.848,f8a8cb9a513564018e787dbdfb82bdf034da7242895e643e1297e9f98b91fb2f
predictions/maldives_rf_preds.gpkg,204800,0.195,cfad9982e0d36d168374359981466fcdf0ede37a500aec1d426583c73b7acf03
predictions/mali_rf_preds.gpkg,8851456,8.441,65d6cc049bd3c3dd96da567b217cca6aa12947f4c5262a43f9456e714efab6a1
predictions/mauritania_rf_preds.gpkg,2695168,2.57,76dc859ef4645a31d868edcbb06697a4fd5f27dac5b667b8f6deec73ebb9cd3a
predictions/mauritius_rf_preds.gpkg,1060864,1.012,8245a9302714bc27295a382648dd79f605b151e4c7bdb83b2adbee6f3e1eb862
predictions/mexico_rf_preds.gpkg,136298496,129.984,a36b127cbfd82b2c7a68091060d2c1b5f43c83e2b81ed342d6b5d8e5d9312f12
predictions/moldova_rf_preds.gpkg,1613824,1.539,733455862c24d83eb3d86cc25b100394e84d4bca643602b9d0dec811fedec864
predictions/mongolia_rf_preds.gpkg,2367488,2.258,5d238127731c83ac09419ee8a01e4599bf4c213ed08f1f3c62727bb943b4ac48
predictions/morocco_rf_preds.gpkg,27828224,26.539,ededcb9cdcd72422d8c5571e92a8e1c82b30a568d505e8ac79a538ceedb145f5
predictions/mozambique_rf_preds.gpkg,12005376,11.449,f5f729f57362354a0e63ff5980d8725c0d3c217f9e3d7bcd9a51330f0b405ffd
predictions/myanmar_rf_preds.gpkg,23900160,22.793,7f80ae25f3d9f4040fbf7e408a754545a316989b44ffbc366a3ecb2736faf2ea
predictions/namibia_rf_preds.gpkg,1007616,0.961,a3d7ace2c9b8a10588a453a4292a503a8289a9fc48e1589cd905262f29cdd0f7
predictions/nepal_rf_preds.gpkg,9048064,8.629,6690c7781b6586186365969e41dc6738ef5568c04af6c0fe10757f9e9bdd75ec
predictions/nicaragua_rf_preds.gpkg,4251648,4.055,32a858af50ff89c7d8177467a496c257bf53f35f5bec787be5b83324c18018a2
predictions/niger_rf_preds.gpkg,5931008,5.656,ee2b3631803d3043f97e83782ab15631dc6079eccbb628ef56695209b53ebf75
predictions/nigeria_rf_preds.gpkg,135491584,129.215,2d3928c2c09d4d7371080c93d3b5e11048f9f90c3a3cc7259567f5e52ad6f8e3
predictions/north_korea_rf_preds.gpkg,9187328,8.762,25b183383e086e893337b0a1029e040cd63ae711dc7d266e43bdea737ea1e85f
predictions/pakistan_rf_preds.gpkg,81698816,77.914,3eeb6edd31f8a2025d74fb9e30901264d5b2ba6c374a41b751a5093058141eb9
predictions/palestina_rf_preds.gpkg,7430144,7.086,e36c4404a7f480fbde23739a3e7a815786b55c9fcad107e48f95dd8dd6071144
predictions/panama_rf_preds.gpkg,4206592,4.012,44bff25cba882bb35a7e7c25a192ed81017ade511cf773a33baa8469ef5034e8
predictions/papua_new_guinea_rf_preds.gpkg,417792,0.398,f8a348908c8fc7b1b996e9e63de95ee5819ec9150762c9395e4115a3dcfb8832
predictions/paraguay_rf_preds.gpkg,6328320,6.035,65617cb0c387706d6d54db75be9182ce73d380bcc4e44fc1c98e950a6bd844ac
predictions/peru_rf_preds.gpkg,26292224,25.074,a8b2099710a185ac5f41c39dcd724db6e63ec0a57314317149f787cd36dfbd59
predictions/philippines_rf_preds.gpkg,78204928,74.582,498452d5ef93e1007859003465bcf6d85cc4eeeb7cb39c256983f67cc5aff448
predictions/republic_of_congo_rf_preds.gpkg,5177344,4.938,b98153f2540482227186e27f02a5533084c2fc9df22b16b34990b974efad069c
predictions/rwanda_rf_preds.gpkg,3747840,3.574,4b88d99666b3363a9bef4492716f1cdc500402662c7f54f3ca55b8732435a44e
predictions/senegal_rf_preds.gpkg,12840960,12.246,e22fb1b667486946f9f666cd160745d5f87271218ab2fc516133c984fbeb3cfd
predictions/sierra_leone_rf_preds.gpkg,3133440,2.988,7d791ef8c25a7f2d106a414f22f888599d2f0b9ae3615ba1421541321037ed70
predictions/solomon_islands_rf_preds.gpkg,266240,0.254,da7e6fe5f8aea5a5b3f1df9de0b677ec0effed2a978d337eacb274b5978f0e0e
predictions/somalia_rf_preds.gpkg,9490432,9.051,2a9d37d3599bc679c452415616bb160da8edadae0258a977c34aa0a774e5401d
predictions/south_africa_rf_preds.gpkg,66023424,62.965,0cee78753ead9aaa9def70661e1935e537d45b6d399e945d60e920757b95edb8
predictions/south_sudan_rf_preds.gpkg,1970176,1.879,c0dbb8e75459ccae7598ce5ae1d39db2ffa41175a34d4bbf6e00678531a59e60
predictions/sri_lanka_rf_preds.gpkg,20074496,19.145,80fad3933d55cf326ae886947d90edf4fcb9be80077658730f77aa2ddc2c71cd
predictions/sudan_rf_preds.gpkg,26255360,25.039,81893a80aab73bc4dac46ad6180a1c3b4084dadd32b24a8283e7e7271ce75547
predictions/suriname_rf_preds.gpkg,966656,0.922,2ed4dad1dc17802da7bb391e2d69675396a5184c5614ee10b44567eb42f89934
predictions/swaziland_rf_preds.gpkg,282624,0.27,82f820540bbf59dc90d4d2b6e6891436826af612ec6d927051cecbf180c79835
predictions/syria_rf_preds.gpkg,14163968,13.508,3170dc7dc5eb90c0cb052f9689edb1c0bff992bc125a9c44664b6d7834365ab7
predictions/tajikistan_rf_preds.gpkg,3887104,3.707,a28d1e227043f0dccdfec0fc83614218c8a89c00dd5cdb3ed753912a29b19673
predictions/tanzania_rf_preds.gpkg,25194496,24.027,90e42b44231e5edf85334cb6e52275beb0a7d61ce140c4afba4dbf0798bfe8ec
predictions/thailand_rf_preds.gpkg,45019136,42.934,be43e48bfbad07ab912d6f4aaa91cad346f40f6b191db38a2bb6ae557f1ee6bc
predictions/timor_leste_rf_preds.gpkg,536576,0.512,9b1c2f1f10303f45dab2db8442b82776954c2ea30e79ecccd7b11d3994b68459
predictions/togo_rf_preds.gpkg,5525504,5.27,d77e55dd457ae1d4c86749ec44e1c6e14c0192d5ccfa2facfde53d49ec96769a
predictions/tunisia_rf_preds.gpkg,12599296,12.016,12cf0004c55e05d9b8d18c628cdbb76dc08a03039eb10740562831b2b454e2c2
predictions/turkmenistan_rf_preds.gpkg,2576384,2.457,fb57d9984596c252e1c832b4a52d8672f20bd16a38f83cd424c8097f8bc26f5a
predictions/uganda_rf_preds.gpkg,12464128,11.887,578457d31e3d5a233e043caedce4524276a9bedf78f22b05750c027464c61715
predictions/uzbekistan_rf_preds.gpkg,17850368,17.023,0739600f4598320a1e84ebfeedfdb5eb6deadaa67a7c2a9288ae7a4e92cab6b3
predictions/venezuela_rf_preds.gpkg,29806592,28.426,4f35b1b30c3dbb6e690f04a499112e08000c644e09aa75202206279e1c430700
predictions/vietnam_rf_preds.gpkg,80371712,76.648,ab6ffa67551433c85e0a3dfb8cc3f6cd78f31418d5ed7b00666069122cfaa7c4
predictions/western_sahara_rf_preds.gpkg,405504,0.387,ea35d3847ce5ae54d7c4ed8ea42fcedd65fee3edf43fe67414323e07fdef2f4b
predictions/yemen_rf_preds.gpkg,7286784,6.949,932d1b3d0f99975846c3c1e6761841c0d177b862914f3e98bdec0b577d4fb9e3
predictions/zambia_rf_preds.gpkg,12599296,12.016,48ad081eb5fe0b5d1bfad0ef9cb71cf6381bcc0b1b6f54153065fbf3e56b9a7d
predictions/zimbabwe_rf_preds.gpkg,6078464,5.797,04f9e9e74fe813b5b73aaa64bd2f9aca1f420bbdcff084a0f841a63ee5630578
ssi_clipped/angola/SSIpack100m_clipped_to_city_blocks_SIGNAL.tif,797424,0.76,0d5f950c9ec3a4191bcd42a6d56aed1fdaea7a3e0c77a6d4cc538364ac7600f3
ssi_clipped/benin/SSIpack100m_clipped_to_city_blocks_SIGNAL.tif,1188637,1.134,c6f1717aed6f7ffb3f5f07c70ef54eec3ad010980ae4261413244e4c85bc83ea
ssi_clipped/burkina_faso/SSIpack100m_clipped_to_city_blocks_SIGNAL.tif,1305601,1.245,cd2508be1b9fa895c080c2da45bfa44c6c87fa3201ae9b8cf279be7daf63cb81
ssi_clipped/burundi/SSIpack100m_clipped_to_city_blocks_SIGNAL.tif,139543,0.133,58438a7a632e2dace89138459374e659466b0411fb7e60a79066b88c4e46e948
ssi_clipped/cameroon/SSIpack100m_clipped_to_city_blocks_SIGNAL.tif,3422879,3.264,dc6233b064500439091bc3b4fb936381ea666018e9e1e46e23a86c6144da4423
ssi_clipped/central_african_republic/SSIpack100m_clipped_to_city_blocks_SIGNAL.tif,538685,0.514,3aa743bad48c3db3e3692ed31024e1cb453baba59bc9ae72aa0de285230b32e5
ssi_clipped/cote_d_ivoire/SSIpack100m_clipped_to_city_blocks_SIGNAL.tif,1978564,1.887,58d70c9b5dac63326970cef06e3821e4fc32e459ef9d81c6dd8039954b5880eb
ssi_clipped/democratic_republic_of_the_congo/SSIpack100m_clipped_to_city_blocks_SIGNAL.tif,10934781,10.428,85dec8d501a959ec3b4c4ad291466001e23c088abf5a51398273b150217cc40d
ssi_clipped/djibouti/SSIpack100m_clipped_to_city_blocks_SIGNAL.tif,2946,0.003,17d4d0cd692da2e2b3e2ec1766a5ff51f47995849fa7179ec0614c4d09548d9e
ssi_clipped/egypt/SSIpack100m_clipped_to_city_blocks_SIGNAL.tif,3678133,3.508,bd5b288001da2f095a9cce797c3d50bd08a1c29026274662adae861c51e98f03
ssi_clipped/ethiopia/SSIpack100m_clipped_to_city_blocks_SIGNAL.tif,3827567,3.65,80c32e6e2bfc3b2e117a9fa25bc4b54152ead1cae798fc10a9dc8d27d1b9a143
ssi_clipped/gambia/SSIpack100m_clipped_to_city_blocks_SIGNAL.tif,67224,0.064,6e035b350d2d8efe94b82997dba624e8114f340be9292057f9e62579b811dbc3
ssi_clipped/ghana/SSIpack100m_clipped_to_city_blocks_SIGNAL.tif,1900000,1.812,cfdd3dcb102eab8f50b38f404513b0ef1c0f8f41aeef3974fa58b699f5617e11
ssi_clipped/guinea/SSIpack100m_clipped_to_city_blocks_SIGNAL.tif,1390255,1.326,f292dd25cef7565ae58f735008da3ae1024d3f450180cd914b244e8a19ea72e5
ssi_clipped/kenya/SSIpack100m_clipped_to_city_blocks_SIGNAL.tif,3357487,3.202,b1e1207a1aec355d0c5150f131e6237604cd4148cda8f610a77f1d7fa5ab52b8
ssi_clipped/liberia/SSIpack100m_clipped_to_city_blocks_SIGNAL.tif,304195,0.29,998d237ad3612d1b08c57baf6d41bd9d9556d37cbffe9e945885b443d000d94d
ssi_clipped/malawi/SSIpack100m_clipped_to_city_blocks_SIGNAL.tif,999191,0.953,52d3601580b3b9df4238fca9589f535e9cee997c8283b3fb3d6e64ecbb30b8cf
ssi_clipped/mauritania/SSIpack100m_clipped_to_city_blocks_SIGNAL.tif,744948,0.71,4c43671bdcd70ca5e783989d9a37d9d6eebaf1fde44ec807fb7dc29bf561728b
ssi_clipped/mozambique/SSIpack100m_clipped_to_city_blocks_SIGNAL.tif,5350136,5.102,8c5a9b44f4e9f5367d0c9585c4460d78a58abe1cd3fddff9488aa0fe579558ee
ssi_clipped/namibia/SSIpack100m_clipped_to_city_blocks_SIGNAL.tif,7329,0.007,c04bad68d9bdca62acef1488cad8ad1dec313a1751bca294c08ef2f5537c2481
ssi_clipped/niger/SSIpack100m_clipped_to_city_blocks_SIGNAL.tif,1916304,1.828,223990f36649de1aea59011509c6559cd09d866961a16e5596831e08abacbf84
ssi_clipped/nigeria/SSIpack100m_clipped_to_city_blocks_SIGNAL.tif,6002056,5.724,2c1deabb902d8b55a2cc28183bf573d20f97ccd1382910aa58d680a0aa8a739d
ssi_clipped/republic_of_congo/SSIpack100m_clipped_to_city_blocks_SIGNAL.tif,2428154,2.316,2a8ea2f3de06dc4db0a27f8c32a739b2375c636d799071d1f9732aac825a9d04
ssi_clipped/rwanda/SSIpack100m_clipped_to_city_blocks_SIGNAL.tif,75627,0.072,8e532d78ce3fd873ca9f81509f1962925fdf8465af1f4e23331044cad24e9158
ssi_clipped/senegal/SSIpack100m_clipped_to_city_blocks_SIGNAL.tif,1176886,1.122,721ff9d5eba2669012397c1e22565e983c3ed0d4cdbb65f9a6387b736d3c6b9e
ssi_clipped/sierra_leone/SSIpack100m_clipped_to_city_blocks_SIGNAL.tif,276224,0.263,5ccd57cd5bbac15905e5dab2a2f994978ec6e2b85b861a93aed85ee31f662634
ssi_clipped/somalia/SSIpack100m_clipped_to_city_blocks_SIGNAL.tif,3292585,3.14,36ad228ed2c33c89f4fea303c6f417773415b6c141709d3c12038c663815936c
ssi_clipped/south_africa/SSIpack100m_clipped_to_city_blocks_SIGNAL.tif,6544071,6.241,f58e7ed98de2abd07384a226f52cb80439a0c3d266d4c5110378905ae43ed6bd
ssi_clipped/sudan/SSIpack100m_clipped_to_city_blocks_SIGNAL.tif,3073753,2.931,4364f2b47dfa1fca4e8b0964a1baca5550b295c8dd08a3565f92fe319e7ad1bd
ssi_clipped/tanzania/SSIpack100m_clipped_to_city_blocks_SIGNAL.tif,4552736,4.342,871e9af706ed79c2f737e9048b372aa50315b252bb64568021d542b6c61eb5d9
ssi_clipped/togo/SSIpack100m_clipped_to_city_blocks_SIGNAL.tif,560568,0.535,5a2e8985fecabad901e2424b9c80faf05792846a7786ddf72016558cd5e951e6
ssi_clipped/uganda/SSIpack100m_clipped_to_city_blocks_SIGNAL.tif,1282857,1.223,220bed7aea827c6867e51d19bbdfca8fe92befe2f93274b661a255d0c4ef0ec6
ssi_clipped/zambia/SSIpack100m_clipped_to_city_blocks_SIGNAL.tif,1810231,1.726,5616384d14539de64a90821f89baa310bcb891932f75081ff6bcf6c206d4f513
wri_per_country_outputs/afghanistan/afghanistan_overall_deprived_counts_by_tau.csv,224,0.0,cbe2cfa3442c10752f88777663f6b49d7711c69ab41e688e5d8ca189bc756ddf
wri_per_country_outputs/afghanistan/afghanistan_per_city_deprived_counts_by_tau.csv,332,0.0,04c262dc02f459cc29639fffb0c2904744d85d57028fa9b64bd2fdf02019ed0a
wri_per_country_outputs/afghanistan/afghanistan_wri_informal_per_block.csv,294101,0.28,b6ac04b7da76eac96246ab7619a1dac2276c5681610bd771caad805d5305b54a
wri_per_country_outputs/afghanistan/afghanistan_wri_overlap_audit.csv,46,0.0,99f45015f03d3d7af7625d20c11201e8afff97e42ebafab6778b1eb1699fd008
wri_per_country_outputs/afghanistan/afghanistan_wri_vs_rf_per_block_with_preds.csv,343049,0.327,da779a34202cd3b1deca18f947a35015ea741c20b4530612b99a79230733fc5b
wri_per_country_outputs/afghanistan/afghanistan_wri_vs_rf_threshold_sweep_country.csv,819,0.001,ff319e77d07d427ceccd2c360bc531b76e3e2a933e7362d57f2df9f3a014cffd
wri_per_country_outputs/algeria/algeria_overall_deprived_counts_by_tau.csv,207,0.0,30e7c6f812601f7c66b42a1a30be4765a0f34552836d8bfe89cf2777cdcb4631
wri_per_country_outputs/algeria/algeria_per_city_deprived_counts_by_tau.csv,783,0.001,d50e3aad8ebaf2f789d734329913c5c9fa0f368e6f4ce32f4e14d910ccb1dd20
wri_per_country_outputs/algeria/algeria_wri_informal_per_block.csv,194226,0.185,9e04dd4aae6ca01ef4feef9848a3453d0942fad6b3c9aa73b271a5213ce6166c
wri_per_country_outputs/algeria/algeria_wri_overlap_audit.csv,71,0.0,f1918c3b97504986ffb03c452bdc920351a84b38fcc4c738a4aab1cb913b1d6f
wri_per_country_outputs/algeria/algeria_wri_vs_rf_per_block_with_preds.csv,224002,0.214,1fb69c738b151e79d3b069182b0e22bcb6a75692cd6792e8463e976c96d81d9d
wri_per_country_outputs/algeria/algeria_wri_vs_rf_threshold_sweep_country.csv,810,0.001,60d49ae33adcc6309acb63edf96addc11ac8311005c9465a57032ad2ea8e9fd9
wri_per_country_outputs/angola/angola_overall_deprived_counts_by_tau.csv,212,0.0,e9428366e56743bf742fbcea108a2d72d30901a43166e55bb66d4148dd5c4856
wri_per_country_outputs/angola/angola_per_city_deprived_counts_by_tau.csv,300,0.0,dac0bdbdba2e8b0065f72749e6a609e75aa17be76f3c8f1f380cb2e49692a61c
wri_per_country_outputs/angola/angola_wri_informal_per_block.csv,719112,0.686,2e83f407813dd0cd84219e20c277e311b03516976821c4832d4fbe6965b2498a
wri_per_country_outputs/angola/angola_wri_overlap_audit.csv,47,0.0,c3491362ccf36988d6a322e2d2a713711be978c1bc9e84c3c363badcf252c43a
wri_per_country_outputs/angola/angola_wri_vs_rf_per_block_with_preds.csv,828456,0.79,acb18cc4d38acd8ffc161254000208b3c4c45c53379d9b4bbc02e14a52d92af9
wri_per_country_outputs/angola/angola_wri_vs_rf_threshold_sweep_country.csv,819,0.001,f5e835a112f14ae8b09b4bc74a899a2fc897537bdb206778d9421725b392f195
wri_per_country_outputs/argentina/argentina_overall_deprived_counts_by_tau.csv,227,0.0,72cc6ca815b3eb57cb638cf6c0e1f52150a19dbc16dd8a24abb80670f0c94db9
wri_per_country_outputs/argentina/argentina_per_city_deprived_counts_by_tau.csv,852,0.001,099f7209d8d117db9f1b148292f5b8f6de060e1811a01faf06a1bd30acafa29d
wri_per_country_outputs/argentina/argentina_wri_informal_per_block.csv,1464762,1.397,a18907d45e067a2e01f019c27f3f6a0ceaa232be0ab53abac84fd79a05ae688a
wri_per_country_outputs/argentina/argentina_wri_overlap_audit.csv,78,0.0,08a82e4b4cff58ebca78cfbc9c6f3e67fe0494b031d0a5a5234bbd473beaf033
wri_per_country_outputs/argentina/argentina_wri_vs_rf_per_block_with_preds.csv,1670394,1.593,79a0a0cb586e77d5062a99fff0b897bebbf02e992c41bd0c957855e98f8ffaaf
wri_per_country_outputs/argentina/argentina_wri_vs_rf_threshold_sweep_country.csv,833,0.001,4a2646eb35ff0a68f2f8169d54685056ae0f86f91e4554226b821d1f4c97a257
wri_per_country_outputs/bangladesh/bangladesh_overall_deprived_counts_by_tau.csv,227,0.0,428ab9f8e33017ce4a7ce9616798cd51f860883524bd18f5185fcd1c134f0360
wri_per_country_outputs/bangladesh/bangladesh_per_city_deprived_counts_by_tau.csv,631,0.001,cd8a35d936701cfd2bbfb4cf69d1da581b2fed952ecb2d0b7b73013da7bf85a1
wri_per_country_outputs/bangladesh/bangladesh_wri_informal_per_block.csv,786227,0.75,76e5950cfaf1f9661b931a35ecced7cb7891e496c7a1de6f285b08f4b49ae9a6
wri_per_country_outputs/bangladesh/bangladesh_wri_overlap_audit.csv,93,0.0,eb8363c29d476ac4daa27b281edc71e8eed74c76f4f927166db67e3ccb5bf568
wri_per_country_outputs/bangladesh/bangladesh_wri_vs_rf_per_block_with_preds.csv,910843,0.869,e03df07c56f2730b7ba3078feca0509286514795b1992ab0685ea295eb1efae7
wri_per_country_outputs/bangladesh/bangladesh_wri_vs_rf_threshold_sweep_country.csv,832,0.001,dccda41276c2528e175115789c9aaef3e5f3f0dcbb5805b31d555cdc8df4882b
wri_per_country_outputs/bolivia/bolivia_overall_deprived_counts_by_tau.csv,205,0.0,7931608155eed0194a145349feede3c5131fcd4a9e8e6d3f4a38d541e2bff695
wri_per_country_outputs/bolivia/bolivia_per_city_deprived_counts_by_tau.csv,212,0.0,b074d2f8f9b71b28824daa886e6a885505ae19a8506fdcf7a710acfd30459326
wri_per_country_outputs/bolivia/bolivia_wri_informal_per_block.csv,110823,0.106,2d107df72f9b6558d6bacd8fcae411d64b471c5b36b61ba63fa3199e65d3d5a1
wri_per_country_outputs/bolivia/bolivia_wri_overlap_audit.csv,78,0.0,5d6b32d03d82fbbaac8e553d8d33db8ec53102826a0ee7cd55e39abb3ebd61eb
wri_per_country_outputs/bolivia/bolivia_wri_vs_rf_per_block_with_preds.csv,126207,0.12,8ac7679a09b274ec6a5c33cc5c3d2b17b9592c00272674199172332f022aac48
wri_per_country_outputs/bolivia/bolivia_wri_vs_rf_threshold_sweep_country.csv,790,0.001,9320b9a360ac6fa573ce2f80c7e325904928ee863cc776bfa9e9894f478819e1
wri_per_country_outputs/brazil/brazil_overall_deprived_counts_by_tau.csv,212,0.0,6d575ac49b81de9046f3d82bf694d732463fcb06015cc3d6d0f29c75980880ef
wri_per_country_outputs/brazil/brazil_per_city_deprived_counts_by_tau.csv,2750,0.003,2510bfc13445e238f72b98fd48cf25e80527dc805dd42661637e65e50fb4c9ee
wri_per_country_outputs/brazil/brazil_wri_informal_per_block.csv,2145223,2.046,5f03267eed3285b47f052961ab10814718cb6812fc0daad6a90736123d417ccb
wri_per_country_outputs/brazil/brazil_wri_overlap_audit.csv,232,0.0,caacf64a90cb0dcae304a1e9787550596208914cc8af8e0c0b38f1ad291591f5
wri_per_country_outputs/brazil/brazil_wri_vs_rf_per_block_with_preds.csv,2469381,2.355,bcece4d9e45ca7af00786658f1d7fc0293a44dbaa9c5c14390cea3a410efa86a
wri_per_country_outputs/brazil/brazil_wri_vs_rf_threshold_sweep_country.csv,829,0.001,92d156075cc66ee8db7265f56372ee207b96de074dbfc787f340c9834dcbcaff
wri_per_country_outputs/colombia/colombia_overall_deprived_counts_by_tau.csv,209,0.0,30068fdb0c06c158a8efbdb3eef6f31cf5b3e02137095c1aff027b9fbf59d14c
wri_per_country_outputs/colombia/colombia_per_city_deprived_counts_by_tau.csv,323,0.0,5cbcf21e456992055899bdde84bcfe6c827defd94ebbd001553c6c416e749558
wri_per_country_outputs/colombia/colombia_wri_informal_per_block.csv,559244,0.533,396217ff50d3ca2cb539ea442d6f7d71414c3d1d25c6273fcae3cdab0bbcb957
wri_per_country_outputs/colombia/colombia_wri_overlap_audit.csv,73,0.0,6a29c3cee3310fdbc6a09d521c41acc1c107514a9b95fe8b63fe28df31444efa
wri_per_country_outputs/colombia/colombia_wri_vs_rf_per_block_with_preds.csv,656168,0.626,1e11748c4c5c3585c9a599ae0b2fb7976a7efa36c5892e5d54b80f0042473af3
wri_per_country_outputs/colombia/colombia_wri_vs_rf_threshold_sweep_country.csv,761,0.001,7d93398482ebd0e7bdb25a2d80fc79d46e70db99688584a832c7da8055cd6b1d
wri_per_country_outputs/costa_rica/costa_rica_overall_deprived_counts_by_tau.csv,200,0.0,b8b6974f170794706d2715d83f1a78cbe12bd0b3498a41b1083f0740325ec3b3
wri_per_country_outputs/costa_rica/costa_rica_per_city_deprived_counts_by_tau.csv,306,0.0,3a1f9800f4ad8d455a2895c95fc77724798daa64f36eecdfe0c8c808b4118389
wri_per_country_outputs/costa_rica/costa_rica_wri_informal_per_block.csv,151207,0.144,42493ee376c8172a06192d659c656c1f647e858b8b43769848271a517c25fb2f
wri_per_country_outputs/costa_rica/costa_rica_wri_overlap_audit.csv,95,0.0,396fa90537a0cb38d68b97924cbde7f4e993e517dc6d3ca04519567245df1c98
wri_per_country_outputs/costa_rica/costa_rica_wri_vs_rf_per_block_with_preds.csv,172963,0.165,2d55c77a50404dbc0531e11a934b19639d3363576c02a5858fe4e9f9ae4f41e6
wri_per_country_outputs/costa_rica/costa_rica_wri_vs_rf_threshold_sweep_country.csv,420,0.0,c90325c7015349f1dc7205b0ef537eca00650800d23b28db29fe8e3b0fafc0b6
wri_per_country_outputs/cuba/cuba_overall_deprived_counts_by_tau.csv,191,0.0,a56f22e32613023a83bcc2b24c33398f17ba87a03e501ea4ca8932044dd87854
wri_per_country_outputs/cuba/cuba_per_city_deprived_counts_by_tau.csv,195,0.0,6e2fc63e5a60be163e7befeb3297ccfd506be72b07ca10255d41c3a84b7fc493
wri_per_country_outputs/cuba/cuba_wri_informal_per_block.csv,24567,0.023,55a7bac70a7689a4fab78fd91d0f9cb77600f78e34320aac01c7575767dde02d
wri_per_country_outputs/cuba/cuba_wri_overlap_audit.csv,47,0.0,cc05078d30f0faefba79822f7bd126d77548f303226c9b051b1fe3d3a0dacbd9
wri_per_country_outputs/cuba/cuba_wri_vs_rf_per_block_with_preds.csv,28371,0.027,2f94a827b0b3b2ed0b10c1c0df6d3d8d9f288a6baa31e1e99c8e7d1b529bb5bc
wri_per_country_outputs/cuba/cuba_wri_vs_rf_threshold_sweep_country.csv,749,0.001,4984884b78bd6f7ea1e73de9afdbbb64bebaa6af0274e66338c426fe66b97f1a
wri_per_country_outputs/democratic_republic_of_the_congo/democratic_republic_of_the_congo_overall_deprived_counts_by_tau.csv,298,0.0,7d28f0b4f1b265e8dcc8d27b23e2fbdedda4699d20978090252025c6c3312638
wri_per_country_outputs/democratic_republic_of_the_congo/democratic_republic_of_the_congo_per_city_deprived_counts_by_tau.csv,681,0.001,91971e0458967744c2d67193f1a2c53e3faa5ee219be641b3dfc1f2c051bbc95
wri_per_country_outputs/democratic_republic_of_the_congo/democratic_republic_of_the_congo_wri_informal_per_block.csv,928636,0.886,035e81082012b9c2845768d2fc56fdcc99b5d8b6c7e8df7518d1ae916fd18efe
wri_per_country_outputs/democratic_republic_of_the_congo/democratic_republic_of_the_congo_wri_overlap_audit.csv,76,0.0,32c0c170789bf97437f45ea932f4e70d8c9eb5280ff69228ebd2c010675d9759
wri_per_country_outputs/democratic_republic_of_the_congo/democratic_republic_of_the_congo_wri_vs_rf_per_block_with_preds.csv,1072300,1.023,a73fc9199c1cc34ade47d47a6cd8127f1c3afb34ba7b6346b1a866129670cdc7
wri_per_country_outputs/democratic_republic_of_the_congo/democratic_republic_of_the_congo_wri_vs_rf_threshold_sweep_country.csv,818,0.001,305c2ce7e8d23593eee9d86730a17fe4f1dd2bc039e45f3a25804a199a64275e
wri_per_country_outputs/ecuador/ecuador_overall_deprived_counts_by_tau.csv,203,0.0,365e8eb68f4371b14196f7bd628d29dbc35965f0c770d31cf585e17a9373cb57
wri_per_country_outputs/ecuador/ecuador_per_city_deprived_counts_by_tau.csv,285,0.0,770af175ef4957343a7de073ff13105a85e338ab2531a7a787cf6f12e0819255
wri_per_country_outputs/ecuador/ecuador_wri_informal_per_block.csv,158634,0.151,bd5572f5475846cb59ae24726de17bdaff709fb57ca35432ff60b3ae0d4b90fe
wri_per_country_outputs/ecuador/ecuador_wri_overlap_audit.csv,48,0.0,cad0f18dc8f17b00c4dadc9277377178f5e7191390cd5b673307fbe770a991bd
wri_per_country_outputs/ecuador/ecuador_wri_vs_rf_per_block_with_preds.csv,185418,0.177,5e11d7e8d88f0cd13e6c9425f95f8d313a1fb87b0dccadadadcdb5b63a6362b0
wri_per_country_outputs/ecuador/ecuador_wri_vs_rf_threshold_sweep_country.csv,784,0.001,ab4ac89eaf98c751d01c0a622af381398c8ae80dac24a2598540a707078d2410
wri_per_country_outputs/egypt/egypt_overall_deprived_counts_by_tau.csv,223,0.0,852b0bbc443714a7e9fe18d265836e3c722dd4af485a7f471e759c68a45d4cfe
wri_per_country_outputs/egypt/egypt_per_city_deprived_counts_by_tau.csv,1159,0.001,522dfe222fa3f7c5aebd858061b205ae7c5b9c249d93138d6381a0733ec6f60e
wri_per_country_outputs/egypt/egypt_wri_informal_per_block.csv,2034310,1.94,6c4c028740abaaa08f20bd8485fb9fee576479d8e5dc44ed4249fe3ba986d4a0
wri_per_country_outputs/egypt/egypt_wri_overlap_audit.csv,103,0.0,c93acd64c2de51ffcecfe1daf06beacd5afedad3fc31ca21a6e3e6881a0e2ea7
wri_per_country_outputs/egypt/egypt_wri_vs_rf_per_block_with_preds.csv,2363735,2.254,358707a137278eeaea3dc26a5c1de17962b651b012ddfc3c947725c3626ead51
wri_per_country_outputs/egypt/egypt_wri_vs_rf_threshold_sweep_country.csv,832,0.001,813bc7be9075f016ef06c0f19d12a4f168501611982380bd6b67a51036cd43b0
wri_per_country_outputs/el_salvador/el_salvador_overall_deprived_counts_by_tau.csv,207,0.0,f3ae99a97b58f907b0da2000a0281ad9bc4bb5d50b758efe58be5f50f5c59a59
wri_per_country_outputs/el_salvador/el_salvador_per_city_deprived_counts_by_tau.csv,223,0.0,7414fd167b27f6d0bcb789a6cb224cb782d9db3b29b70f820c9f98c884cadebd
wri_per_country_outputs/el_salvador/el_salvador_wri_informal_per_block.csv,79188,0.076,5165c85c6e76b4e36cb58c1ac959329773745e4401648ad8f6f36790a6faecc2
wri_per_country_outputs/el_salvador/el_salvador_wri_overlap_audit.csv,52,0.0,b9c3cb4a4048e8e8a7c9062e2f9da4241099152eecb87468cbd1d699fb399749
wri_per_country_outputs/el_salvador/el_salvador_wri_vs_rf_per_block_with_preds.csv,90480,0.086,37f0ea409e93354dd8c821a56dd94f58421ba8e18cdc34c3cadb01b337880c3b
wri_per_country_outputs/el_salvador/el_salvador_wri_vs_rf_threshold_sweep_country.csv,774,0.001,66aca063525da7ed94f4148c4eb4d8822b717770d4654243e118b43d6ce55445
wri_per_country_outputs/ethiopia/ethiopia_overall_deprived_counts_by_tau.csv,215,0.0,d9c5f639429c0f30a5a03bf4e218614093e6f727e25da1ffcb4c7d3510625832
wri_per_country_outputs/ethiopia/ethiopia_per_city_deprived_counts_by_tau.csv,225,0.0,e9e30236e822999cbb0cea1a4a10be2a0c4fcac741088ff1a7be9749ec424c3b
wri_per_country_outputs/ethiopia/ethiopia_wri_informal_per_block.csv,443706,0.423,62da50f1a9635df67358c827ab83a624a65b9934cebbf8f3059cb6186360d3c0
wri_per_country_outputs/ethiopia/ethiopia_wri_overlap_audit.csv,52,0.0,4105c110b858ccc37d631628db8769f2d00479ca93919383e76736aa0c2a148e
wri_per_country_outputs/ethiopia/ethiopia_wri_vs_rf_per_block_with_preds.csv,507786,0.484,d151f3efb9368d9213a6d767e519088cfdce0cd6d04f63afb1a434d8955c6499
wri_per_country_outputs/ethiopia/ethiopia_wri_vs_rf_threshold_sweep_country.csv,824,0.001,48e1668ffe8a0bf88049bd5b4c57ff5720dc5fe6f45f08083cdce6d3eb164bc9
wri_per_country_outputs/ghana/ghana_overall_deprived_counts_by_tau.csv,209,0.0,63007f5cf3b43e111ff0446811bca065940ac4a00e2ddad568e69812a3c743db
wri_per_country_outputs/ghana/ghana_per_city_deprived_counts_by_tau.csv,282,0.0,1e98b8b608756ab790c181822352b959dff4f625b5027a468a8910e360ac4eac
wri_per_country_outputs/ghana/ghana_wri_informal_per_block.csv,362233,0.345,05e3fc248cf8c5f8427c484004c826a1e1d1dcdcbe04358560f91e3d8757fab9
wri_per_country_outputs/ghana/ghana_wri_overlap_audit.csv,68,0.0,730f92a9b8b8852556aab35f64abe92aa92d71f654d8aa2295c71102ef379699
wri_per_country_outputs/ghana/ghana_wri_vs_rf_per_block_with_preds.csv,418261,0.399,63c2c8b01321a10b83682421fcc6b8fc65df42953ddf350cbd8d200f71a3a789
wri_per_country_outputs/ghana/ghana_wri_vs_rf_threshold_sweep_country.csv,810,0.001,08f78139f96242e6e52aefeb2e69561739b2752130dc9b3fec1b45db09b636ef
wri_per_country_outputs/guatemala/guatemala_overall_deprived_counts_by_tau.csv,208,0.0,1f3426ff8c55a76bc6dd1795e63caa86cd5fb02c247500205176fc34117fa618
wri_per_country_outputs/guatemala/guatemala_per_city_deprived_counts_by_tau.csv,599,0.001,3f492d20e59b1cf26f183aba85b7b45ba7523ac487027ae1bb907e9caec56863
wri_per_country_outputs/guatemala/guatemala_wri_informal_per_block.csv,129252,0.123,45735a0190ccb1b45f967fea774582ea79876e645d930e755c75e5d9f7c5f39c
wri_per_country_outputs/guatemala/guatemala_wri_overlap_audit.csv,55,0.0,7899be438ef4532067d98c9272a16bc2d3e1537ab558d35d397a6fa200a3c067
wri_per_country_outputs/guatemala/guatemala_wri_vs_rf_per_block_with_preds.csv,147192,0.14,d1af9857e411a4fae89f8706e88425bb4da56174ea48c99aea50d4a145c37d22
wri_per_country_outputs/guatemala/guatemala_wri_vs_rf_threshold_sweep_country.csv,805,0.001,37f94f2de124b34c29170042883509df041585713c3ff7e48e90a4c60ad71b53
wri_per_country_outputs/india/india_overall_deprived_counts_by_tau.csv,220,0.0,eb60d1f5e74701f1afb0237b22f43e1abd1648b70dfef52c72491e62327a30b9
wri_per_country_outputs/india/india_per_city_deprived_counts_by_tau.csv,5765,0.005,ea79e98c9fade3786598818d7381f9aefa528ab93ecf7d41324c5e8982e23525
wri_per_country_outputs/india/india_wri_informal_per_block.csv,4288018,4.089,9c68862e5263967844b507604ceb4aca8ffc0672d3d513bf7fdab2f605783cbc
wri_per_country_outputs/india/india_wri_overlap_audit.csv,459,0.0,aadc8b2f579c959857ea7457ec7903366c1eebae0f2558701e12cde50d52d769
wri_per_country_outputs/india/india_wri_vs_rf_per_block_with_preds.csv,4945942,4.717,02e2186d4ba71f015f959b88b6bff38f7a7ad8c6f078d9d6f3d7580ce4c40db1
wri_per_country_outputs/india/india_wri_vs_rf_threshold_sweep_country.csv,854,0.001,305d1beb70e9aa5688e9b835293adf31a3aabb1b9d14a203dab7a46471bbc4f4
wri_per_country_outputs/indonesia/indonesia_overall_deprived_counts_by_tau.csv,217,0.0,b302ad9c9388c4b0e64e80b90122b5eb901b1bab98d39679e02a2ed066e18532
wri_per_country_outputs/indonesia/indonesia_per_city_deprived_counts_by_tau.csv,1552,0.001,b5be59cd6ea0ba8552c561e2f401588c378579d367e0fd78dcbf9783b0ef7ed0
wri_per_country_outputs/indonesia/indonesia_wri_informal_per_block.csv,753299,0.718,bbdb80c2656b37136bdafd99cb8d1da20d155334fd43a5f327f563ac6a35e65b
wri_per_country_outputs/indonesia/indonesia_wri_overlap_audit.csv,195,0.0,8ec567e525316dcdaee1cf6f46f94bda2bf7d8e3f3156a7b9063d2f050b23ef6
wri_per_country_outputs/indonesia/indonesia_wri_vs_rf_per_block_with_preds.csv,852599,0.813,ad477f445ba0cdf11289f029f7636c0f51e4660158c85f01d0056d54e8ce7c4d
wri_per_country_outputs/indonesia/indonesia_wri_vs_rf_threshold_sweep_country.csv,836,0.001,b9969c1ae51923c09e98f744319168e8377c7988d99798b8ed2d4e4578800943
wri_per_country_outputs/iran/iran_overall_deprived_counts_by_tau.csv,202,0.0,a3efbc855eabb73bbc446042bebc1aaec8f237eba34f649dede4953da7e3a59d
wri_per_country_outputs/iran/iran_per_city_deprived_counts_by_tau.csv,1110,0.001,98d5d6e394e9d30334ef9bef5b3ed0c2b92a74c9b5177d4c5cdbb3c2dba79b02
wri_per_country_outputs/iran/iran_wri_informal_per_block.csv,897556,0.856,0b4b6bcc21d83aa8fad61488dd8f8d26cd382a4de31d12f3b4378a2f7ec90f8c
wri_per_country_outputs/iran/iran_wri_overlap_audit.csv,132,0.0,265f7895effbcddd944903f688a8d5eed4bf09e6df96f03d202bf58e8f4480ca
wri_per_country_outputs/iran/iran_wri_vs_rf_per_block_with_preds.csv,1049770,1.001,c4befa0412b7d3d9b695c656168d1fd1648ce7a5a76fbd1ebb4c94dcb0f78952
wri_per_country_outputs/iran/iran_wri_vs_rf_threshold_sweep_country.csv,795,0.001,3fa8c64faefe8b66f591c843f1e69f5886ef833e0e36f5e6d5562dc42c72ba21
wri_per_country_outputs/iraq/iraq_overall_deprived_counts_by_tau.csv,203,0.0,b780378fb1a50abce649d5279dfa5b712fd26da687e40cb5d5e2b049d44423d7
wri_per_country_outputs/iraq/iraq_per_city_deprived_counts_by_tau.csv,895,0.001,113c870dd5057a35422dbf4cb0ca0eaf056abc9b6e4b730583473493209d3b5d
wri_per_country_outputs/iraq/iraq_wri_informal_per_block.csv,563757,0.538,5e6baaf8f5b6f587f1f965d64a29f5580f1ca1dde7aa6e18d1c00302dfa1f1b0
wri_per_country_outputs/iraq/iraq_wri_overlap_audit.csv,48,0.0,d8f196bc80671d4eaede422a840192ef2c42379973f19794c49f0905a2a4664a
wri_per_country_outputs/iraq/iraq_wri_vs_rf_per_block_with_preds.csv,648189,0.618,94a3bbc520b86ca80dc911bafcd8315023b52019caa0c3e0d2678cab8c9a0a21
wri_per_country_outputs/iraq/iraq_wri_vs_rf_threshold_sweep_country.csv,820,0.001,2dd9359cccbe372d59197440102c0b375ad9a1f9aded94df1f69109b236e43b3
wri_per_country_outputs/kazakhstan/kazakhstan_overall_deprived_counts_by_tau.csv,203,0.0,669b51664166eba6678a1db6ba0dbe74896f05bcfcf9ae107a901577fc42a13c
wri_per_country_outputs/kazakhstan/kazakhstan_per_city_deprived_counts_by_tau.csv,315,0.0,0679d51fd8947b70a211d8cfa71ff306532c36f196bb5b50aebfe833089cd7d8
wri_per_country_outputs/kazakhstan/kazakhstan_wri_informal_per_block.csv,71328,0.068,8dd01e4be8e5527df6c7ee3a1a1fd9d6018f5caa2c2f2daa2fefa7d620315f8b
wri_per_country_outputs/kazakhstan/kazakhstan_wri_overlap_audit.csv,48,0.0,1e8b86bc18033b8ee3db557bc8b00e3607c5571b2e16921afe31652450dcb80a
wri_per_country_outputs/kazakhstan/kazakhstan_wri_vs_rf_per_block_with_preds.csv,81648,0.078,c94cd7e843eb32123042b5dc015153c6c47869b0dae5814462c8dd3d3bd5c38b
wri_per_country_outputs/kazakhstan/kazakhstan_wri_vs_rf_threshold_sweep_country.csv,509,0.0,d74db90660c9db28d5d94b7a086021ec986707f737fb55bc6e2886643a74c747
wri_per_country_outputs/kenya/kenya_overall_deprived_counts_by_tau.csv,192,0.0,2783273ffef7280460153125a204ee51de9de9438c9613891fec479593e733d6
wri_per_country_outputs/kenya/kenya_per_city_deprived_counts_by_tau.csv,289,0.0,04c464ca59c4ec91247807cc286a8f689ec0dd99d708e551b2d3051cac0373a6
wri_per_country_outputs/kenya/kenya_wri_informal_per_block.csv,41434,0.04,0aada717fd136727a6b56dabbc84a09806892573a327c263568f06ad12e7b78b
wri_per_country_outputs/kenya/kenya_wri_overlap_audit.csv,46,0.0,d7140afea3ae13b4a13cde0dba1ebb898def9a3884e2de3968cd8935f75a3d7f
wri_per_country_outputs/kenya/kenya_wri_vs_rf_per_block_with_preds.csv,47734,0.046,37023248fa4240b8b39da7d6a181a4fe737110824870277b47af3d21899a4b80
wri_per_country_outputs/kenya/kenya_wri_vs_rf_threshold_sweep_country.csv,776,0.001,628d3385054f97c99acdd0e276c79b755feae85e5d7c242ca8815f998c188a7d
wri_per_country_outputs/malaysia/malaysia_overall_deprived_counts_by_tau.csv,193,0.0,d5ee8b7cbf23855dd749205fbe5be47e61c951cbba5e2297a4ecb114d2819d60
wri_per_country_outputs/malaysia/malaysia_per_city_deprived_counts_by_tau.csv,379,0.0,d786c1f97bfbe899f6663e799009b420ff45fc3a8ee36b07b511ce9065400500
wri_per_country_outputs/malaysia/malaysia_wri_informal_per_block.csv,76895,0.073,5a51bc1659c4a7f2885326cb69e09a27f2cef6309c4be2d3c1d97f5ccb2df3f2
wri_per_country_outputs/malaysia/malaysia_wri_overlap_audit.csv,66,0.0,af1284b54e604cd3bc0ccedd31f8def2cf5e5272f403a46925ad27bc537b8acd
wri_per_country_outputs/malaysia/malaysia_wri_vs_rf_per_block_with_preds.csv,90707,0.087,b1b44572a147122bba3a7720fb016e7dced066ec1a44ce7ec00807dd8f1634f6
wri_per_country_outputs/malaysia/malaysia_wri_vs_rf_threshold_sweep_country.csv,477,0.0,eb073f956a1f9c6196e0029aed9a604fb9f8ca0c72ef44099442e2302f56f812
wri_per_country_outputs/mali/mali_overall_deprived_counts_by_tau.csv,206,0.0,47dbe254d8d6688867ee61fc03d5d1a583c0a3a100efc2d30414a834273438c4
wri_per_country_outputs/mali/mali_per_city_deprived_counts_by_tau.csv,385,0.0,a83d4743269105043f099e871c9835d52f211da508dd2422d057f27c7e057ffa
wri_per_country_outputs/mali/mali_wri_informal_per_block.csv,323144,0.308,1e72cc60351ff43c0a9fc5cb4edf3dfc8aad9d7a2e0d481b851ece958151c234
wri_per_country_outputs/mali/mali_wri_overlap_audit.csv,47,0.0,b4e35f8f2c5db05f91a7be0bc4163cc4255bee9f1fc41265cd856a968f40dcda
wri_per_country_outputs/mali/mali_wri_vs_rf_per_block_with_preds.csv,373100,0.356,037f13bb166efd9e410b6ec23ad7c0cac667f90a96d3b2f14002d67d0d65c4af
wri_per_country_outputs/mali/mali_wri_vs_rf_threshold_sweep_country.csv,812,0.001,4861727062fb32828a891620a4dfd4a20e558f8bbbcfaff73dd9ced131ce15f8
wri_per_country_outputs/mexico/mexico_overall_deprived_counts_by_tau.csv,217,0.0,3f2dd829ea82f29c6f532d6ee3459c7d1a6c51148cd7bd2e344b00cb6aca0572
wri_per_country_outputs/mexico/mexico_per_city_deprived_counts_by_tau.csv,1805,0.002,937340aed5850ff357e0ca15ef4ebf960c4a065609a07bd5db40ceaf4f7deca1
wri_per_country_outputs/mexico/mexico_wri_informal_per_block.csv,2224650,2.122,0dc716855f3191a00496edf76a933bdefffbd21de8067253c5a5eacd1acff42e
wri_per_country_outputs/mexico/mexico_wri_overlap_audit.csv,181,0.0,979e5b69ad16138b5c1bdfc8c30f9d512934308670550b773545012373745298
wri_per_country_outputs/mexico/mexico_wri_vs_rf_per_block_with_preds.csv,2558442,2.44,9e33796a93387561969528dc94e93faf5eba1e014fcea3757083194f4baed33e
wri_per_country_outputs/mexico/mexico_wri_vs_rf_threshold_sweep_country.csv,844,0.001,ef254f794f7f3f10e749d0fee6ba0929e9296bc10a6888024a7a2086714d83ab
wri_per_country_outputs/mongolia/mongolia_overall_deprived_counts_by_tau.csv,197,0.0,396b472a292695590af91cb108a4ea0c29d3c1dc7bc81c73a4092604f8353540
wri_per_country_outputs/mongolia/mongolia_per_city_deprived_counts_by_tau.csv,210,0.0,bcb8f09a2887ec31f12049419224576659d9dc8c99adceff6b505955974b7fcd
wri_per_country_outputs/mongolia/mongolia_wri_informal_per_block.csv,80884,0.077,1bbb4350d35ea866ea122837391e934d7aa78d62d130e05a031fae506f4ba9b6
wri_per_country_outputs/mongolia/mongolia_wri_overlap_audit.csv,51,0.0,5ebff2bdf36db1ed9dc4e52ac924806107cc2fb386fa387f223ac0939f4b112c
wri_per_country_outputs/mongolia/mongolia_wri_vs_rf_per_block_with_preds.csv,92020,0.088,14f60236895320bca1616d4255b6a5311aeb5477fedba688e7581503cee52efe
wri_per_country_outputs/mongolia/mongolia_wri_vs_rf_threshold_sweep_country.csv,510,0.0,c05140d4206917a01d97bb72cc608c97ee556173f489b32cd2eb5b2e519a01b5
wri_per_country_outputs/morocco/morocco_overall_deprived_counts_by_tau.csv,196,0.0,78c10765189bf5b34f6a4d44487e1dbe283660a80d1628c39415260e80ccf0ee
wri_per_country_outputs/morocco/morocco_per_city_deprived_counts_by_tau.csv,203,0.0,fd27d735315d432228cb9b47cc98fc871a9ac86b6626c081350eba1610563e67
wri_per_country_outputs/morocco/morocco_wri_informal_per_block.csv,40569,0.039,72f59557fc7584673ceae8a739e62b97976b814267b720921b1efa52b889129b
wri_per_country_outputs/morocco/morocco_wri_overlap_audit.csv,49,0.0,a29eb89a4583e5194e0a66bce2a0598ae12cd82f38f2fe52d7b70a9d77c8bf38
wri_per_country_outputs/morocco/morocco_wri_vs_rf_per_block_with_preds.csv,46737,0.045,0a6adca739c6de03ae6f3812450dbe6b2c1e7b44179aecdc2969c169c3dce200
wri_per_country_outputs/morocco/morocco_wri_vs_rf_threshold_sweep_country.csv,769,0.001,2ef28ef34e5b4d6b94430f70a03981c3f413e088ee59e8206b2e196090c32994
wri_per_country_outputs/mozambique/mozambique_overall_deprived_counts_by_tau.csv,209,0.0,d806ee2020f2a1b823a8ebbc8c155db6d7f3cb01e29f4f40b5adebcc5f5440cf
wri_per_country_outputs/mozambique/mozambique_per_city_deprived_counts_by_tau.csv,414,0.0,7cc4c2775e31b36aec3668b992febd08e01223258f28381f6e0aefbd60fc153e
wri_per_country_outputs/mozambique/mozambique_wri_informal_per_block.csv,27635,0.026,09923d87cf47c55ab35b0b9e376bd8ac7866ea01307a33cbe79313c7242c1235
wri_per_country_outputs/mozambique/mozambique_wri_overlap_audit.csv,45,0.0,54b933013471c8a6ff17521801f6091072c6566a048186a317ad09a98a8793ef
wri_per_country_outputs/mozambique/mozambique_wri_vs_rf_per_block_with_preds.csv,32015,0.031,22f83fd097b27f28387b9bd09f03fb4e10a7bd66f42ca3b20155e39ab18b3db4
wri_per_country_outputs/mozambique/mozambique_wri_vs_rf_threshold_sweep_country.csv,758,0.001,74622f77aaa95c916abb7bd8d59996166d6becacdec95af7f4af8acfa0ea2371
wri_per_country_outputs/myanmar/myanmar_overall_deprived_counts_by_tau.csv,193,0.0,1849efeb3909ebfd124f6473df43eb657a73506e350f5a3575cbb79caffd5403
wri_per_country_outputs/myanmar/myanmar_per_city_deprived_counts_by_tau.csv,188,0.0,b449054805e68eb3f2eec46a11cef5d927bf22a220f98c36753d854bccf3383d
wri_per_country_outputs/myanmar/myanmar_wri_informal_per_block.csv,14718,0.014,2ba0ede4d22309726baa0a1b20bd67e9625d2907d3babf940f355e4590481ca4
wri_per_country_outputs/myanmar/myanmar_wri_overlap_audit.csv,45,0.0,8370db51b86ecfe5b53bc9eaf9cff114ed5dfca29e054e5d096afe832fd71819
wri_per_country_outputs/myanmar/myanmar_wri_vs_rf_per_block_with_preds.csv,17070,0.016,50c3e82dc9ddec6207155b720157d83b74659d1c19e3a1029d09a7e313b71376
wri_per_country_outputs/myanmar/myanmar_wri_vs_rf_threshold_sweep_country.csv,663,0.001,7e378e4633790720925e0e2ccf8e5570d6263618de15c15ee5732e023a1a425b
wri_per_country_outputs/nepal/nepal_overall_deprived_counts_by_tau.csv,182,0.0,5964e01b3fb7e1fdcf9cd6c3c2befdecfec801f7cce638e7aa8d01268b18cd77
wri_per_country_outputs/nepal/nepal_per_city_deprived_counts_by_tau.csv,183,0.0,c52108eaa94cf4c037d6df6a37ba21c4bcecb26695a5c8db4fc71d83e70d4da5
wri_per_country_outputs/nepal/nepal_wri_informal_per_block.csv,14466,0.014,12e88b3101658b466bf42c080230b5f81122cca759745d24c22a2a0714b38982
wri_per_country_outputs/nepal/nepal_wri_overlap_audit.csv,71,0.0,9d15ca4f22e73be7c5307efef3c545dab95695d70734b9e6e980a2eb1d69a2cd
wri_per_country_outputs/nepal/nepal_wri_vs_rf_per_block_with_preds.csv,16626,0.016,c83848747e173d33f580729af0db6fa1f863f310de66811089afd445a19e0a28
wri_per_country_outputs/nepal/nepal_wri_vs_rf_threshold_sweep_country.csv,640,0.001,307ad6a3da3eb0b91b7e0d467fa117a8ca741a80ee13ebf6e546c648602e0333
wri_per_country_outputs/nicaragua/nicaragua_overall_deprived_counts_by_tau.csv,193,0.0,cfbe90d4be9f08390c3ac5dc6410200cafc829109564392279b405b332f4bc78
wri_per_country_outputs/nicaragua/nicaragua_per_city_deprived_counts_by_tau.csv,188,0.0,070d89ca37d867723b41af079ac21c7129d2e4af49f4da85b3984ad382f2e65b
wri_per_country_outputs/nicaragua/nicaragua_wri_informal_per_block.csv,11287,0.011,796128d2ac7e21928497d3466fc4d19c9e108613679de242f74087d61bff8819
wri_per_country_outputs/nicaragua/nicaragua_wri_overlap_audit.csv,44,0.0,20c1900ac3cb163d548bb228c817b7a564db4c735a9b1ed1905abc3af203778b
wri_per_country_outputs/nicaragua/nicaragua_wri_vs_rf_per_block_with_preds.csv,13303,0.013,c31ac138ad90489d2c4ff7dc3e04bba67aa18e66bc33f6f417f5423aff1a7409
wri_per_country_outputs/nicaragua/nicaragua_wri_vs_rf_threshold_sweep_country.csv,721,0.001,7bf83a67129da30816d02d82164443b3f8230c0437af5a1e1c5f15e909189a6a
wri_per_country_outputs/nigeria/nigeria_overall_deprived_counts_by_tau.csv,222,0.0,4dadf99ad181baf8d7d6402926c4cdf027c7d50b7c66716eb881808f7e3c443e
wri_per_country_outputs/nigeria/nigeria_per_city_deprived_counts_by_tau.csv,1089,0.001,657ed860a42f7d4179ba9ef08ab5ef8015413bc40cb17a50a58fe702198bb8f9
wri_per_country_outputs/nigeria/nigeria_wri_informal_per_block.csv,1004224,0.958,d45a6a39b9c9b5a40e37bc6b3b6984501ac61ae2cc3381c17cdb2a6c711832c1
wri_per_country_outputs/nigeria/nigeria_wri_overlap_audit.csv,153,0.0,bf88e407cba95246226dcd764a5c00059e01e48f00df82918738f1b1cfa8ab3c
wri_per_country_outputs/nigeria/nigeria_wri_vs_rf_per_block_with_preds.csv,1161532,1.108,1b7c298dcac7b1e66bd0d249f7202d255f6de138153b9b120fe76becec8d2e33
wri_per_country_outputs/nigeria/nigeria_wri_vs_rf_threshold_sweep_country.csv,827,0.001,a64d0f2b73886b9c3207c2d5ef87584a5ced488aab455625de2914b68fd96217
wri_per_country_outputs/north_korea/north_korea_overall_deprived_counts_by_tau.csv,194,0.0,1cf028ee1fc094ed7e921a1496150541360c8257c4b25fa7e9a3d3fa56e418b4
wri_per_country_outputs/north_korea/north_korea_per_city_deprived_counts_by_tau.csv,420,0.0,cc675351bcd64768705b028b010fa2e7532fe4ef5602eec27f92b322febc04e4
wri_per_country_outputs/north_korea/north_korea_wri_informal_per_block.csv,47125,0.045,bb956678a64c8c30c8ee6dd28fc77121fd4a7713a3f2221b877da385ef9d543c
wri_per_country_outputs/north_korea/north_korea_wri_overlap_audit.csv,49,0.0,1d69240257c7b48c37de48a22c6992612a345fc1d8bbf18691b09cdc9259217e
wri_per_country_outputs/north_korea/north_korea_wri_vs_rf_per_block_with_preds.csv,54709,0.052,e34d08fbb63d18632440717295043cfe27abdfbe11521f4358aa1120d3bf57cd
wri_per_country_outputs/north_korea/north_korea_wri_vs_rf_threshold_sweep_country.csv,434,0.0,66a192566b9e7808a51ada102ab9df338cc2ee6545e4a8081aee41b1c69c2f22
wri_per_country_outputs/pakistan/pakistan_overall_deprived_counts_by_tau.csv,229,0.0,c917a6d93475c4581b4eea441c49ca1b16a074969df1404c168e5bc0cca49730
wri_per_country_outputs/pakistan/pakistan_per_city_deprived_counts_by_tau.csv,807,0.001,af7932b887c8855f787c8369cca6e316a380f06d6ce97a8ba19938fc99f175a1
wri_per_country_outputs/pakistan/pakistan_wri_informal_per_block.csv,2021598,1.928,f13843647aafbd9c845f1060ca336a2717e10e1241e2be042e3aa589fdcf8393
wri_per_country_outputs/pakistan/pakistan_wri_overlap_audit.csv,95,0.0,23f32d92ad883ded76a9c84fad262123b1d8580cd80004aa6890239c90424ca8
wri_per_country_outputs/pakistan/pakistan_wri_vs_rf_per_block_with_preds.csv,2339430,2.231,8350ca45619fa9f55b68bb925c0e5c8aa2f22807f66099c7ae8413cf11a8bae4
wri_per_country_outputs/pakistan/pakistan_wri_vs_rf_threshold_sweep_country.csv,836,0.001,2bf597dd7a21bd32e62b15247b5c4c1a6e1bc3a8a91716e74ee6f82a64bdd16b
wri_per_country_outputs/philippines/philippines_overall_deprived_counts_by_tau.csv,233,0.0,df93aa844f4128d555da92928853c08e481a54c193067de3979e30c26c6befef
wri_per_country_outputs/philippines/philippines_per_city_deprived_counts_by_tau.csv,1170,0.001,53d11256e8389cbd5d27f2216d301fa3235a30af6b4dfed7142f048591fad21f
wri_per_country_outputs/philippines/philippines_wri_informal_per_block.csv,1290568,1.231,b0e28a3c871348fe6f03ec08552f01e08dcb2f29bf9fe71bb505f21464934b47
wri_per_country_outputs/philippines/philippines_wri_overlap_audit.csv,96,0.0,8aefe8be12d1140c4131f7a24916b98ed2d2cc253919dd8149b66c5f5d8b012c
wri_per_country_outputs/philippines/philippines_wri_vs_rf_per_block_with_preds.csv,1460764,1.393,c13163b5c06edee5568033f2cff0f5cab0a8112d7e26c55b13efb3052dc3d6bd
wri_per_country_outputs/philippines/philippines_wri_vs_rf_threshold_sweep_country.csv,836,0.001,472820552a79a58191e67f2014415713149d1355a8998c1c58679b1f3200e71c
wri_per_country_outputs/rwanda/rwanda_overall_deprived_counts_by_tau.csv,200,0.0,f4ea1c5ed8407e0b0b454cc11402c272555473310fcc4b9129930be06d85e4bf
wri_per_country_outputs/rwanda/rwanda_per_city_deprived_counts_by_tau.csv,290,0.0,1ebf6d410572d7330c2a3ccce16470e8a1cb4f011a7bbfae71943be9786c023f
wri_per_country_outputs/rwanda/rwanda_wri_informal_per_block.csv,95885,0.091,34feb4c09e9e38ab4f7ffb27495b551228249fa7127d47b46d23ee5cc553e9f6
wri_per_country_outputs/rwanda/rwanda_wri_overlap_audit.csv,70,0.0,bfb1641ef06d159c805062c2fd818c700db833c8579b025fe40460a49e1e7c82
wri_per_country_outputs/rwanda/rwanda_wri_vs_rf_per_block_with_preds.csv,109865,0.105,292faa03e3b7ee98d01306fee339e93b05a6981d95df9a2c2c6449357bf56946
wri_per_country_outputs/rwanda/rwanda_wri_vs_rf_threshold_sweep_country.csv,798,0.001,cb68622cd9e0ce773dab1e310d42b71ef2338a3412122890567f752628564f88
wri_per_country_outputs/south_africa/south_africa_overall_deprived_counts_by_tau.csv,231,0.0,afb85d342be9f970ee57f7d00b626f97f543232b12bd7ed334b0e8daac466b67
wri_per_country_outputs/south_africa/south_africa_per_city_deprived_counts_by_tau.csv,2203,0.002,d2e76471f3ec54d5402192913dcf988fb7dd284fe37be3cafec23ac665c9d95d
wri_per_country_outputs/south_africa/south_africa_wri_informal_per_block.csv,906061,0.864,332eb27e3ee3dcdbc0f695f15c06ac4209b3365bf6cf5fc5db10a12dadef2286
wri_per_country_outputs/south_africa/south_africa_wri_overlap_audit.csv,84,0.0,cc4be5a72281718e42b26063a662aa4a9dfdb0564a42c34bfde8020bfd4e80ff
wri_per_country_outputs/south_africa/south_africa_wri_vs_rf_per_block_with_preds.csv,1037121,0.989,90a5f612a2d6c2b2bd4e4a0077a6aec7dee8c46457e763bf8fd15ae01254b4eb
wri_per_country_outputs/south_africa/south_africa_wri_vs_rf_threshold_sweep_country.csv,827,0.001,71a0e9123e75f5739098f04d3ba29749d7d6787cb9f48ca464690aba9534f337
wri_per_country_outputs/sudan/sudan_overall_deprived_counts_by_tau.csv,209,0.0,c1381b1b755f560610d7fc88a3ff70daa4d380f9f5a3fe7ce3b0f73eefcbb70f
wri_per_country_outputs/sudan/sudan_per_city_deprived_counts_by_tau.csv,495,0.0,7f7790145c286af49a2c6ab03857b7082a61fb409a9bc77f52e4f71dd46fc66c
wri_per_country_outputs/sudan/sudan_wri_informal_per_block.csv,596256,0.569,75df8b4abce5a77d8bfc395dc075876df75f01c09aa87baa31568e59a7736da8
wri_per_country_outputs/sudan/sudan_wri_overlap_audit.csv,49,0.0,6b1c2deb66744756caab4b74daa5762eb2a2967aa6f9d423119fcd01ce8d8ae9
wri_per_country_outputs/sudan/sudan_wri_vs_rf_per_block_with_preds.csv,684624,0.653,860332f7d3569bc44b1e6c38111db56373682259fc415fae2029f388ad96571d
wri_per_country_outputs/sudan/sudan_wri_vs_rf_threshold_sweep_country.csv,814,0.001,8005b4e0cfa80e4d4cbfdbb7b804a3b6d0d8a22ba7186d028bbb9811074b7a08
wri_per_country_outputs/tanzania/tanzania_overall_deprived_counts_by_tau.csv,201,0.0,c46f5cb3dc54c762db3069f1581407f90917a0eeb8e9f2b9877b6219bb90ce1d
wri_per_country_outputs/tanzania/tanzania_per_city_deprived_counts_by_tau.csv,199,0.0,d6974ca139ee35f1b212533ff558b0188fa4519f3005238cb40f3ce1edd32e29
wri_per_country_outputs/tanzania/tanzania_wri_informal_per_block.csv,36623,0.035,5cfb7033fc0f13c8d746e2cbd9d44d14a7e21c1bc69955c39762af746a9f3e3d
wri_per_country_outputs/tanzania/tanzania_wri_overlap_audit.csv,46,0.0,df11292002b743b10fcaca78ff955003028bc0c49266ff9dc62ca28303839a52
wri_per_country_outputs/tanzania/tanzania_wri_vs_rf_per_block_with_preds.csv,42143,0.04,5592a02f5e671497e4cd01c0d414aa436d9b06fd722defcb628893f0e5c45e47
wri_per_country_outputs/tanzania/tanzania_wri_vs_rf_threshold_sweep_country.csv,786,0.001,58da8226d3801a4348cb094bea1fff43857945d62c144f89ae53de3692179a25
wri_per_country_outputs/thailand/thailand_overall_deprived_counts_by_tau.csv,212,0.0,3558866718c7f5e1dafabdb5311b257ef04ce1488ddcaa44c39414f242b28b5f
wri_per_country_outputs/thailand/thailand_per_city_deprived_counts_by_tau.csv,762,0.001,aba20515a74d1e16ee62079ab9b98fb539e47fe7ba08b7ee4c2fc0714f5b67bd
wri_per_country_outputs/thailand/thailand_wri_informal_per_block.csv,901248,0.859,a3aadd42ca3c2b4e1d3e94a4592568a7e4bd0a8353122ac63aceccd61182f851
wri_per_country_outputs/thailand/thailand_wri_overlap_audit.csv,158,0.0,d93d52985b583bca6d926370e09b5ebe09bd02d5158f6b627e5eb0d37ad8edbf
wri_per_country_outputs/thailand/thailand_wri_vs_rf_per_block_with_preds.csv,1003632,0.957,d41fe32b2f80c7bee699e91e3075dd2539d5c6eef63978290186bf3a9f72cbf0
wri_per_country_outputs/thailand/thailand_wri_vs_rf_threshold_sweep_country.csv,795,0.001,56d720a5b277c4448ec8db5f16ddd4692f140ac60a3a8142f86fee9d84e3a186
wri_per_country_outputs/tunisia/tunisia_overall_deprived_counts_by_tau.csv,184,0.0,5842820a22910c3d19a21e4cdd669597319e1746ded9a5020356b5b507d65940
wri_per_country_outputs/tunisia/tunisia_per_city_deprived_counts_by_tau.csv,191,0.0,b14713eb2f2e09b5dc8d882d735a6b29a79c2b52f0aeb0f72b6692e81143ff85
wri_per_country_outputs/tunisia/tunisia_wri_informal_per_block.csv,5238,0.005,27e9029749926490908ceb9fb047914fc0cbc4d8a32c6ab69e49de12b56f2a91
wri_per_country_outputs/tunisia/tunisia_wri_overlap_audit.csv,47,0.0,feef52c66512d611600e460ccc973ce4c66e69c3ff791e8ba1a0e74765772187
wri_per_country_outputs/tunisia/tunisia_wri_vs_rf_per_block_with_preds.csv,6054,0.006,57cdbc7ec5b6f4bb1755f1d866d51f1933979effdc745c8f4456e4174cc97e81
wri_per_country_outputs/tunisia/tunisia_wri_vs_rf_threshold_sweep_country.csv,628,0.001,f0d803e464e2f71a5519d8080319ac050e02e17842652fae9424d81d1c869184
wri_per_country_outputs/uganda/uganda_overall_deprived_counts_by_tau.csv,211,0.0,e4895cea0e1043acae636f2684a6291a028c01d020bebe00f82f4bfd839d8a91
wri_per_country_outputs/uganda/uganda_per_city_deprived_counts_by_tau.csv,492,0.0,5b7b9d8c5e72dc011ceebfddb2c69ca725b6c18e7a28403babf0dd2b02a08243
wri_per_country_outputs/uganda/uganda_wri_informal_per_block.csv,271624,0.259,8c73bda8fc5c881932cc706a114ad78d21fa27c82a752e1a2fba567bad7dee9e
wri_per_country_outputs/uganda/uganda_wri_overlap_audit.csv,48,0.0,72c2a0ab53ac89fc5e8f31fd51d8f2c3a4569f14e51b6a596f7095ceee63535d
wri_per_country_outputs/uganda/uganda_wri_vs_rf_per_block_with_preds.csv,310828,0.296,0b4e4099321c03bd4bb71fe9273d58811d1d36b11d679f087e2ef305b4c00f2d
wri_per_country_outputs/uganda/uganda_wri_vs_rf_threshold_sweep_country.csv,809,0.001,7a024262dd3bcab5b2044f60b805ab26997ee381a2c259c55cecd4ee3eb1cff3
wri_per_country_outputs/uzbekistan/uzbekistan_overall_deprived_counts_by_tau.csv,210,0.0,4dbc808ea258dd38a18c5f7ccd186a981178553d229548be0206f57ee8b2ca3f
wri_per_country_outputs/uzbekistan/uzbekistan_per_city_deprived_counts_by_tau.csv,533,0.001,e42cece5016fcc1a38eb4a8d73488378c8bcfb40188581692e836ca3ab3e65b3
wri_per_country_outputs/uzbekistan/uzbekistan_wri_informal_per_block.csv,137556,0.131,24bff39e9de7d2bb04c8422a13e52bf6b7f2a69d5820a0791af8d0aa9d62a227
wri_per_country_outputs/uzbekistan/uzbekistan_wri_overlap_audit.csv,72,0.0,55e4568cd533728eba0885e4b951ba7072f007326310371c7258eb37183c87a7
wri_per_country_outputs/uzbekistan/uzbekistan_wri_vs_rf_per_block_with_preds.csv,157740,0.15,f0a77c4a8ce076ea87dff323486dbf17243f8f038a9816121596dc0237587153
wri_per_country_outputs/uzbekistan/uzbekistan_wri_vs_rf_threshold_sweep_country.csv,798,0.001,f7504a7c61be3c4fc5215b4fe2c772798a08ae7364447f2dcebc2e78c47a0132
wri_per_country_outputs/venezuela/venezuela_overall_deprived_counts_by_tau.csv,209,0.0,2882443cedbc67ae48ec996f51d8dbc5a9e9c6b3ff9c30065b89e92e47167b7f
wri_per_country_outputs/venezuela/venezuela_per_city_deprived_counts_by_tau.csv,1007,0.001,d33655f63ea884ad8ec45017a44d0d6ba55a586da6e3a7ecd174ec4ee50132a1
wri_per_country_outputs/venezuela/venezuela_wri_informal_per_block.csv,154294,0.147,5f56575268e94be61f2d8152da2b961fe87981245c58819016a7a31a39a96530
wri_per_country_outputs/venezuela/venezuela_wri_overlap_audit.csv,71,0.0,9da60a6c74fc0e6385f78801b97370033a4cb29e339b90d65aa831c8f08b95f7
wri_per_country_outputs/venezuela/venezuela_wri_vs_rf_per_block_with_preds.csv,179590,0.171,c9b1ba3882ebaad6a783752385b3450c420ff2dfc89dacff0b41873b5b4a0e84
wri_per_country_outputs/venezuela/venezuela_wri_vs_rf_threshold_sweep_country.csv,807,0.001,4380747816684e3f7c80f3ce7c0c2dbefdb60a945952d6170ba063056757bd96
wri_per_country_outputs/vietnam/vietnam_overall_deprived_counts_by_tau.csv,212,0.0,2c31053bbc0e0c3adc59d022d95bddc91e993e1ef9f65b0b9902df34a6434edd
wri_per_country_outputs/vietnam/vietnam_per_city_deprived_counts_by_tau.csv,1242,0.001,c7c814a43b972e62830025f58edf1ffdf03635213cd40bb73f2687f3479c6c5b
wri_per_country_outputs/vietnam/vietnam_wri_informal_per_block.csv,886711,0.846,0e967842b773584e2cb6fa6aa0176aa156ff0656262da074be32da5e79bdde78
wri_per_country_outputs/vietnam/vietnam_wri_overlap_audit.csv,81,0.0,70c7abd0aec23cb48adccdd8c5482ca6794e0738ca37646908d2ddc22ab0ddb2
wri_per_country_outputs/vietnam/vietnam_wri_vs_rf_per_block_with_preds.csv,999391,0.953,82163d7111c2e9eb6b6b0bbf79d31d4a049652ca2b197b29da9c737634390ad0
wri_per_country_outputs/vietnam/vietnam_wri_vs_rf_threshold_sweep_country.csv,837,0.001,9b8c8b6ccfa4499154d6438d8378ebec132f8e58af521f2865c80ac9eade9564
wri_per_country_outputs/yemen/yemen_overall_deprived_counts_by_tau.csv,199,0.0,214f73284aeaabf115f187714db8040ef6b95e9d0046c6ca8879c45f579b4cd5
wri_per_country_outputs/yemen/yemen_per_city_deprived_counts_by_tau.csv,194,0.0,80606d06c256a8b43dcf78141500df527991fe760bae5653cd72e77ba71c65d5
wri_per_country_outputs/yemen/yemen_wri_informal_per_block.csv,206184,0.197,fe56c33a6aed5e9f9197a5aa615df985cbbc02d0a078ad3bcede7f3835ed650c
wri_per_country_outputs/yemen/yemen_wri_overlap_audit.csv,45,0.0,644d11e5808e5e12bc84fd9b73b358ad4d4c56b6b339e7469a9e680351c013ca
wri_per_country_outputs/yemen/yemen_wri_vs_rf_per_block_with_preds.csv,241620,0.23,2bf36f75356b88e5c950411e15df93748c97a6e99b170fe8458e3c5297602aa2
wri_per_country_outputs/yemen/yemen_wri_vs_rf_threshold_sweep_country.csv,828,0.001,1aa83bfa86878e1515ce7f1f38d1d65fc6d5b6ff8833b22e8774562375a63bde
wri_per_country_outputs/zambia/zambia_overall_deprived_counts_by_tau.csv,197,0.0,376c92dab59cd3323dd39209312cf0f7bd6c4e76da79113be61eea99a6c70ad5
wri_per_country_outputs/zambia/zambia_per_city_deprived_counts_by_tau.csv,282,0.0,5613a004e2d21e3406dee5151aa88c43dcb02826792a60dc94007cab94f379e8
wri_per_country_outputs/zambia/zambia_wri_informal_per_block.csv,38236,0.036,25bd51bb6e37fe15e6a6d43a1644cbbe790cf3913e34c975677455c0c3a77496
wri_per_country_outputs/zambia/zambia_wri_overlap_audit.csv,45,0.0,7651c35b9791bfcf40d5b41371a08d44a9bab2b86b071361b1fa75ab5d62a79e
wri_per_country_outputs/zambia/zambia_wri_vs_rf_per_block_with_preds.csv,44272,0.042,c96fd64babee8ea8151dab426e565ef9a22664b8c77da63fd24567f3e7f3894a
wri_per_country_outputs/zambia/zambia_wri_vs_rf_threshold_sweep_country.csv,789,0.001,d0741b657db8e068fc900b2637506cbb466513cb4d01add2e6346e1db22382e6
