TP,FP,TN,FN,precision,recall,F1,balanced_acc,country,Rule / Comparison,τ (threshold),n (blocks)
278,521,86,6,0.3479349186483104,0.9788732394366197,0.5133887349953832,0.5602768174118848,angola,SSI (any-pixel),0.1,891
278,503,104,6,0.3559539052496799,0.9788732394366197,0.5220657276995305,0.5751038355337958,angola,SSI (any-pixel),0.2,891
277,476,131,7,0.36786188579017265,0.9753521126760564,0.5342333654773386,0.5955837993363807,angola,SSI (any-pixel),0.3,891
278,521,86,6,0.3479349186483104,0.9788732394366197,0.5133887349953832,0.5602768174118848,angola,SSI (mean-SSI),0.1,891
278,505,102,6,0.3550446998722861,0.9788732394366197,0.521087160262418,0.5734563890758058,angola,SSI (mean-SSI),0.2,891
278,479,128,6,0.36723910171730517,0.9788732394366197,0.5341018251681076,0.5948731930296772,angola,SSI (mean-SSI),0.3,891
278,342,265,6,0.4483870967741935,0.9788732394366197,0.6150442477876106,0.7077232754020002,angola,SSI (SpaceDef only),0.1,891
277,310,297,7,0.47189097103918226,0.9753521126760564,0.6360505166475316,0.7323218553495603,angola,SSI (SpaceDef only),0.2,891
277,290,317,7,0.48853615520282184,0.9753521126760564,0.6509988249118683,0.7487963199294614,angola,SSI (SpaceDef only),0.3,891
