TP,FP,TN,FN,precision,recall,F1,balanced_acc,country,Rule / Comparison,τ (threshold),n (blocks)
457,3556,546,32,0.11387989035634188,0.934560327198364,0.20302087960906265,0.5338330646230728,benin,SSI (any-pixel),0.1,4591
448,3292,810,41,0.11978609625668449,0.9161554192229039,0.21187041853866162,0.556810035306235,benin,SSI (any-pixel),0.2,4591
430,2960,1142,59,0.12684365781710916,0.8793456032719836,0.22170662541892242,0.5788731916896241,benin,SSI (any-pixel),0.3,4591
457,3559,543,32,0.11379482071713147,0.934560327198364,0.20288568257491674,0.5334673893427218,benin,SSI (mean-SSI),0.1,4591
450,3316,786,39,0.11949017525225704,0.9202453987730062,0.21151586368977673,0.5559296228384777,benin,SSI (mean-SSI),0.2,4591
433,3022,1080,56,0.12532561505065123,0.885480572597137,0.21957403651115617,0.5743833872249459,benin,SSI (mean-SSI),0.3,4591
426,1844,2258,63,0.18766519823788547,0.8711656441717791,0.3088075389633925,0.7108144164301119,benin,SSI (SpaceDef only),0.1,4591
414,1721,2381,75,0.1939110070257611,0.8466257668711656,0.3155487804878049,0.7135371642741981,benin,SSI (SpaceDef only),0.2,4591
399,1598,2504,90,0.19979969954932397,0.8159509202453987,0.3209975864843121,0.7131924274557077,benin,SSI (SpaceDef only),0.3,4591
