TP,FP,TN,FN,precision,recall,F1,balanced_acc,country,Rule / Comparison,τ (threshold),n (blocks)
3310,1973,37,2,0.6265379519212568,0.9993961352657005,0.7702152414194299,0.5089020477323527,burkina_faso,SSI (any-pixel),0.1,5322
3308,1950,60,4,0.6291365538227462,0.998792270531401,0.771995332555426,0.5143215084000289,burkina_faso,SSI (any-pixel),0.2,5322
3297,1906,104,15,0.6336728810301749,0.9954710144927537,0.7743981209630064,0.523606154012546,burkina_faso,SSI (any-pixel),0.3,5322
3310,1974,36,2,0.6264193792581377,0.9993961352657005,0.7701256398324802,0.5086532915134473,burkina_faso,SSI (mean-SSI),0.1,5322
3308,1954,56,4,0.628658304827062,0.998792270531401,0.7716351761138326,0.5133264835244069,burkina_faso,SSI (mean-SSI),0.2,5322
3300,1917,93,12,0.6325474410580794,0.9963768115942029,0.7738304607808653,0.5213227341553104,burkina_faso,SSI (mean-SSI),0.3,5322
3226,1510,500,86,0.6811655405405406,0.9740338164251208,0.80168986083499,0.6113950176652967,burkina_faso,SSI (SpaceDef only),0.1,5322
3196,1407,603,116,0.6943297849228763,0.964975845410628,0.8075805432722677,0.632487922705314,burkina_faso,SSI (SpaceDef only),0.2,5322
3164,1292,718,148,0.7100538599640933,0.9553140096618358,0.8146240988671473,0.6562639700050472,burkina_faso,SSI (SpaceDef only),0.3,5322
