TP,FP,TN,FN,precision,recall,F1,balanced_acc,country,Rule / Comparison,τ (threshold),n (blocks)
511,664,90,4,0.4348936170212766,0.9922330097087378,0.6047337278106509,0.555798202467101,burundi,SSI (any-pixel),0.1,1269
511,639,115,4,0.4443478260869565,0.9922330097087378,0.6138138138138137,0.572376451803971,burundi,SSI (any-pixel),0.2,1269
511,592,162,4,0.46328195829555757,0.9922330097087378,0.6316440049443758,0.6035435605572868,burundi,SSI (any-pixel),0.3,1269
511,664,90,4,0.4348936170212766,0.9922330097087378,0.6047337278106509,0.555798202467101,burundi,SSI (mean-SSI),0.1,1269
511,641,113,4,0.4435763888888889,0.9922330097087378,0.6130773845230953,0.5710501918570214,burundi,SSI (mean-SSI),0.2,1269
511,605,149,4,0.4578853046594982,0.9922330097087378,0.6266094420600858,0.5949228709021143,burundi,SSI (mean-SSI),0.3,1269
508,363,391,7,0.5832376578645235,0.9864077669902913,0.733044733044733,0.7524877031237929,burundi,SSI (SpaceDef only),0.1,1269
507,333,421,8,0.6035714285714285,0.9844660194174757,0.7483394833948339,0.7714107285416291,burundi,SSI (SpaceDef only),0.2,1269
506,297,457,9,0.6301369863013698,0.9825242718446602,0.7678300455235204,0.7943125338003142,burundi,SSI (SpaceDef only),0.3,1269
