TP,FP,TN,FN,precision,recall,F1,balanced_acc,country,Rule / Comparison,τ (threshold),n (blocks)
2587,5567,1283,520,0.31726759872455235,0.8326359832635983,0.45946185951514074,0.5099676266682955,cameroon,SSI (any-pixel),0.1,9957
2569,5377,1473,538,0.3233073244399698,0.8268426134534921,0.46485117162761236,0.5209395549019286,cameroon,SSI (any-pixel),0.2,9957
2538,4949,1901,569,0.33898757846934685,0.8168651432249758,0.4791391353596375,0.5471916957000792,cameroon,SSI (any-pixel),0.3,9957
2587,5571,1279,520,0.3171120372640353,0.8326359832635983,0.4592987128273414,0.5096756558653758,cameroon,SSI (mean-SSI),0.1,9957
2573,5405,1445,534,0.32251190774630234,0.8281300289668491,0.4642309427153812,0.519539467038169,cameroon,SSI (mean-SSI),0.2,9957
2545,5046,1804,562,0.33526544592280333,0.8191181203733505,0.4757898672649093,0.5412378923034635,cameroon,SSI (mean-SSI),0.3,9957
2259,1764,5086,848,0.5615212527964206,0.7270679111683296,0.6336605890603085,0.7347748314965736,cameroon,SSI (SpaceDef only),0.1,9957
2233,1560,5290,874,0.5887160558924335,0.7186997103315095,0.6472463768115941,0.7454812420270687,cameroon,SSI (SpaceDef only),0.2,9957
2181,1389,5461,926,0.6109243697478992,0.7019633086578694,0.6532874045229894,0.7495947930150662,cameroon,SSI (SpaceDef only),0.3,9957
