TP,FP,TN,FN,precision,recall,F1,balanced_acc,country,Rule / Comparison,τ (threshold),n (blocks)
75,34,112,78,0.6880733944954128,0.49019607843137253,0.5725190839694657,0.6286596830513027,djibouti,SSI (any-pixel),0.1,299
75,29,117,78,0.7211538461538461,0.49019607843137253,0.5836575875486382,0.6457829707225355,djibouti,SSI (any-pixel),0.2,299
75,25,121,78,0.75,0.49019607843137253,0.592885375494071,0.6594816008595219,djibouti,SSI (any-pixel),0.3,299
75,34,112,78,0.6880733944954128,0.49019607843137253,0.5725190839694657,0.6286596830513027,djibouti,SSI (mean-SSI),0.1,299
75,30,116,78,0.7142857142857143,0.49019607843137253,0.5813953488372093,0.642358313188289,djibouti,SSI (mean-SSI),0.2,299
75,26,120,78,0.7425742574257426,0.49019607843137253,0.5905511811023622,0.6560569433252753,djibouti,SSI (mean-SSI),0.3,299
73,7,139,80,0.9125,0.477124183006536,0.6266094420600858,0.714589488763542,djibouti,SSI (SpaceDef only),0.1,299
73,6,140,80,0.9240506329113924,0.477124183006536,0.6293103448275863,0.7180141462977885,djibouti,SSI (SpaceDef only),0.2,299
71,6,140,82,0.922077922077922,0.46405228758169936,0.6173913043478262,0.7114781985853702,djibouti,SSI (SpaceDef only),0.3,299
