TP,FP,TN,FN,precision,recall,F1,balanced_acc,country,Rule / Comparison,τ (threshold),n (blocks)
12064,24302,14848,3964,0.3317384370015949,0.7526828050910906,0.46051074550521054,0.565971032175175,egypt,SSI (any-pixel),0.1,55178
11999,21479,17671,4029,0.3584144811518012,0.7486274020464188,0.4847493233143457,0.5999969704995823,egypt,SSI (any-pixel),0.2,55178
11842,18219,20931,4186,0.3939323375802535,0.7388320439231345,0.5138753281694114,0.6367340296244025,egypt,SSI (any-pixel),0.3,55178
12064,24462,14688,3964,0.3302852762415813,0.7526828050910906,0.459108726262511,0.5639276094420971,egypt,SSI (mean-SSI),0.1,55178
12001,22000,17150,4027,0.35296020705273373,0.7487521836785626,0.47976173819184875,0.5934054660410693,egypt,SSI (mean-SSI),0.2,55178
11851,19091,20059,4177,0.3830069161657294,0.7393935612677813,0.5046199701937406,0.6258781344014513,egypt,SSI (mean-SSI),0.3,55178
11507,13265,25885,4521,0.4645163894719845,0.7179311205390566,0.5640686274509803,0.6895530443052882,egypt,SSI (SpaceDef only),0.1,55178
11471,11967,27183,4557,0.4894188923969622,0.7156850511604692,0.5813104951097148,0.705007276538089,egypt,SSI (SpaceDef only),0.2,55178
11355,10839,28311,4673,0.511624763449581,0.7084477164961318,0.5941604311652975,0.7157947394741195,egypt,SSI (SpaceDef only),0.3,55178
