TP,FP,TN,FN,precision,recall,F1,balanced_acc,country,Rule / Comparison,τ (threshold),n (blocks)
1850,3808,136,26,0.32697066101095795,0.9861407249466951,0.49110698168303696,0.5103117417836924,ethiopia,SSI (any-pixel),0.1,5820
1849,3782,162,27,0.328360859527615,0.9856076759061834,0.4926069002264553,0.5133413633080612,ethiopia,SSI (any-pixel),0.2,5820
1848,3712,232,28,0.33237410071942447,0.9850746268656716,0.4970414201183432,0.5219490781387182,ethiopia,SSI (any-pixel),0.3,5820
1850,3808,136,26,0.32697066101095795,0.9861407249466951,0.49110698168303696,0.5103117417836924,ethiopia,SSI (mean-SSI),0.1,5820
1849,3789,155,27,0.3279531748847109,0.9856076759061834,0.4921479904178866,0.51245393937297,ethiopia,SSI (mean-SSI),0.2,5820
1848,3741,203,28,0.33064949006977995,0.9850746268656716,0.49511051574012066,0.5182726075504829,ethiopia,SSI (mean-SSI),0.3,5820
1821,3406,538,55,0.3483833939162043,0.970682302771855,0.5127410953118401,0.5535460195400856,ethiopia,SSI (SpaceDef only),0.1,5820
1820,3243,701,56,0.3594706695634999,0.9701492537313433,0.5245712638708748,0.5739437952226696,ethiopia,SSI (SpaceDef only),0.2,5820
1813,3086,858,63,0.370075525617473,0.9664179104477612,0.5352029520295204,0.5919817746964973,ethiopia,SSI (SpaceDef only),0.3,5820
