TP,FP,TN,FN,precision,recall,F1,balanced_acc,country,Rule / Comparison,τ (threshold),n (blocks)
24,852,613,16,0.0273972602739726,0.6,0.05240174672489083,0.5092150170648464,gambia,SSI (any-pixel),0.1,1505
24,705,760,16,0.03292181069958848,0.6,0.06241872561768531,0.5593856655290101,gambia,SSI (any-pixel),0.2,1505
23,527,938,17,0.04181818181818182,0.575,0.07796610169491525,0.6076365187713311,gambia,SSI (any-pixel),0.3,1505
24,856,609,16,0.02727272727272727,0.6,0.05217391304347826,0.5078498293515359,gambia,SSI (mean-SSI),0.1,1505
24,718,747,16,0.03234501347708895,0.6,0.061381074168797956,0.5549488054607508,gambia,SSI (mean-SSI),0.2,1505
24,560,905,16,0.0410958904109589,0.6,0.07692307692307691,0.6088737201365187,gambia,SSI (mean-SSI),0.3,1505
21,60,1405,19,0.25925925925925924,0.525,0.34710743801652894,0.7420221843003413,gambia,SSI (SpaceDef only),0.1,1505
19,49,1416,21,0.27941176470588236,0.475,0.35185185185185186,0.7207764505119454,gambia,SSI (SpaceDef only),0.2,1505
18,37,1428,22,0.32727272727272727,0.45,0.3789473684210526,0.7123720136518772,gambia,SSI (SpaceDef only),0.3,1505
