TP,FP,TN,FN,precision,recall,F1,balanced_acc,country,Rule / Comparison,τ (threshold),n (blocks)
510,734,519,39,0.409967845659164,0.9289617486338798,0.5688789737869492,0.6715838272299487,mauritania,SSI (any-pixel),0.1,1802
509,674,579,40,0.43026204564666104,0.9271402550091075,0.5877598152424942,0.6946156183265808,mauritania,SSI (any-pixel),0.2,1802
507,598,655,42,0.4588235294117647,0.9234972677595629,0.6130592503022974,0.7231213393865652,mauritania,SSI (any-pixel),0.3,1802
510,735,518,39,0.40963855421686746,0.9289617486338798,0.5685618729096991,0.671184784931465,mauritania,SSI (mean-SSI),0.1,1802
509,681,572,40,0.42773109243697477,0.9271402550091075,0.5853939045428407,0.6918223222371954,mauritania,SSI (mean-SSI),0.2,1802
507,621,632,42,0.449468085106383,0.9234972677595629,0.6046511627906977,0.7139433665214414,mauritania,SSI (mean-SSI),0.3,1802
510,663,590,39,0.43478260869565216,0.9289617486338798,0.5923344947735192,0.6999158304222871,mauritania,SSI (SpaceDef only),0.1,1802
509,600,653,40,0.45897204688908927,0.9271402550091075,0.6139927623642943,0.7241447484143702,mauritania,SSI (SpaceDef only),0.2,1802
507,548,705,42,0.48056872037914694,0.9234972677595629,0.6321695760598504,0.7430734543107471,mauritania,SSI (SpaceDef only),0.3,1802
