TP,FP,TN,FN,precision,recall,F1,balanced_acc,country,Rule / Comparison,τ (threshold),n (blocks)
194,116,34,2,0.6258064516129033,0.9897959183673469,0.766798418972332,0.6082312925170068,namibia,SSI (any-pixel),0.1,346
194,96,54,2,0.6689655172413793,0.9897959183673469,0.7983539094650206,0.6748979591836735,namibia,SSI (any-pixel),0.2,346
194,82,68,2,0.7028985507246377,0.9897959183673469,0.8220338983050847,0.7215646258503401,namibia,SSI (any-pixel),0.3,346
194,120,30,2,0.6178343949044586,0.9897959183673469,0.7607843137254902,0.5948979591836735,namibia,SSI (mean-SSI),0.1,346
194,106,44,2,0.6466666666666666,0.9897959183673469,0.782258064516129,0.6415646258503401,namibia,SSI (mean-SSI),0.2,346
194,87,63,2,0.6903914590747331,0.9897959183673469,0.8134171907756814,0.7048979591836735,namibia,SSI (mean-SSI),0.3,346
194,80,70,2,0.708029197080292,0.9897959183673469,0.825531914893617,0.7282312925170068,namibia,SSI (SpaceDef only),0.1,346
194,68,82,2,0.7404580152671756,0.9897959183673469,0.8471615720524018,0.7682312925170067,namibia,SSI (SpaceDef only),0.2,346
194,58,92,2,0.7698412698412699,0.9897959183673469,0.8660714285714286,0.8015646258503402,namibia,SSI (SpaceDef only),0.3,346
