TP,FP,TN,FN,precision,recall,F1,balanced_acc,country,Rule / Comparison,τ (threshold),n (blocks)
2114,674,321,358,0.7582496413199427,0.8551779935275081,0.8038022813688214,0.5888955294270706,republic_of_congo,SSI (any-pixel),0.1,3467
2113,619,376,359,0.7734260614934114,0.8547734627831716,0.8120676402767103,0.6163314550096762,republic_of_congo,SSI (any-pixel),0.2,3467
2106,563,432,366,0.7890595728737355,0.8519417475728155,0.8192958568371912,0.6430563009220861,republic_of_congo,SSI (any-pixel),0.3,3467
2114,675,320,358,0.7579777698099678,0.8551779935275081,0.8036494962934804,0.5883930168642566,republic_of_congo,SSI (mean-SSI),0.1,3467
2113,631,364,359,0.7700437317784257,0.8547734627831716,0.8101993865030674,0.6103013042559073,republic_of_congo,SSI (mean-SSI),0.2,3467
2107,571,424,365,0.7867811799850635,0.8523462783171522,0.8182524271844661,0.6392384657917419,republic_of_congo,SSI (mean-SSI),0.3,3467
1952,231,764,520,0.8941823179111315,0.7896440129449838,0.8386680988184748,0.7787416044624416,republic_of_congo,SSI (SpaceDef only),0.1,3467
1949,204,791,523,0.9052484904784023,0.7884304207119741,0.8428108108108109,0.7917026475419167,republic_of_congo,SSI (SpaceDef only),0.2,3467
1942,187,808,530,0.9121653358384217,0.7855987055016181,0.8441643121060639,0.7988295035045779,republic_of_congo,SSI (SpaceDef only),0.3,3467
