TP,FP,TN,FN,precision,recall,F1,balanced_acc,country,Rule / Comparison,τ (threshold),n (blocks)
11440,12164,2597,528,0.4846636163362142,0.9558823529411765,0.6432025188350388,0.5659094713015618,south_africa,SSI (any-pixel),0.1,26729
11412,10533,4228,556,0.5200273410799726,0.953542780748663,0.6730162474567275,0.6199866196948383,south_africa,SSI (any-pixel),0.2,26729
11349,8868,5893,619,0.5613592521145571,0.948278743315508,0.7052353580860649,0.6737532189580724,south_africa,SSI (any-pixel),0.3,26729
11440,12255,2506,528,0.4828022789618063,0.9558823529411765,0.6415612820009534,0.5628270243128753,south_africa,SSI (mean-SSI),0.1,26729
11416,10904,3857,552,0.5114695340501793,0.9538770053475936,0.6658889407372841,0.6075868327327358,south_africa,SSI (mean-SSI),0.2,26729
11362,9535,5226,606,0.5437144087668087,0.9493649732620321,0.6914346569298646,0.651703013695578,south_africa,SSI (mean-SSI),0.3,26729
11284,5859,8902,684,0.6582278481012658,0.9428475935828877,0.7752396001511456,0.772961632981404,south_africa,SSI (SpaceDef only),0.1,26729
11233,5102,9659,735,0.6876645240281604,0.9385862299465241,0.7937674451471576,0.7964728453438331,south_africa,SSI (SpaceDef only),0.2,26729
11128,4495,10266,840,0.7122831722460475,0.9298128342245989,0.8066398463267008,0.8126470850887239,south_africa,SSI (SpaceDef only),0.3,26729
