TP,FP,TN,FN,precision,recall,F1,balanced_acc,country,Rule / Comparison,τ (threshold),n (blocks)
2941,4953,896,265,0.3725614390676463,0.9173424828446662,0.5299099099099099,0.5352655310444907,tanzania,SSI (any-pixel),0.1,9055
2919,4682,1167,287,0.3840284173135114,0.9104803493449781,0.5402054224114,0.5550008175174198,tanzania,SSI (any-pixel),0.2,9055
2862,4248,1601,344,0.40253164556962023,0.8927011852776044,0.5548662272198526,0.5832115945194656,tanzania,SSI (any-pixel),0.3,9055
2941,4961,888,265,0.37218425715008857,0.9173424828446662,0.5295282679150162,0.5345816534585787,tanzania,SSI (mean-SSI),0.1,9055
2922,4705,1144,284,0.3831126261964075,0.9114160948222083,0.539462752700083,0.5535025421965376,tanzania,SSI (mean-SSI),0.2,9055
2866,4338,1511,340,0.39783453636868404,0.8939488459139114,0.550624399615754,0.5761418019961078,tanzania,SSI (mean-SSI),0.3,9055
2710,2015,3834,496,0.5735449735449736,0.8452900810979413,0.6833942756272853,0.750393373597355,tanzania,SSI (SpaceDef only),0.1,9055
2673,1691,4158,533,0.6125114573785518,0.8337492202121023,0.706208718626156,0.7723199853838765,tanzania,SSI (SpaceDef only),0.2,9055
2605,1434,4415,601,0.6449616241643972,0.8125389893948846,0.7191166321601105,0.7836844374226944,tanzania,SSI (SpaceDef only),0.3,9055
