TP,FP,TN,FN,precision,recall,F1,balanced_acc,country,Rule / Comparison,τ (threshold),n (blocks)
1560,2808,223,50,0.35714285714285715,0.968944099378882,0.5219136835061893,0.521258588785449,uganda,SSI (any-pixel),0.1,4641
1544,2698,333,66,0.363979255068364,0.9590062111801242,0.5276828434723172,0.5344354711459842,uganda,SSI (any-pixel),0.2,4641
1507,2500,531,103,0.3760918392812578,0.9360248447204969,0.5365853658536586,0.5556072755440161,uganda,SSI (any-pixel),0.3,4641
1560,2815,216,50,0.3565714285714286,0.968944099378882,0.5213032581453635,0.5201038543743635,uganda,SSI (mean-SSI),0.1,4641
1544,2711,320,66,0.36286721504112807,0.9590062111801242,0.5265132139812446,0.5322909643825399,uganda,SSI (mean-SSI),0.2,4641
1512,2553,478,98,0.3719557195571956,0.9391304347826087,0.5328634361233481,0.548417081462568,uganda,SSI (mean-SSI),0.3,4641
1410,1277,1754,200,0.5247487904726461,0.8757763975155279,0.6562718175471259,0.7272316497640325,uganda,SSI (SpaceDef only),0.1,4641
1370,1099,1932,240,0.5548805184285136,0.8509316770186336,0.6717332679578328,0.7441725359689011,uganda,SSI (SpaceDef only),0.2,4641
1312,966,2065,298,0.5759438103599649,0.8149068322981367,0.6748971193415638,0.7481000674192761,uganda,SSI (SpaceDef only),0.3,4641
