TP,FP,TN,FN,precision,recall,F1,balanced_acc,country,Rule / Comparison,τ (threshold),n (blocks)
513,1832,299,18,0.2187633262260128,0.9661016949152542,0.35674547983310156,0.5532057043323338,zambia,SSI (any-pixel),0.1,2662
509,1659,472,22,0.23477859778597787,0.9585687382297552,0.3771767321230085,0.59003049769301,zambia,SSI (any-pixel),0.2,2662
502,1454,677,29,0.25664621676891614,0.9453860640301318,0.40369923602734215,0.6315386444036158,zambia,SSI (any-pixel),0.3,2662
513,1836,295,18,0.21839080459770116,0.9661016949152542,0.35625,0.5522671778189598,zambia,SSI (mean-SSI),0.1,2662
509,1678,453,22,0.23273891175125744,0.9585687382297552,0.3745401030169242,0.5855724967544834,zambia,SSI (mean-SSI),0.2,2662
502,1516,615,29,0.2487611496531219,0.9453860640301318,0.3938799529227147,0.6169914834463188,zambia,SSI (mean-SSI),0.3,2662
493,539,1592,38,0.47771317829457366,0.928436911487759,0.6308381317978247,0.8377520080667327,zambia,SSI (SpaceDef only),0.1,2662
483,446,1685,48,0.5199138858988159,0.9096045197740112,0.6616438356164384,0.8501565536458042,zambia,SSI (SpaceDef only),0.2,2662
471,383,1748,60,0.5515222482435597,0.8870056497175142,0.68014440433213,0.8536389112031963,zambia,SSI (SpaceDef only),0.3,2662
